{"type":"FeatureCollection","crs":{"type":"name","properties":{"name":"EPSG:2193"}},"features":[{"type":"Feature","id":576981,"geometry":{"type":"Point","coordinates":[1464880,5171064]},"properties":{"OBJECTID":576981,"name":"Woolshed Creek Hut","place":"Hakatere Conservation Park","region":"Canterbury","bookable":"Yes","facilities":"Heating, Mattresses, Toilets - non-flush, Water from tap - not treated, boil before use, Water supply","hasAlerts":"Refer to DOC website for current alerts","introductionThumbnail":"https://www.doc.govt.nz/thumbs/large/link/20116bd613034b01858afbeb8be0880a.aspx","staticLink":"https://www.doc.govt.nz/link/ed0dfb9dc7a54f17905d1128d378c95b.aspx","locationString":"Hakatere Conservation Park","x":1464880,"y":5171064,"assetId":100062554,"dateLoadedToGIS":"Tue, 05 Aug 2025 08:37:29 GMT","GlobalID":"7a8f009a-76bd-49f5-ae3f-f1b5705e9695"}},{"type":"Feature","id":576982,"geometry":{"type":"Point","coordinates":[1579151,5362601]},"properties":{"OBJECTID":576982,"name":"Angelus Hut","place":"Nelson Lakes National Park","region":"Nelson/Tasman","bookable":"Yes","facilities":"Heating, Mattresses, Toilets - non-flush, Water from tap - not treated, boil before use, Water supply","hasAlerts":"Refer to DOC website for current alerts","introductionThumbnail":"https://www.doc.govt.nz/thumbs/large/link/4cd526c520c1484c851992b0d8e4d9c1.aspx","staticLink":"https://www.doc.govt.nz/link/fed663cc1eca4cdd9036423746e566c4.aspx","locationString":"Nelson Lakes National Park","x":1579151,"y":5362601,"assetId":100081275,"dateLoadedToGIS":"Tue, 05 Aug 2025 08:37:32 GMT","GlobalID":"c3169023-2e6c-4b4b-9dce-d731b81d21b3"}},{"type":"Feature","id":576983,"geometry":{"type":"Point","coordinates":[1533303,5387259]},"properties":{"OBJECTID":576983,"name":"Stern Valley Hut","place":"Mōkihinui River area","region":"West Coast","bookable":"Yes","facilities":"Cooking, Heating, Mattresses, Lighting, Toilets - non-flush, Water from tap - not treated, boil before use, Water supply","hasAlerts":"Refer to DOC website for current alerts","introductionThumbnail":"https://www.doc.govt.nz/thumbs/large/link/eb400f442f4d4c7297f089313184dc0c.aspx","staticLink":"https://www.doc.govt.nz/link/88af92cd1e9341ff851b4dce192923c9.aspx","locationString":"Mōkihinui River area","x":1533303,"y":5387259,"assetId":100097388,"dateLoadedToGIS":"Tue, 05 Aug 2025 08:37:32 GMT","GlobalID":"280bf751-07dd-4db9-a5e8-01b6803ed279"}},{"type":"Feature","id":576984,"geometry":{"type":"Point","coordinates":[1505460,5254671]},"properties":{"OBJECTID":576984,"name":"Trust/poulter Hut","place":"Arthur's Pass National Park","region":"Canterbury","bookable":"No","facilities":"Heating, Mattresses, Toilets - non-flush, Water from stream, Water supply","hasAlerts":"Refer to DOC website for current alerts","introductionThumbnail":"https://www.doc.govt.nz/thumbs/large/link/c2ee273655644e6da8e04ec88fa37360.jpg","staticLink":"https://www.doc.govt.nz/link/8fa63f7129084db291cc202bf1ca870f.aspx","locationString":"Arthur's Pass National Park","x":1505460,"y":5254671,"assetId":100075781,"dateLoadedToGIS":"Tue, 05 Aug 2025 08:37:33 GMT","GlobalID":"462afebb-956a-4211-8494-b98f196cc282"}},{"type":"Feature","id":576985,"geometry":{"type":"Point","coordinates":[1206669,4918012]},"properties":{"OBJECTID":576985,"name":"Lower Wairaki Hut","place":"Takitimu Conservation Area","region":"Southland","bookable":"No","facilities":"Heating, Mattresses, Toilets - non-flush, Water from tap - not treated, boil before use, Water supply","hasAlerts":"Refer to DOC website for current alerts","introductionThumbnail":"https://www.doc.govt.nz/thumbs/large/link/142d22c526874179ac69b8353dab5a78.jpg","staticLink":"https://www.doc.govt.nz/link/c7e9e18107ee4c259d43b25bd9e3937f.aspx","locationString":"Takitimu Conservation Area","x":1206669,"y":4918012,"assetId":100043825,"dateLoadedToGIS":"Tue, 05 Aug 2025 08:37:33 GMT","GlobalID":"3b47bf46-afc7-4fe9-9f34-999567d913c5"}},{"type":"Feature","id":576986,"geometry":{"type":"Point","coordinates":[1476326,5226976]},"properties":{"OBJECTID":576986,"name":"Old Basins Hut","place":"Craigieburn Forest Park","region":"Canterbury","bookable":"No","facilities":"Heating, Toilets - non-flush, Water from stream, Water supply","hasAlerts":"Refer to DOC website for current alerts","introductionThumbnail":"https://www.doc.govt.nz/thumbs/large/link/359fd77fd941421293a8475d13184c9d.aspx","staticLink":"https://www.doc.govt.nz/link/c96e936153a540eb8a3753cfaace0f0f.aspx","locationString":"Craigieburn Forest Park","x":1476326,"y":5226976,"assetId":100035123,"dateLoadedToGIS":"Tue, 05 Aug 2025 08:37:33 GMT","GlobalID":"308142a7-8c24-4033-baa1-52519d544bad"}},{"type":"Feature","id":576987,"geometry":{"type":"Point","coordinates":[1626651,5398178]},"properties":{"OBJECTID":576987,"name":"Lake Chalice Hut","place":"Mount Richmond Forest Park","region":"Marlborough","bookable":"No","facilities":"Heating, Mattresses, Toilets - non-flush, Water from stream, Water supply","hasAlerts":"Refer to DOC website for current alerts","introductionThumbnail":"https://www.doc.govt.nz/thumbs/large/link/5e49dba5cca846f3a71b6bcf679e1ada.jpg","staticLink":"https://www.doc.govt.nz/link/9ed9e7f571954052a01c24bc09c92118.aspx","locationString":"Mount Richmond Forest Park","x":1626651,"y":5398178,"assetId":100063990,"dateLoadedToGIS":"Tue, 05 Aug 2025 08:37:34 GMT","GlobalID":"42d9e055-fc86-479e-a46f-9705eb726815"}},{"type":"Feature","id":576988,"geometry":{"type":"Point","coordinates":[1871127,5582775]},"properties":{"OBJECTID":576988,"name":"Hinerua Hut","place":"Ruahine Forest Park","region":"Hawke’s Bay","bookable":"No","facilities":"Heating, Mattresses, Toilets - non-flush, Water from tap - not treated, boil before use, Water supply","hasAlerts":"Refer to DOC website for current alerts","introductionThumbnail":"https://www.doc.govt.nz/thumbs/large/link/2a83cebd33304cccb50fa037bb8cc24d.aspx","staticLink":"https://www.doc.govt.nz/link/acf2488fd9b04c1392c24e2d4d194b10.aspx","locationString":"Ruahine Forest Park","x":1871127,"y":5582775,"assetId":100055427,"dateLoadedToGIS":"Tue, 05 Aug 2025 08:37:34 GMT","GlobalID":"c0d0e683-fe0a-41f8-a393-5b04cb9c894d"}},{"type":"Feature","id":576989,"geometry":{"type":"Point","coordinates":[1294392,5132889]},"properties":{"OBJECTID":576989,"name":"Thomas River Hut","place":"Haast, Paringa and Moeraki rivers area","region":"West Coast","bookable":"No","facilities":"Heating, Mattresses, Toilets - non-flush, Water from stream, Water supply","hasAlerts":"Refer to DOC website for current alerts","introductionThumbnail":"https://www.doc.govt.nz/thumbs/large/link/002f4de49f144d749aa418540b1e089b.aspx","staticLink":"https://www.doc.govt.nz/link/0bbb5444b24d43b7b10c7912c1c4ce5f.aspx","locationString":"Haast, Paringa and Moeraki rivers area","x":1294392,"y":5132889,"assetId":100058783,"dateLoadedToGIS":"Tue, 05 Aug 2025 08:37:34 GMT","GlobalID":"5118ada2-2052-4939-85ea-74a57ed0dc0f"}},{"type":"Feature","id":576990,"geometry":{"type":"Point","coordinates":[1749170,5689106]},"properties":{"OBJECTID":576990,"name":"Rerekapa Hut","place":"Moki and Makino Conservation Areas","region":"Taranaki","bookable":"Yes","facilities":null,"hasAlerts":"Refer to DOC website for current alerts","introductionThumbnail":"https://www.doc.govt.nz/thumbs/large/link/e70de663bab74d06ba6e66317aca29e6.aspx","staticLink":"https://www.doc.govt.nz/link/a069e0c6a05b4498b71280f0e7c8610f.aspx","locationString":"Moki and Makino Conservation Areas","x":1749170,"y":5689106,"assetId":100043688,"dateLoadedToGIS":"Tue, 05 Aug 2025 08:37:34 GMT","GlobalID":"48f26bb3-7238-417c-bb10-a34f48919f77"}},{"type":"Feature","id":576991,"geometry":{"type":"Point","coordinates":[1753320,5650066]},"properties":{"OBJECTID":576991,"name":"Omaru Hut","place":"Whanganui National Park","region":"Manawatu/Whanganui","bookable":"No","facilities":"Heating, Mattresses, Toilets - non-flush, Water from tap - not treated, boil before use, Water supply","hasAlerts":"Refer to DOC website for current alerts","introductionThumbnail":"https://www.doc.govt.nz/thumbs/large/link/4baacb02eea9480688c2cf70a950071d.aspx","staticLink":"https://www.doc.govt.nz/link/e5001f1df9b544e1981d4aa5e518775b.aspx","locationString":"Whanganui National Park","x":1753320,"y":5650066,"assetId":100065713,"dateLoadedToGIS":"Tue, 05 Aug 2025 08:37:34 GMT","GlobalID":"b4e1a1b4-5ecd-4d7a-9553-fd6258a68766"}},{"type":"Feature","id":576992,"geometry":{"type":"Point","coordinates":[1174232,4937005]},"properties":{"OBJECTID":576992,"name":"Hope Arm Hut","place":"Fiordland National Park","region":"Fiordland","bookable":"No","facilities":"Heating, Mattresses, Toilets - non-flush, Water from tap - not treated, boil before use, Water supply","hasAlerts":"Refer to DOC website for current alerts","introductionThumbnail":"https://www.doc.govt.nz/thumbs/large/link/d5390eefe7c44b51921f4cc23266dc57.jpg","staticLink":"https://www.doc.govt.nz/link/32144a964abe4ad0a1a3b6c057236da5.aspx","locationString":"Fiordland National Park","x":1174232,"y":4937005,"assetId":100074713,"dateLoadedToGIS":"Tue, 05 Aug 2025 08:37:34 GMT","GlobalID":"7f2a34c6-f47e-4cb7-99bf-791533dc90bb"}},{"type":"Feature","id":576993,"geometry":{"type":"Point","coordinates":[1364328,5158637]},"properties":{"OBJECTID":576993,"name":"Sefton Bivouac","place":"Aoraki/Mount Cook National Park","region":"Canterbury","bookable":"No","facilities":"Toilets - non-flush, Water from tap - not treated, boil before use, Water supply","hasAlerts":"Refer to DOC website for current alerts","introductionThumbnail":"https://www.doc.govt.nz/thumbs/large/link/f83eb3ed58af459da83a2176831c2a09.jpg","staticLink":"https://www.doc.govt.nz/link/1b4054cd45c84813a7a3baa4c27c23c6.aspx","locationString":"Aoraki/Mount Cook National Park","x":1364328,"y":5158637,"assetId":100063446,"dateLoadedToGIS":"Tue, 05 Aug 2025 08:37:35 GMT","GlobalID":"0a014a97-31e4-48a8-b238-1e7c2da6f427"}},{"type":"Feature","id":576994,"geometry":{"type":"Point","coordinates":[2010763,5782381]},"properties":{"OBJECTID":576994,"name":"Mangakirikiri Hut","place":"Raukumara Conservation Park","region":"East Coast","bookable":"No","facilities":"Heating, Mattresses, Toilets - non-flush, Water from tap - not treated, boil before use, Water supply","hasAlerts":"Refer to DOC website for current alerts","introductionThumbnail":"https://www.doc.govt.nz/thumbs/large/link/ef0be26c2fc94a29abd1edc27fabf3b2.jpg","staticLink":"https://www.doc.govt.nz/link/8fb9dbc948a044a39ff29951c5300c49.aspx","locationString":"Raukumara Conservation Park","x":2010763,"y":5782381,"assetId":100065466,"dateLoadedToGIS":"Tue, 05 Aug 2025 08:37:35 GMT","GlobalID":"beb193a3-c163-4c1a-be07-0bce21bce9e3"}},{"type":"Feature","id":576995,"geometry":{"type":"Point","coordinates":[1615786,5371700]},"properties":{"OBJECTID":576995,"name":"Caves Hut","place":"Leatham Conservation Area","region":"Marlborough","bookable":"No","facilities":"Heating, Mattresses, Toilets - non-flush, Water from tap - not treated, boil before use, Water supply","hasAlerts":"Refer to DOC website for current alerts","introductionThumbnail":"https://www.doc.govt.nz/thumbs/large/link/237156cddbc748fe8c3dcc643805e321.jpg","staticLink":"https://www.doc.govt.nz/link/7ea514177d3643329ae9d88e2516fe01.aspx","locationString":"Leatham Conservation Area","x":1615786,"y":5371700,"assetId":100075556,"dateLoadedToGIS":"Tue, 05 Aug 2025 08:37:35 GMT","GlobalID":"f9b522a5-c026-4adc-8250-dc38f2d0db43"}},{"type":"Feature","id":576996,"geometry":{"type":"Point","coordinates":[1285321,5097839]},"properties":{"OBJECTID":576996,"name":"Siberia Hut","place":"Mount Aspiring National Park","region":"Otago","bookable":"Yes","facilities":"Heating, Mattresses, Toilets - non-flush, Water from tap - not treated, boil before use, Water supply","hasAlerts":"Refer to DOC website for current alerts","introductionThumbnail":"https://www.doc.govt.nz/thumbs/large/link/aee91e67aceb4e0995f00c3d6fa14016.jpg","staticLink":"https://www.doc.govt.nz/link/3e2405a1da5b419391e9a1d636297ed2.aspx","locationString":"Mount Aspiring National Park","x":1285321,"y":5097839,"assetId":100091403,"dateLoadedToGIS":"Tue, 05 Aug 2025 08:37:35 GMT","GlobalID":"55b8b93c-2617-4b1c-82c2-bb498626adc7"}},{"type":"Feature","id":576997,"geometry":{"type":"Point","coordinates":[1800695,5472482]},"properties":{"OBJECTID":576997,"name":"Mid Waiohine Hut","place":"Tararua Forest Park","region":"Wairarapa","bookable":"No","facilities":"Heating, Mattresses, Toilets - non-flush, Water from stream, Water supply","hasAlerts":"Refer to DOC website for current alerts","introductionThumbnail":"https://www.doc.govt.nz/thumbs/large/link/44906c678a644f8098f23717674e98ea.jpg","staticLink":"https://www.doc.govt.nz/link/50a9341d20c14994b05ee8352a61ff1c.aspx","locationString":"Tararua Forest Park","x":1800695,"y":5472482,"assetId":100061393,"dateLoadedToGIS":"Tue, 05 Aug 2025 08:37:35 GMT","GlobalID":"32a65d23-3cf0-43ed-a33d-e266661f1b86"}},{"type":"Feature","id":576998,"geometry":{"type":"Point","coordinates":[1418095.0634,4981854.5734]},"properties":{"OBJECTID":576998,"name":"Staircase Hut","place":"Moeraki area","region":"Otago","bookable":"Yes","facilities":"Heating, Mattresses, Toilets - non-flush, Water from tap - not treated, boil before use, Water supply","hasAlerts":"Refer to DOC website for current alerts","introductionThumbnail":"https://www.doc.govt.nz/thumbs/large/link/8ca00d2a76f443d697835df10bd358fd.jpg","staticLink":"https://www.doc.govt.nz/link/bce532ce94a64fab9c3e550d0801b028.aspx","locationString":"Moeraki area","x":1418095,"y":4981855,"assetId":100030357,"dateLoadedToGIS":"Tue, 05 Aug 2025 08:37:35 GMT","GlobalID":"abf8cc83-e12f-4ebc-805d-fc6b4ab505ad"}},{"type":"Feature","id":576999,"geometry":{"type":"Point","coordinates":[1767141,5422862]},"properties":{"OBJECTID":576999,"name":"Haurangi Hut","place":"Catchpool Valley & Ōrongorongo Valley","region":"Wellington/Kapiti","bookable":"Yes","facilities":"Cooking, Heating, Mattresses, Toilets - non-flush, Water from tap - not treated, boil before use, Water supply","hasAlerts":"Refer to DOC website for current alerts","introductionThumbnail":"https://www.doc.govt.nz/thumbs/large/link/89933d51b2a84e4199741235247529b0.jpg","staticLink":"https://www.doc.govt.nz/link/93d054bf63db484e8c46e83523f384f8.aspx","locationString":"Catchpool Valley & Ōrongorongo Valley","x":1767141,"y":5422862,"assetId":100086639,"dateLoadedToGIS":"Tue, 05 Aug 2025 08:37:36 GMT","GlobalID":"1b6bc9ac-e0f7-481a-bc1f-f3c1b18c5448"}},{"type":"Feature","id":577000,"geometry":{"type":"Point","coordinates":[1257747,5031541]},"properties":{"OBJECTID":577000,"name":"Bullendale Hut","place":"Skippers area","region":"Otago","bookable":"No","facilities":"Heating, Mattresses, Toilets - non-flush, Water from tap - not treated, boil before use, Water supply","hasAlerts":"Refer to DOC website for current alerts","introductionThumbnail":"https://www.doc.govt.nz/thumbs/large/link/abc13f6fc4ac407da7af252ed19cc067.jpg","staticLink":"https://www.doc.govt.nz/link/813ff31758d5481293ec3fb51238eb3f.aspx","locationString":"Skippers area","x":1257747,"y":5031541,"assetId":100043138,"dateLoadedToGIS":"Tue, 05 Aug 2025 08:37:36 GMT","GlobalID":"316556ee-2dc0-4092-b61c-ef05fe5519ba"}},{"type":"Feature","id":577001,"geometry":{"type":"Point","coordinates":[1797244,5459973]},"properties":{"OBJECTID":577001,"name":"Cone Hut","place":"Tararua Forest Park","region":"Wairarapa","bookable":"No","facilities":"Heating, Toilets - non-flush, Water from stream, Water supply","hasAlerts":"Refer to DOC website for current alerts","introductionThumbnail":"https://www.doc.govt.nz/thumbs/large/link/7d5798518453421bbf024488a4202e57.jpg","staticLink":"https://www.doc.govt.nz/link/3fa18916dcd64eaeb895543adb690237.aspx","locationString":"Tararua Forest Park","x":1797244,"y":5459973,"assetId":100060785,"dateLoadedToGIS":"Tue, 05 Aug 2025 08:37:36 GMT","GlobalID":"2c65c490-4d82-4277-acde-9eafc671e34f"}},{"type":"Feature","id":577002,"geometry":{"type":"Point","coordinates":[1542385,5223148]},"properties":{"OBJECTID":577002,"name":"Bob's Camp Bivvy","place":"Mount Thomas Forest Conservation Area","region":"Canterbury","bookable":"No","facilities":"Mattresses, Toilets - non-flush, Water from stream, Water supply","hasAlerts":"Refer to DOC website for current alerts","introductionThumbnail":"https://www.doc.govt.nz/thumbs/large/link/183d3071f00740e987b68e12f5c6b98e.aspx","staticLink":"https://www.doc.govt.nz/link/ddab9fbb3db34013ade3516699152411.aspx","locationString":"Mount Thomas Forest Conservation Area","x":1542385,"y":5223148,"assetId":100034980,"dateLoadedToGIS":"Tue, 05 Aug 2025 08:37:36 GMT","GlobalID":"0a2845ae-7dd5-4fc3-ac9a-b22648d8d247"}},{"type":"Feature","id":577003,"geometry":{"type":"Point","coordinates":[1930410,5707370]},"properties":{"OBJECTID":577003,"name":"Skips Hut (Whangatawhia)","place":"Whirinaki Te Pua-a-Tāne Conservation Park","region":"East Coast","bookable":"No","facilities":"Heating, Mattresses, Toilets - non-flush, Water from tap - not treated, boil before use, Water supply","hasAlerts":"Refer to DOC website for current alerts","introductionThumbnail":"https://www.doc.govt.nz/thumbs/large/link/049ac46d4b2244f38850433f2d21156f.jpg","staticLink":"https://www.doc.govt.nz/link/9aa679520db04f6592d13dcd938fe119.aspx","locationString":"Whirinaki Te Pua-a-Tāne Conservation Park","x":1930410,"y":5707370,"assetId":100033953,"dateLoadedToGIS":"Tue, 05 Aug 2025 08:37:36 GMT","GlobalID":"714ad5c1-cfdb-42b6-a393-72ee9ffd166c"}},{"type":"Feature","id":577004,"geometry":{"type":"Point","coordinates":[1172020,4997534]},"properties":{"OBJECTID":577004,"name":"Lake Hankinson Hut","place":"Fiordland National Park","region":"Fiordland","bookable":"No","facilities":"Heating, Mattresses, Toilets - non-flush, Water from tap - not treated, boil before use, Water supply","hasAlerts":"Refer to DOC website for current alerts","introductionThumbnail":"https://www.doc.govt.nz/thumbs/large/link/db36949326c54d53a1619ffa41154f25.jpg","staticLink":"https://www.doc.govt.nz/link/087a1745215542ee8613b5996d349e41.aspx","locationString":"Fiordland National Park","x":1172020,"y":4997534,"assetId":100058644,"dateLoadedToGIS":"Tue, 05 Aug 2025 08:37:37 GMT","GlobalID":"8ae98190-a169-4b1b-b7a6-a2b7cda9622c"}},{"type":"Feature","id":577005,"geometry":{"type":"Point","coordinates":[1811411,5488208]},"properties":{"OBJECTID":577005,"name":"Cattle Ridge Hut","place":"Tararua Forest Park","region":"Wairarapa","bookable":"No","facilities":"Heating, Mattresses, Toilets - non-flush, Water from tap - not treated, boil before use, Water supply","hasAlerts":"Refer to DOC website for current alerts","introductionThumbnail":"https://www.doc.govt.nz/thumbs/large/link/d7e54f42ed984b88999d506ef32a8884.aspx","staticLink":"https://www.doc.govt.nz/link/6f97be5435cf43f495bae2b50e314ae8.aspx","locationString":"Tararua Forest Park","x":1811411,"y":5488208,"assetId":100063395,"dateLoadedToGIS":"Tue, 05 Aug 2025 08:37:37 GMT","GlobalID":"70d021e1-8c0c-4850-8ec2-567c3d8ac683"}},{"type":"Feature","id":577006,"geometry":{"type":"Point","coordinates":[1170653,4926049]},"properties":{"OBJECTID":577006,"name":"North Borland Hut","place":"Fiordland National Park","region":"Fiordland","bookable":"No","facilities":"Toilets - non-flush, Water from stream, Water supply","hasAlerts":"Refer to DOC website for current alerts","introductionThumbnail":"https://www.doc.govt.nz/thumbs/large/link/5329f528af5147c3b6cda51f2ac23449.jpg","staticLink":"https://www.doc.govt.nz/link/22bbc8dac00a47d3a901b9ced6d035f9.aspx","locationString":"Fiordland National Park","x":1170653,"y":4926049,"assetId":100064964,"dateLoadedToGIS":"Tue, 05 Aug 2025 08:37:37 GMT","GlobalID":"bde2a825-904b-4893-858e-3f46d9670031"}},{"type":"Feature","id":577007,"geometry":{"type":"Point","coordinates":[1594845,5476469]},"properties":{"OBJECTID":577007,"name":"Awapoto Hut","place":"Abel Tasman National Park","region":"Nelson/Tasman","bookable":"No","facilities":"Heating, Mattresses, Toilets - non-flush, Water from tap - not treated, boil before use, Water supply","hasAlerts":"Refer to DOC website for current alerts","introductionThumbnail":"https://www.doc.govt.nz/thumbs/large/link/5a4cdae15ca04b1b8aec81f76ed51167.aspx","staticLink":"https://www.doc.govt.nz/link/32cb02c3c8274931b7dc279e4245625f.aspx","locationString":"Abel Tasman National Park","x":1594845,"y":5476469,"assetId":100064371,"dateLoadedToGIS":"Tue, 05 Aug 2025 08:37:37 GMT","GlobalID":"86904686-83cc-402e-948b-9c0b6e9d29b8"}},{"type":"Feature","id":577008,"geometry":{"type":"Point","coordinates":[1203888,4790512]},"properties":{"OBJECTID":577008,"name":"Homestead Hunters Hut","place":"Rakiura National Park","region":"Southland","bookable":"Yes","facilities":"Heating, Mattresses, Toilets - non-flush, Water from tap - not treated, boil before use, Water supply","hasAlerts":"Refer to DOC website for current alerts","introductionThumbnail":"https://www.doc.govt.nz/thumbs/large/link/7118c5ae7f8449b884808c000b4391b3.jpg","staticLink":"https://www.doc.govt.nz/link/466d2bef791f408ab3e6a040bdaf053d.aspx","locationString":"Rakiura National Park","x":1203888,"y":4790512,"assetId":100081526,"dateLoadedToGIS":"Tue, 05 Aug 2025 08:37:37 GMT","GlobalID":"2c8815db-2b61-4bff-8fac-ebd5fa36d5a9"}},{"type":"Feature","id":577009,"geometry":{"type":"Point","coordinates":[1657865,5336454]},"properties":{"OBJECTID":577009,"name":"Haycocks Bivvy","place":"Ka Whata Tu o Rakihouia Clarence","region":"Marlborough","bookable":"No","facilities":"Mattresses, Toilets - non-flush, Water from tap - not treated, boil before use, Water supply","hasAlerts":"Refer to DOC website for current alerts","introductionThumbnail":"https://www.doc.govt.nz/thumbs/large/link/181c79445ad942cdae6e5cb0b08e6027.jpg","staticLink":"https://www.doc.govt.nz/link/02a12b1c634042cd8d327593071a9918.aspx","locationString":"Ka Whata Tu o Rakihouia Clarence","x":1657865,"y":5336454,"assetId":100061789,"dateLoadedToGIS":"Tue, 05 Aug 2025 08:37:37 GMT","GlobalID":"53c78fcd-88b4-49e6-b77a-063359ae51df"}},{"type":"Feature","id":577010,"geometry":{"type":"Point","coordinates":[1447445,5232296]},"properties":{"OBJECTID":577010,"name":"Bluff Hut","place":"Kokatahi River - Whitcombe River area","region":"West Coast","bookable":"No","facilities":"Heating, Mattresses, Toilets - non-flush, Water from tap - not treated, boil before use, Water supply","hasAlerts":"Refer to DOC website for current alerts","introductionThumbnail":"https://www.doc.govt.nz/thumbs/large/link/ef97146c83a14f3aa21eae7aad84c6e1.jpg","staticLink":"https://www.doc.govt.nz/link/17d9b615946142a3b2a3f4f5c667a222.aspx","locationString":"Kokatahi River - Whitcombe River area","x":1447445,"y":5232296,"assetId":100081516,"dateLoadedToGIS":"Tue, 05 Aug 2025 08:37:38 GMT","GlobalID":"083734a2-0c9f-467b-a171-9b5e7ec45ef0"}},{"type":"Feature","id":577011,"geometry":{"type":"Point","coordinates":[1764767,5421003]},"properties":{"OBJECTID":577011,"name":"Boar Inn","place":"Catchpool Valley & Ōrongorongo Valley","region":"Wellington/Kapiti","bookable":"Yes","facilities":"Heating, Mattresses, Toilets - non-flush, Water from tap - not treated, boil before use, Water supply","hasAlerts":"Refer to DOC website for current alerts","introductionThumbnail":"https://www.doc.govt.nz/thumbs/large/link/52b54ebcaa4947b6b259f693cf8c3766.jpg","staticLink":"https://www.doc.govt.nz/link/10eed704d62b463d8e8446878a5a3f9c.aspx","locationString":"Catchpool Valley & Ōrongorongo Valley","x":1764767,"y":5421003,"assetId":100038519,"dateLoadedToGIS":"Tue, 05 Aug 2025 08:37:38 GMT","GlobalID":"5558b09a-d309-4def-b7c3-8d5e32262674"}},{"type":"Feature","id":577012,"geometry":{"type":"Point","coordinates":[1165180,4865748]},"properties":{"OBJECTID":577012,"name":"Port Craig School Hut","place":"Fiordland National Park","region":"Fiordland","bookable":"No","facilities":"Heating, Mattresses, Toilets - non-flush, Water from tap - not treated, boil before use, Water supply","hasAlerts":"Refer to DOC website for current alerts","introductionThumbnail":"https://www.doc.govt.nz/thumbs/large/link/91e595e4a2c2428492df63013039b362.aspx","staticLink":"https://www.doc.govt.nz/link/97aaabe5c8164be0bf696c0640dc67a4.aspx","locationString":"Fiordland National Park","x":1165180,"y":4865748,"assetId":100058615,"dateLoadedToGIS":"Tue, 05 Aug 2025 08:37:38 GMT","GlobalID":"de71c9d8-b1ed-45c7-b22c-fc23cfaf9a35"}},{"type":"Feature","id":577013,"geometry":{"type":"Point","coordinates":[1841252.9681,5897025.324]},"properties":{"OBJECTID":577013,"name":"Pinnacles Hut","place":"Coromandel Forest Park","region":"Coromandel","bookable":"Yes","facilities":"Cooking, Heating, Mattresses, Lighting, Toilets - non-flush, Water from tap - not treated, boil before use, Water supply","hasAlerts":"Refer to DOC website for current alerts","introductionThumbnail":"https://www.doc.govt.nz/thumbs/large/link/6dea44f87e3f4b8b8c1e13d6edbe3b95.aspx","staticLink":"https://www.doc.govt.nz/link/57eaa8e0a7bf418cabcd237bf943816e.aspx","locationString":"Coromandel Forest Park","x":1841253,"y":5897025,"assetId":100043353,"dateLoadedToGIS":"Tue, 05 Aug 2025 08:37:38 GMT","GlobalID":"7faaccd5-07b6-42a5-9602-d61e8363d635"}},{"type":"Feature","id":577014,"geometry":{"type":"Point","coordinates":[1878795,5602983]},"properties":{"OBJECTID":577014,"name":"Parks Peak Hut","place":"Ruahine Forest Park","region":"Manawatu/Whanganui","bookable":"No","facilities":"Heating, Mattresses, Toilets - non-flush, Water from tap - not treated, boil before use, Water supply","hasAlerts":"Refer to DOC website for current alerts","introductionThumbnail":"https://www.doc.govt.nz/thumbs/large/link/49600bb46d9e4db0ab32e92f803db626.aspx","staticLink":"https://www.doc.govt.nz/link/b629fca3f86e45d7a4083227a3a9c36b.aspx","locationString":"Ruahine Forest Park","x":1878795,"y":5602983,"assetId":100073013,"dateLoadedToGIS":"Tue, 05 Aug 2025 08:37:38 GMT","GlobalID":"26e0a9ce-3c11-469f-874a-45e49495330e"}},{"type":"Feature","id":577015,"geometry":{"type":"Point","coordinates":[1577866.8484,5353310.7462]},"properties":{"OBJECTID":577015,"name":"Cupola Hut","place":"Nelson Lakes National Park","region":"Nelson/Tasman","bookable":"No","facilities":"Heating, Mattresses, Toilets - non-flush, Water from tap - not treated, boil before use, Water supply","hasAlerts":"Refer to DOC website for current alerts","introductionThumbnail":"https://www.doc.govt.nz/thumbs/large/link/ab2f7b8a71ca4bddbf68fcbb8f65493a.jpg","staticLink":"https://www.doc.govt.nz/link/cf11ce41660d42ccbd20804e48638f23.aspx","locationString":"Nelson Lakes National Park","x":1577867,"y":5353311,"assetId":100061503,"dateLoadedToGIS":"Tue, 05 Aug 2025 08:37:38 GMT","GlobalID":"56b11752-6cbf-41a4-b8ea-54fb27bbe44f"}},{"type":"Feature","id":577016,"geometry":{"type":"Point","coordinates":[1257248,5071490]},"properties":{"OBJECTID":577016,"name":"French Ridge Hut","place":"Matukituki Valley area","region":"Otago","bookable":"Yes","facilities":"Mattresses, Lighting, Toilets - non-flush, Water from tap - not treated, boil before use, Water supply","hasAlerts":"Refer to DOC website for current alerts","introductionThumbnail":"https://www.doc.govt.nz/thumbs/large/link/ed5339585e774681b764187afe12ba21.jpg","staticLink":"https://www.doc.govt.nz/link/af310f0f639a4b76a7b69998e5400c98.aspx","locationString":"Matukituki Valley area","x":1257248,"y":5071490,"assetId":100043119,"dateLoadedToGIS":"Tue, 05 Aug 2025 08:37:39 GMT","GlobalID":"09f94dc5-1259-42b3-a186-d17bde0f4080"}},{"type":"Feature","id":577017,"geometry":{"type":"Point","coordinates":[1806817,5472972]},"properties":{"OBJECTID":577017,"name":"Atiwhakatu Hut","place":"Holdsworth area","region":"Wairarapa","bookable":"Yes","facilities":"Heating, Mattresses, Toilets - non-flush, Water from tap - not treated, boil before use, Water supply","hasAlerts":"Refer to DOC website for current alerts","introductionThumbnail":"https://www.doc.govt.nz/thumbs/large/link/d8bc2bbe5c8d4da8a561465b60956c78.jpg","staticLink":"https://www.doc.govt.nz/link/54de54e366e342648d9b46d7439c2aa5.aspx","locationString":"Holdsworth area","x":1806817,"y":5472972,"assetId":100082084,"dateLoadedToGIS":"Tue, 05 Aug 2025 08:37:39 GMT","GlobalID":"05aea47f-c196-4f37-9464-3bc96670e4a8"}},{"type":"Feature","id":577018,"geometry":{"type":"Point","coordinates":[1490861,5260158]},"properties":{"OBJECTID":577018,"name":"Pfeifer Bivvy","place":"Arthur's Pass National Park","region":"West Coast","bookable":"No","facilities":"Mattresses, Toilets - non-flush, Water from stream, Water supply","hasAlerts":"Refer to DOC website for current alerts","introductionThumbnail":"https://www.doc.govt.nz/thumbs/large/link/e2405c46788b4591a47e394db3d15375.jpg","staticLink":"https://www.doc.govt.nz/link/eb6167983906410c9bac9b9424c2a0b4.aspx","locationString":"Arthur's Pass National Park","x":1490861,"y":5260158,"assetId":100037933,"dateLoadedToGIS":"Tue, 05 Aug 2025 08:37:39 GMT","GlobalID":"24b62f5b-9bbc-45b2-9afe-c407490ad928"}},{"type":"Feature","id":577019,"geometry":{"type":"Point","coordinates":[1384965,5031971]},"properties":{"OBJECTID":577019,"name":"Hut Creek Hut","place":"Oteake Conservation Park","region":"Otago","bookable":"No","facilities":"Heating, Mattresses, Toilets - non-flush, Water from stream, Water supply","hasAlerts":"Refer to DOC website for current alerts","introductionThumbnail":"https://www.doc.govt.nz/thumbs/large/link/fb30336adf514ef4a61b968c69fdcc8d.aspx","staticLink":"https://www.doc.govt.nz/link/05ee24da20bb45fb8cd77abf5acda9ea.aspx","locationString":"Oteake Conservation Park","x":1384965,"y":5031971,"assetId":100085248,"dateLoadedToGIS":"Tue, 05 Aug 2025 08:37:39 GMT","GlobalID":"cfae7432-2907-421e-b6da-7e9d076754ce"}},{"type":"Feature","id":577020,"geometry":{"type":"Point","coordinates":[1473428,5242473]},"properties":{"OBJECTID":577020,"name":"Carrington Hut","place":"Arthur's Pass National Park","region":"Canterbury","bookable":"No","facilities":"Heating, Mattresses, Toilets - non-flush, Water from tap - not treated, boil before use, Water supply","hasAlerts":"Refer to DOC website for current alerts","introductionThumbnail":"https://www.doc.govt.nz/thumbs/large/link/5d36e14f13bf43f9b4029236269bc4e7.jpg","staticLink":"https://www.doc.govt.nz/link/88f5b1e015b54e2ca6dd05944f980277.aspx","locationString":"Arthur's Pass National Park","x":1473428,"y":5242473,"assetId":100062738,"dateLoadedToGIS":"Tue, 05 Aug 2025 08:37:39 GMT","GlobalID":"f93421c9-0302-443f-bff3-e1e0fb253ae2"}},{"type":"Feature","id":577021,"geometry":{"type":"Point","coordinates":[1782813,5462486]},"properties":{"OBJECTID":577021,"name":"Renata Hut ","place":"Tararua Forest Park","region":"Wellington/Kapiti","bookable":"No","facilities":"Heating, Toilets - non-flush, Water from tap - not treated, boil before use, Water supply","hasAlerts":"Refer to DOC website for current alerts","introductionThumbnail":"https://www.doc.govt.nz/thumbs/large/link/30bfcd48b472456884bd629730bd385e.aspx","staticLink":"https://www.doc.govt.nz/link/e31b5c9f116649bf81534a06a6be2a60.aspx","locationString":"Tararua Forest Park","x":1782813,"y":5462486,"assetId":100061350,"dateLoadedToGIS":"Tue, 05 Aug 2025 08:37:40 GMT","GlobalID":"13593e70-ff20-4315-ba85-11a16bf76bb5"}},{"type":"Feature","id":577022,"geometry":{"type":"Point","coordinates":[1857769,5810392]},"properties":{"OBJECTID":577022,"name":"Hurunui Hut","place":"Kaimai Mamaku Conservation Park","region":"Bay of Plenty","bookable":"No","facilities":"Mattresses, Toilets - non-flush, Water from stream, Water supply","hasAlerts":"Refer to DOC website for current alerts","introductionThumbnail":"https://www.doc.govt.nz/thumbs/large/link/4c008d1b17ae485cb726882ebad61bab.aspx","staticLink":"https://www.doc.govt.nz/link/c31aa36fcd0e4dd6817bd8fb223a055e.aspx","locationString":"Kaimai Mamaku Conservation Park","x":1857769,"y":5810392,"assetId":100072925,"dateLoadedToGIS":"Tue, 05 Aug 2025 08:37:40 GMT","GlobalID":"097802ad-4f93-4470-aa97-4f30309775e9"}},{"type":"Feature","id":577023,"geometry":{"type":"Point","coordinates":[1621130,5373506]},"properties":{"OBJECTID":577023,"name":"Boulder Forks Hut","place":"Leatham Conservation Area","region":"Marlborough","bookable":"No","facilities":"Heating, Mattresses, Toilets - non-flush, Water from stream, Water supply","hasAlerts":"Refer to DOC website for current alerts","introductionThumbnail":"https://www.doc.govt.nz/thumbs/large/link/bf31be96c03f472fa0302ae13b232c30.jpg","staticLink":"https://www.doc.govt.nz/link/5395e3a108324938933a0cd56d887942.aspx","locationString":"Leatham Conservation Area","x":1621130,"y":5373506,"assetId":100039174,"dateLoadedToGIS":"Tue, 05 Aug 2025 08:37:40 GMT","GlobalID":"b4b09594-76d7-479b-be61-13592a80196e"}},{"type":"Feature","id":577024,"geometry":{"type":"Point","coordinates":[1870488.5062,5592504.5146]},"properties":{"OBJECTID":577024,"name":"Top Maropea Hut","place":"Ruahine Forest Park","region":"Manawatu/Whanganui","bookable":"No","facilities":"Heating, Mattresses, Toilets - non-flush, Water from tap - not treated, boil before use, Water supply","hasAlerts":"Refer to DOC website for current alerts","introductionThumbnail":"https://www.doc.govt.nz/thumbs/large/link/883ce9a70203445294ed7a23af048c8f.aspx","staticLink":"https://www.doc.govt.nz/link/919949f6982b4030aefb0cec064b7eb8.aspx","locationString":"Ruahine Forest Park","x":1870489,"y":5592505,"assetId":100072310,"dateLoadedToGIS":"Tue, 05 Aug 2025 08:37:40 GMT","GlobalID":"453e19ea-5477-4e91-8286-a06fd186f46d"}},{"type":"Feature","id":577025,"geometry":{"type":"Point","coordinates":[1800399,5479592]},"properties":{"OBJECTID":577025,"name":"Nichols Hut","place":"Tararua Forest Park","region":"Wairarapa","bookable":"No","facilities":"Heating, Mattresses, Toilets - non-flush, Water from tap - not treated, boil before use, Water supply","hasAlerts":"Refer to DOC website for current alerts","introductionThumbnail":"https://www.doc.govt.nz/thumbs/large/link/eeb6a5de30bd4dd7b2edffef398d36ff.jpg","staticLink":"https://www.doc.govt.nz/link/6e969bfdc564437bbff66a881b21244d.aspx","locationString":"Tararua Forest Park","x":1800399,"y":5479592,"assetId":100075537,"dateLoadedToGIS":"Tue, 05 Aug 2025 08:37:40 GMT","GlobalID":"bf170676-1459-458c-a7ff-5867bc3dffef"}},{"type":"Feature","id":577026,"geometry":{"type":"Point","coordinates":[1890115.6813,5644414.7859]},"properties":{"OBJECTID":577026,"name":"Studholme Saddle Hut","place":"Kaweka Forest Park","region":"Hawke’s Bay","bookable":"No","facilities":"Heating, Mattresses, Toilets - non-flush, Water from stream, Water supply","hasAlerts":"Refer to DOC website for current alerts","introductionThumbnail":"https://www.doc.govt.nz/thumbs/large/link/f02f6a0e8cd4402fa9eae1c948e3645a.aspx","staticLink":"https://www.doc.govt.nz/link/2c1ecd77966c41a3aac6d900e818ecc0.aspx","locationString":"Kaweka Forest Park","x":1890116,"y":5644415,"assetId":100055181,"dateLoadedToGIS":"Tue, 05 Aug 2025 08:37:40 GMT","GlobalID":"ae567b5a-3e30-4443-b0e3-e5494dac311c"}},{"type":"Feature","id":577027,"geometry":{"type":"Point","coordinates":[1794459,5477450]},"properties":{"OBJECTID":577027,"name":"Waitewaewae Hut","place":"Ōtaki Forks area","region":"Wellington/Kapiti","bookable":"No","facilities":"Heating, Mattresses, Toilets - non-flush, Water from tap - not treated, boil before use, Water supply","hasAlerts":"Refer to DOC website for current alerts","introductionThumbnail":"https://www.doc.govt.nz/thumbs/large/link/1254f6bafe554e1b86b200bb58cb81a2.jpg","staticLink":"https://www.doc.govt.nz/link/4e1856fd54044be991707b85d4f9fd0a.aspx","locationString":"Ōtaki Forks area","x":1794459,"y":5477450,"assetId":100065710,"dateLoadedToGIS":"Tue, 05 Aug 2025 08:37:41 GMT","GlobalID":"a4292248-02ad-4d3e-897c-9608f7ef83a9"}},{"type":"Feature","id":577028,"geometry":{"type":"Point","coordinates":[1467998,5195378]},"properties":{"OBJECTID":577028,"name":"A Frame Hut","place":"Hakatere Conservation Park","region":"Canterbury","bookable":"No","facilities":"Mattresses, Toilets - non-flush, Water from stream, Water supply","hasAlerts":"Refer to DOC website for current alerts","introductionThumbnail":"https://www.doc.govt.nz/thumbs/large/link/431d3790d75e460bae03cc53b2508fbe.aspx","staticLink":"https://www.doc.govt.nz/link/8a09c4645ba44b39935b1d9cee6bd4c7.aspx","locationString":"Hakatere Conservation Park","x":1467998,"y":5195378,"assetId":100030126,"dateLoadedToGIS":"Tue, 05 Aug 2025 08:37:41 GMT","GlobalID":"46bb009a-6bdd-4900-81fc-9f35d1a6183d"}},{"type":"Feature","id":577029,"geometry":{"type":"Point","coordinates":[1254988,5071088]},"properties":{"OBJECTID":577029,"name":"Liverpool Hut","place":"Matukituki Valley area","region":"Otago","bookable":"Yes","facilities":"Mattresses, Toilets - non-flush, Water from tap - not treated, boil before use, Water supply","hasAlerts":"Refer to DOC website for current alerts","introductionThumbnail":"https://www.doc.govt.nz/thumbs/large/link/4e9a15f1b749410a903b720e7ba66703.aspx","staticLink":"https://www.doc.govt.nz/link/1b7633b7c9de4b85883b5cebe7d675ac.aspx","locationString":"Matukituki Valley area","x":1254988,"y":5071088,"assetId":100080906,"dateLoadedToGIS":"Tue, 05 Aug 2025 08:37:41 GMT","GlobalID":"f1c75162-f6d0-4eee-9c3d-d53c5351e137"}},{"type":"Feature","id":577030,"geometry":{"type":"Point","coordinates":[1561562,5467514]},"properties":{"OBJECTID":577030,"name":"Adelaide Tarn Hut","place":"Kahurangi National Park","region":"Nelson/Tasman","bookable":"No","facilities":"Toilets - non-flush, Water from stream, Water supply","hasAlerts":"Refer to DOC website for current alerts","introductionThumbnail":"https://www.doc.govt.nz/thumbs/large/link/414fb935fce046fdb070a580db0b57a8.jpg","staticLink":"https://www.doc.govt.nz/link/d9364f0b44224fdc94b7ec255fdabe77.aspx","locationString":"Kahurangi National Park","x":1561562,"y":5467514,"assetId":100075879,"dateLoadedToGIS":"Tue, 05 Aug 2025 08:37:41 GMT","GlobalID":"3453cc8e-42dd-4a69-a9a8-4db144ce81e2"}},{"type":"Feature","id":577031,"geometry":{"type":"Point","coordinates":[1499993,5263535]},"properties":{"OBJECTID":577031,"name":"Townsend Hut","place":"Arthur's Pass National Park","region":"West Coast","bookable":"No","facilities":"Mattresses, Toilets - non-flush, Water from tap - not treated, boil before use, Water supply","hasAlerts":"Refer to DOC website for current alerts","introductionThumbnail":"https://www.doc.govt.nz/thumbs/large/link/f9d2a50ecde54ba6ba221d81a2b1d255.jpg","staticLink":"https://www.doc.govt.nz/link/4c36966321044235a45bb4dbbdc203ad.aspx","locationString":"Arthur's Pass National Park","x":1499993,"y":5263535,"assetId":100034580,"dateLoadedToGIS":"Tue, 05 Aug 2025 08:37:41 GMT","GlobalID":"a3620eb5-e729-4e75-a5eb-3ae5c57c6ecf"}},{"type":"Feature","id":577032,"geometry":{"type":"Point","coordinates":[1868130,5594793]},"properties":{"OBJECTID":577032,"name":"Wakelings Hut","place":"Ruahine Forest Park","region":"Manawatu/Whanganui","bookable":"No","facilities":"Heating, Mattresses, Toilets - non-flush, Water from stream, Water supply","hasAlerts":"Refer to DOC website for current alerts","introductionThumbnail":"https://www.doc.govt.nz/thumbs/large/link/265b6c32f7b44655b1e6d4fc763cacd0.jpg","staticLink":"https://www.doc.govt.nz/link/8c193bc45a6045db9f8b364fac810029.aspx","locationString":"Ruahine Forest Park","x":1868130,"y":5594793,"assetId":100054928,"dateLoadedToGIS":"Tue, 05 Aug 2025 08:37:41 GMT","GlobalID":"6d159e6d-701e-40a1-b762-95c0864409e8"}},{"type":"Feature","id":577033,"geometry":{"type":"Point","coordinates":[1542630,5416839]},"properties":{"OBJECTID":577033,"name":"Taipo Hut","place":"Kahurangi National Park","region":"Nelson/Tasman","bookable":"No","facilities":"Heating, Mattresses, Toilets - non-flush, Water from tap - not treated, boil before use, Water supply","hasAlerts":"Refer to DOC website for current alerts","introductionThumbnail":"https://www.doc.govt.nz/thumbs/large/link/4eae6759ad7b4ea5b7b4f0c2eb887e0b.jpg","staticLink":"https://www.doc.govt.nz/link/941d30f258e1486a89cdf5d0c91a872d.aspx","locationString":"Kahurangi National Park","x":1542630,"y":5416839,"assetId":100034874,"dateLoadedToGIS":"Tue, 05 Aug 2025 08:37:41 GMT","GlobalID":"dc204228-5d8c-41ef-b083-9996db712a81"}},{"type":"Feature","id":577034,"geometry":{"type":"Point","coordinates":[1813883,5500310]},"properties":{"OBJECTID":577034,"name":"Burn Hut","place":"Tararua Forest Park","region":"Wellington/Kapiti","bookable":"No","facilities":"Mattresses, Toilets - non-flush, Water from tap - not treated, boil before use, Water supply","hasAlerts":"Refer to DOC website for current alerts","introductionThumbnail":"https://www.doc.govt.nz/thumbs/large/link/de5c5f4d53f242b3b9629399b327c796.aspx","staticLink":"https://www.doc.govt.nz/link/5b33a65231d847fcbbb84344559f19be.aspx","locationString":"Tararua Forest Park","x":1813883,"y":5500310,"assetId":100059757,"dateLoadedToGIS":"Tue, 05 Aug 2025 08:37:42 GMT","GlobalID":"e92a54c3-3091-4c7b-bc05-c6c2693e8a32"}},{"type":"Feature","id":577035,"geometry":{"type":"Point","coordinates":[1476239,5261827]},"properties":{"OBJECTID":577035,"name":"Dillon Hut","place":"Kelly Range – Styx River area","region":"West Coast","bookable":"No","facilities":"Heating, Mattresses, Toilets - non-flush, Water from tap - not treated, boil before use, Water supply","hasAlerts":"Refer to DOC website for current alerts","introductionThumbnail":"https://www.doc.govt.nz/thumbs/large/link/860af71f7de8434fb1ae68c1882cc461.jpg","staticLink":"https://www.doc.govt.nz/link/6f2daa6265ae4eeaa06cc6b40bbad165.aspx","locationString":"Kelly Range – Styx River area","x":1476239,"y":5261827,"assetId":100000803,"dateLoadedToGIS":"Tue, 05 Aug 2025 08:37:42 GMT","GlobalID":"d77b6d53-4429-4fde-a88f-d12d8b397298"}},{"type":"Feature","id":577036,"geometry":{"type":"Point","coordinates":[1604100,5360000]},"properties":{"OBJECTID":577036,"name":"Bottom Misery Hut","place":"Leatham Conservation Area","region":"Marlborough","bookable":"No","facilities":"Heating, Mattresses, Toilets - non-flush, Water from stream, Water supply","hasAlerts":"Refer to DOC website for current alerts","introductionThumbnail":"https://www.doc.govt.nz/thumbs/large/link/98f91646d34d4fd3b9fea5393d266304.jpg","staticLink":"https://www.doc.govt.nz/link/ad59d2705bbd47808300fcef46ef4f18.aspx","locationString":"Leatham Conservation Area","x":1604100,"y":5360000,"assetId":100064269,"dateLoadedToGIS":"Tue, 05 Aug 2025 08:37:42 GMT","GlobalID":"bcd5b868-aaa4-4d6d-ba7b-69745e392a8c"}},{"type":"Feature","id":577037,"geometry":{"type":"Point","coordinates":[1805833,5492603]},"properties":{"OBJECTID":577037,"name":"Mangahao Flats Hut","place":"Tararua Forest Park","region":"Wellington/Kapiti","bookable":"No","facilities":"Heating, Mattresses, Toilets - non-flush, Water from tap - not treated, boil before use, Water supply","hasAlerts":"Refer to DOC website for current alerts","introductionThumbnail":"https://www.doc.govt.nz/thumbs/large/link/6fc477b2ad794423adfe506d68c265c6.JPG","staticLink":"https://www.doc.govt.nz/link/311f0883c5b14756ac708fbfb62c7aa7.aspx","locationString":"Tararua Forest Park","x":1805833,"y":5492603,"assetId":100075605,"dateLoadedToGIS":"Tue, 05 Aug 2025 08:37:42 GMT","GlobalID":"8d3d05dd-735e-45e6-86dc-6ef3ed232891"}},{"type":"Feature","id":577038,"geometry":{"type":"Point","coordinates":[1823200,5648600]},"properties":{"OBJECTID":577038,"name":"Whangaehu Hut","place":"Tongariro National Park","region":"Central North Island","bookable":"Yes","facilities":"Mattresses, Toilets - non-flush, Water from tap - not treated, boil before use, Water supply","hasAlerts":"Refer to DOC website for current alerts","introductionThumbnail":"https://www.doc.govt.nz/thumbs/large/link/01534060f1f242c1b120e21ad52b4e3d.aspx","staticLink":"https://www.doc.govt.nz/link/242cb77a259b4571a54db5c7c289b1e9.aspx","locationString":"Tongariro National Park","x":1823200,"y":5648600,"assetId":100041250,"dateLoadedToGIS":"Tue, 05 Aug 2025 08:37:42 GMT","GlobalID":"bd858533-de87-40e5-894d-bbe18ce665b7"}},{"type":"Feature","id":577039,"geometry":{"type":"Point","coordinates":[1824413,5663967]},"properties":{"OBJECTID":577039,"name":"Mangatepopo Hut","place":"Tongariro National Park","region":"Central North Island","bookable":"Yes","facilities":"Cooking, Heating, Mattresses, Toilets - non-flush, Water from tap - not treated, boil before use, Water supply","hasAlerts":"Refer to DOC website for current alerts","introductionThumbnail":"https://www.doc.govt.nz/thumbs/large/link/2a985e860cc84da09674610c61109f7b.aspx","staticLink":"https://www.doc.govt.nz/link/3aad802a585e496ba8fdd614ddf1b377.aspx","locationString":"Tongariro National Park","x":1824413,"y":5663967,"assetId":100000537,"dateLoadedToGIS":"Tue, 05 Aug 2025 08:37:42 GMT","GlobalID":"5b005214-6283-4ee1-8c6b-ff6e08a43b18"}},{"type":"Feature","id":577040,"geometry":{"type":"Point","coordinates":[1884086,5597140]},"properties":{"OBJECTID":577040,"name":"Poutaki Hut","place":"Ruahine Forest Park","region":"Hawke’s Bay","bookable":"No","facilities":"Heating, Toilets - non-flush, Water from tap - not treated, boil before use, Water supply","hasAlerts":"Refer to DOC website for current alerts","introductionThumbnail":"https://www.doc.govt.nz/thumbs/large/link/0412cda893974b3eb30ab25fab9e72c8.aspx","staticLink":"https://www.doc.govt.nz/link/43d5f6b8ce4241bfb877ba7fdd6f8786.aspx","locationString":"Ruahine Forest Park","x":1884086,"y":5597140,"assetId":100072002,"dateLoadedToGIS":"Tue, 05 Aug 2025 08:37:42 GMT","GlobalID":"f69c5514-94d5-42e3-83dc-3584fafb867d"}},{"type":"Feature","id":577041,"geometry":{"type":"Point","coordinates":[1978295,5748264]},"properties":{"OBJECTID":577041,"name":"Kotepato Hut","place":"Ōpōtiki area","region":"East Coast","bookable":"No","facilities":"Heating, Mattresses, Toilets - non-flush, Water from tap - not treated, boil before use, Water supply","hasAlerts":"Refer to DOC website for current alerts","introductionThumbnail":"https://www.doc.govt.nz/thumbs/large/link/aaab6ad1083344e79c817cdce59ec848.jpg","staticLink":"https://www.doc.govt.nz/link/1262af7cc1c243928f16883e050d2b32.aspx","locationString":"Ōpōtiki area","x":1978295,"y":5748264,"assetId":100072735,"dateLoadedToGIS":"Tue, 05 Aug 2025 08:37:43 GMT","GlobalID":"3b48820c-8a85-446e-a777-7d948913abee"}},{"type":"Feature","id":577042,"geometry":{"type":"Point","coordinates":[1111145,4872757]},"properties":{"OBJECTID":577042,"name":"Te Oneroa A-Frame Hut","place":"Fiordland National Park","region":"Fiordland","bookable":"No","facilities":"Toilets - non-flush, Water from stream, Water supply","hasAlerts":"Refer to DOC website for current alerts","introductionThumbnail":"https://www.doc.govt.nz/thumbs/large/link/7a19c7c56b974811bf7f566022e5e6fc.jpg","staticLink":"https://www.doc.govt.nz/link/ce333a20ba44472ba08c74288596d511.aspx","locationString":"Fiordland National Park","x":1111145,"y":4872757,"assetId":100062000,"dateLoadedToGIS":"Tue, 05 Aug 2025 08:37:43 GMT","GlobalID":"3bb78fce-c496-4453-ac74-be5e8bdefa3e"}},{"type":"Feature","id":577043,"geometry":{"type":"Point","coordinates":[1477554.6466,5255778.7704]},"properties":{"OBJECTID":577043,"name":"Hunts Creek Hut","place":"Arthur's Pass National Park","region":"West Coast","bookable":"No","facilities":"Heating, Mattresses, Toilets - non-flush, Water from tap - not treated, boil before use, Water supply","hasAlerts":"Refer to DOC website for current alerts","introductionThumbnail":"https://www.doc.govt.nz/thumbs/large/link/adc86db19ea34d6ea99c537ea969e7f0.aspx","staticLink":"https://www.doc.govt.nz/link/e3c458e0877a4a07a8210f770fb958c3.aspx","locationString":"Arthur's Pass National Park","x":1477555,"y":5255779,"assetId":100034620,"dateLoadedToGIS":"Tue, 05 Aug 2025 08:37:43 GMT","GlobalID":"648344b6-eb3e-41ac-928e-ce31009056fd"}},{"type":"Feature","id":577044,"geometry":{"type":"Point","coordinates":[1801583,5464482]},"properties":{"OBJECTID":577044,"name":"Sayer Hut","place":"Tararua Forest Park","region":"Wairarapa","bookable":"No","facilities":"Heating, Mattresses, Toilets - non-flush, Water from tap - not treated, boil before use, Water supply","hasAlerts":"Refer to DOC website for current alerts","introductionThumbnail":"https://www.doc.govt.nz/thumbs/large/link/44bdbce8068844f9bbb8d7f2347448e1.aspx","staticLink":"https://www.doc.govt.nz/link/0394ca71a66b406e8018f0c8c5f6301a.aspx","locationString":"Tararua Forest Park","x":1801583,"y":5464482,"assetId":100075611,"dateLoadedToGIS":"Tue, 05 Aug 2025 08:37:43 GMT","GlobalID":"ff64071c-e71b-49e1-be55-430c073bd986"}},{"type":"Feature","id":577045,"geometry":{"type":"Point","coordinates":[1200508,4797013]},"properties":{"OBJECTID":577045,"name":"Little Hellfire Hunters Hut","place":"Rakiura National Park","region":"Southland","bookable":"Yes","facilities":"Heating, Mattresses, Toilets - non-flush","hasAlerts":"Refer to DOC website for current alerts","introductionThumbnail":"https://www.doc.govt.nz/thumbs/large/link/6101303bca1f478f81d7ac7aca59645f.aspx","staticLink":"https://www.doc.govt.nz/link/628939bd4bb74cf9889d60a276e77992.aspx","locationString":"Rakiura National Park","x":1200508,"y":4797013,"assetId":100128523,"dateLoadedToGIS":"Tue, 05 Aug 2025 08:37:43 GMT","GlobalID":"599e8d1c-6895-4c85-b6d1-42db14e659a7"}},{"type":"Feature","id":577046,"geometry":{"type":"Point","coordinates":[1507832,5250131]},"properties":{"OBJECTID":577046,"name":"Casey Hut","place":null,"region":"Canterbury","bookable":"No","facilities":"Heating, Mattresses, Toilets - non-flush, Water from tap - not treated, boil before use, Water supply","hasAlerts":"Refer to DOC website for current alerts","introductionThumbnail":"https://www.doc.govt.nz/thumbs/large/link/416c4103058440258e5f28dc11ba6ff0.aspx","staticLink":"https://www.doc.govt.nz/link/d00b8874912d4ba8ac24133230e2a823.aspx","locationString":null,"x":1507832,"y":5250131,"assetId":100133716,"dateLoadedToGIS":"Tue, 05 Aug 2025 08:37:43 GMT","GlobalID":"0541d319-d5cc-4f69-b4c9-05da44be7928"}},{"type":"Feature","id":577047,"geometry":{"type":"Point","coordinates":[1755148,5744823]},"properties":{"OBJECTID":577047,"name":"Leitch's Hut","place":"Whareorino Conservation Area","region":"Waikato","bookable":"No","facilities":"Heating, Mattresses, Toilets - non-flush, Water from tap - not treated, boil before use, Water supply","hasAlerts":"Refer to DOC website for current alerts","introductionThumbnail":"https://www.doc.govt.nz/thumbs/large/link/57fa4f65007845c2aa9de36bf0ca43dd.jpg","staticLink":"https://www.doc.govt.nz/link/0b7e425c757144b9a396715f62e54563.aspx","locationString":"Whareorino Conservation Area","x":1755148,"y":5744823,"assetId":100057270,"dateLoadedToGIS":"Tue, 05 Aug 2025 08:37:44 GMT","GlobalID":"f6d2f643-1f33-4f6c-b561-b3adaf932817"}},{"type":"Feature","id":577048,"geometry":{"type":"Point","coordinates":[1576164,5439263]},"properties":{"OBJECTID":577048,"name":"Mt Arthur Hut","place":"Kahurangi National Park","region":"Nelson/Tasman","bookable":"No","facilities":"Heating, Mattresses, Toilets - non-flush, Water from tap - not treated, boil before use, Water supply","hasAlerts":"Refer to DOC website for current alerts","introductionThumbnail":"https://www.doc.govt.nz/thumbs/large/link/b96ed57a6fb6470ebc41ea39cd0a0348.jpg","staticLink":"https://www.doc.govt.nz/link/a8935f9e84db49c097c4dfbc42e1572a.aspx","locationString":"Kahurangi National Park","x":1576164,"y":5439263,"assetId":100075829,"dateLoadedToGIS":"Tue, 05 Aug 2025 08:37:44 GMT","GlobalID":"e7ff48a9-599e-4717-a0f7-51c77c40cad3"}},{"type":"Feature","id":577049,"geometry":{"type":"Point","coordinates":[1152017,4942649]},"properties":{"OBJECTID":577049,"name":"West Arm Hut","place":"Doubtful Sound/Patea area","region":"Fiordland","bookable":"No","facilities":"Mattresses, Toilets - non-flush, Water from tap - not treated, boil before use, Water supply","hasAlerts":"Refer to DOC website for current alerts","introductionThumbnail":"https://www.doc.govt.nz/thumbs/large/link/d7c70cfa598e40e59ae67197b42e6f24.aspx","staticLink":"https://www.doc.govt.nz/link/110902dfe32543de860db613107d8cc9.aspx","locationString":"Doubtful Sound/Patea area","x":1152017,"y":4942649,"assetId":100058315,"dateLoadedToGIS":"Tue, 05 Aug 2025 08:37:44 GMT","GlobalID":"1694451b-8c7f-43f2-abbb-2549db6a7985"}},{"type":"Feature","id":577050,"geometry":{"type":"Point","coordinates":[1390627,5190581]},"properties":{"OBJECTID":577050,"name":"Butler Junction Hut","place":"Whataroa area","region":"West Coast","bookable":"No","facilities":"Heating, Mattresses, Toilets - non-flush, Water from tap - not treated, boil before use, Water supply","hasAlerts":"Refer to DOC website for current alerts","introductionThumbnail":"https://www.doc.govt.nz/thumbs/large/link/f5335dec64b447d4856600a43e14c6f3.jpg","staticLink":"https://www.doc.govt.nz/link/ababf2136c78410687b20bbc12ba7c36.aspx","locationString":"Whataroa area","x":1390627,"y":5190581,"assetId":100074783,"dateLoadedToGIS":"Tue, 05 Aug 2025 08:37:44 GMT","GlobalID":"e9103c1f-48f9-4554-8c02-cf9f995c457b"}},{"type":"Feature","id":577051,"geometry":{"type":"Point","coordinates":[1963306,5727382]},"properties":{"OBJECTID":577051,"name":"Mangatoatoa Hut","place":"Te Urewera","region":"East Coast","bookable":"No","facilities":"Heating, Mattresses, Toilets - non-flush, Water from tap - not treated, boil before use, Water supply","hasAlerts":"Refer to DOC website for current alerts","introductionThumbnail":"https://www.doc.govt.nz/images/no-photo/no-photo-220x140.jpg","staticLink":"https://www.doc.govt.nz/link/8e30ec824e3f42c3b8da383e3928f491.aspx","locationString":"Te Urewera","x":1963306,"y":5727382,"assetId":100065461,"dateLoadedToGIS":"Tue, 05 Aug 2025 08:37:44 GMT","GlobalID":"b70a479d-3948-413a-b1e0-5a6162cedfbd"}},{"type":"Feature","id":577052,"geometry":{"type":"Point","coordinates":[1154318,4861474]},"properties":{"OBJECTID":577052,"name":"Wairaurahiri Hut","place":"Fiordland National Park","region":"Fiordland","bookable":"No","facilities":"Heating, Mattresses, Toilets - non-flush, Water from tap - not treated, boil before use, Water supply","hasAlerts":"Refer to DOC website for current alerts","introductionThumbnail":"https://www.doc.govt.nz/thumbs/large/link/9eca32abeceb4d708a7257b4bf23637c.aspx","staticLink":"https://www.doc.govt.nz/link/82c0686fb1084652b07fc7499b121798.aspx","locationString":"Fiordland National Park","x":1154318,"y":4861474,"assetId":100058861,"dateLoadedToGIS":"Tue, 05 Aug 2025 08:37:44 GMT","GlobalID":"3fc84538-7c4a-4cd6-b824-435a0a131aa9"}},{"type":"Feature","id":577053,"geometry":{"type":"Point","coordinates":[1161703,5003805]},"properties":{"OBJECTID":577053,"name":"George Sound Hut","place":"Fiordland National Park","region":"Fiordland","bookable":"No","facilities":"Heating, Mattresses, Toilets - non-flush, Water from tap - not treated, boil before use, Water supply","hasAlerts":"Refer to DOC website for current alerts","introductionThumbnail":"https://www.doc.govt.nz/thumbs/large/link/e4ca38f751bb494ab090696a289210e3.jpg","staticLink":"https://www.doc.govt.nz/link/b18fefc812694a83a45b58bb059c4854.aspx","locationString":"Fiordland National Park","x":1161703,"y":5003805,"assetId":100058625,"dateLoadedToGIS":"Tue, 05 Aug 2025 08:37:44 GMT","GlobalID":"cc6e1cf1-311d-46e9-9231-03e906fa37ca"}},{"type":"Feature","id":577054,"geometry":{"type":"Point","coordinates":[1661833,5342486]},"properties":{"OBJECTID":577054,"name":"Hornby Bivvy ","place":"Ka Whata Tu o Rakihouia Clarence","region":"Marlborough","bookable":"No","facilities":"Mattresses, Toilets - non-flush, Water from stream, Water supply","hasAlerts":"Refer to DOC website for current alerts","introductionThumbnail":"https://www.doc.govt.nz/thumbs/large/link/0ffb5ac5ed5b497b8a43c12b3c3a5db1.jpg","staticLink":"https://www.doc.govt.nz/link/abe20fe537b845f2aa8b5d6bd25d8297.aspx","locationString":"Ka Whata Tu o Rakihouia Clarence","x":1661833,"y":5342486,"assetId":100043225,"dateLoadedToGIS":"Tue, 05 Aug 2025 08:37:45 GMT","GlobalID":"1c669a8d-01d9-43d4-a03e-6a5dabb9eaac"}},{"type":"Feature","id":577055,"geometry":{"type":"Point","coordinates":[1353666,5164626]},"properties":{"OBJECTID":577055,"name":"Welcome Flat Hut","place":"Westland Tai Poutini National Park","region":"West Coast","bookable":"Yes","facilities":"Heating, Mattresses, Toilets - non-flush, Water from tap - not treated, boil before use, Water supply","hasAlerts":"Refer to DOC website for current alerts","introductionThumbnail":"https://www.doc.govt.nz/thumbs/large/link/d8805e6c7ee3491cb310235049164fac.aspx","staticLink":"https://www.doc.govt.nz/link/bbe7f413c0a4462693220dca0d311bd7.aspx","locationString":"Westland Tai Poutini National Park","x":1353666,"y":5164626,"assetId":100059655,"dateLoadedToGIS":"Tue, 05 Aug 2025 08:37:45 GMT","GlobalID":"b2fba1c5-8b1d-471e-a95b-935ccb9c5a0b"}},{"type":"Feature","id":577056,"geometry":{"type":"Point","coordinates":[1893030,5641206]},"properties":{"OBJECTID":577056,"name":"Mackintosh Hut","place":"Kaweka Forest Park","region":"Hawke’s Bay","bookable":"No","facilities":"Heating, Mattresses, Toilets - non-flush, Water from tap - not treated, boil before use, Water supply","hasAlerts":"Refer to DOC website for current alerts","introductionThumbnail":"https://www.doc.govt.nz/thumbs/large/link/112922dd6d1b4b4e80ff3696a7ff707a.jpg","staticLink":"https://www.doc.govt.nz/link/84e5018d84d34601a35e59134861efde.aspx","locationString":"Kaweka Forest Park","x":1893030,"y":5641206,"assetId":100033707,"dateLoadedToGIS":"Tue, 05 Aug 2025 08:37:45 GMT","GlobalID":"432562c5-2304-482b-8416-1a57090de030"}},{"type":"Feature","id":577057,"geometry":{"type":"Point","coordinates":[1476202,5226792]},"properties":{"OBJECTID":577057,"name":"Basins Hut","place":"Craigieburn Forest Park","region":"Canterbury","bookable":"No","facilities":"Heating, Mattresses, Toilets - non-flush, Water from stream, Water supply","hasAlerts":"Refer to DOC website for current alerts","introductionThumbnail":"https://www.doc.govt.nz/thumbs/large/link/d428c63e84ef44bb9230b6d10434eda4.aspx","staticLink":"https://www.doc.govt.nz/link/4545ceee6448494e8e1522ff3ac01f3a.aspx","locationString":"Craigieburn Forest Park","x":1476202,"y":5226792,"assetId":100034518,"dateLoadedToGIS":"Tue, 05 Aug 2025 08:37:45 GMT","GlobalID":"66a1ecf8-b16e-48a4-af0c-8fe4934633c5"}},{"type":"Feature","id":577058,"geometry":{"type":"Point","coordinates":[1546106,5224595]},"properties":{"OBJECTID":577058,"name":"Pinchgut Hut","place":"Mount Thomas Forest Conservation Area","region":"Canterbury","bookable":"No","facilities":"Heating, Mattresses, Toilets - non-flush, Water from stream, Water supply","hasAlerts":"Refer to DOC website for current alerts","introductionThumbnail":"https://www.doc.govt.nz/thumbs/large/link/f5f88ed34eb74df486e8f7bd21c44c80.aspx","staticLink":"https://www.doc.govt.nz/link/21869a5c257948cdb58416c2b8a04864.aspx","locationString":"Mount Thomas Forest Conservation Area","x":1546106,"y":5224595,"assetId":100034978,"dateLoadedToGIS":"Tue, 05 Aug 2025 08:37:45 GMT","GlobalID":"ea766208-b37b-4027-b00a-ba822338be1a"}},{"type":"Feature","id":577059,"geometry":{"type":"Point","coordinates":[1502674,5261316]},"properties":{"OBJECTID":577059,"name":"Minchin Bivvy","place":"Arthur's Pass National Park","region":"Canterbury","bookable":"No","facilities":"Toilets - non-flush","hasAlerts":"Refer to DOC website for current alerts","introductionThumbnail":"https://www.doc.govt.nz/thumbs/large/link/85574025900a421baaf878796b613f71.aspx","staticLink":"https://www.doc.govt.nz/link/bf4b22b51d0a4898a8afcaf61e5f0cd6.aspx","locationString":"Arthur's Pass National Park","x":1502674,"y":5261316,"assetId":100075782,"dateLoadedToGIS":"Tue, 05 Aug 2025 08:37:45 GMT","GlobalID":"c539425a-6f17-45fc-bb74-69c378f19c1e"}},{"type":"Feature","id":577060,"geometry":{"type":"Point","coordinates":[1242537,4951311]},"properties":{"OBJECTID":577060,"name":"Mansion Hut","place":"Eyre Mountains/Taka Rā Haka Conservation Park","region":"Southland","bookable":"No","facilities":"Mattresses, Toilets - non-flush, Water from stream, Water supply","hasAlerts":"Refer to DOC website for current alerts","introductionThumbnail":"https://www.doc.govt.nz/images/no-photo/no-photo-220x140.jpg","staticLink":"https://www.doc.govt.nz/link/b3f8e220fb5a465ea29d9c355bddb97b.aspx","locationString":"Eyre Mountains/Taka Rā Haka Conservation Park","x":1242537,"y":4951311,"assetId":100072024,"dateLoadedToGIS":"Tue, 05 Aug 2025 08:37:46 GMT","GlobalID":"ba9e9ace-626a-41f6-9895-c17a0c5bd081"}},{"type":"Feature","id":577061,"geometry":{"type":"Point","coordinates":[1602049,5365153]},"properties":{"OBJECTID":577061,"name":"Lost Stream Bivvy","place":"Leatham Conservation Area","region":"Marlborough","bookable":"No","facilities":"Heating, Mattresses, Toilets - non-flush, Water from tap - not treated, boil before use, Water supply","hasAlerts":"Refer to DOC website for current alerts","introductionThumbnail":"https://www.doc.govt.nz/thumbs/large/link/0efca5c4b69d427aada4616486546790.jpg","staticLink":"https://www.doc.govt.nz/link/75edcd071ae44c8090ea167fd8511352.aspx","locationString":"Leatham Conservation Area","x":1602049,"y":5365153,"assetId":100060988,"dateLoadedToGIS":"Tue, 05 Aug 2025 08:37:46 GMT","GlobalID":"6931c36a-4e41-48f7-a60e-50db920d2ab8"}},{"type":"Feature","id":577062,"geometry":{"type":"Point","coordinates":[1877768,5659880]},"properties":{"OBJECTID":577062,"name":"Tussock Hut","place":"Kaweka Forest Park","region":"Hawke’s Bay","bookable":"No","facilities":"Heating, Mattresses, Toilets - non-flush, Water from tap - not treated, boil before use, Water supply","hasAlerts":"Refer to DOC website for current alerts","introductionThumbnail":"https://www.doc.govt.nz/thumbs/large/link/4757ba3a90ec4ddf982d3d06ff65cc35.aspx","staticLink":"https://www.doc.govt.nz/link/b76dcffc07b442d6bf248547377bc4e2.aspx","locationString":"Kaweka Forest Park","x":1877768,"y":5659880,"assetId":100055378,"dateLoadedToGIS":"Tue, 05 Aug 2025 08:37:46 GMT","GlobalID":"ae29f983-44da-4d19-a118-86deae7b6d86"}},{"type":"Feature","id":577063,"geometry":{"type":"Point","coordinates":[1469466,5170189]},"properties":{"OBJECTID":577063,"name":"Pinnacles Hut","place":"Hakatere Conservation Park","region":"Canterbury","bookable":"Yes","facilities":"Heating, Mattresses, Toilets - non-flush, Water from tap - not treated, boil before use, Water supply","hasAlerts":"Refer to DOC website for current alerts","introductionThumbnail":"https://www.doc.govt.nz/thumbs/large/link/ac6e32b271ca4a9ba55b4de86e91409f.aspx","staticLink":"https://www.doc.govt.nz/link/ff9c0a7062c14fdf8a8d4f4c3ad25533.aspx","locationString":"Hakatere Conservation Park","x":1469466,"y":5170189,"assetId":100061482,"dateLoadedToGIS":"Tue, 05 Aug 2025 08:37:46 GMT","GlobalID":"9da5742a-7fb0-496e-85b3-ddb281620147"}},{"type":"Feature","id":577064,"geometry":{"type":"Point","coordinates":[1741419,6030747]},"properties":{"OBJECTID":577064,"name":"Peach Cove Hut","place":"Bream Head Scenic Reserve","region":"Northland","bookable":"Yes","facilities":"Mattresses, Toilets - non-flush, Water from tap - not treated, boil before use, Water supply","hasAlerts":"Refer to DOC website for current alerts","introductionThumbnail":"https://www.doc.govt.nz/thumbs/large/link/78150c4094784e50b849a46debc1c7b0.aspx","staticLink":"https://www.doc.govt.nz/link/9a059aeadb084bba9eab4cd4fd0bd178.aspx","locationString":"Bream Head Scenic Reserve","x":1741419,"y":6030747,"assetId":100058130,"dateLoadedToGIS":"Tue, 05 Aug 2025 08:37:46 GMT","GlobalID":"e30ccde1-6ad4-421e-9f80-20b40c5edb4f"}},{"type":"Feature","id":577065,"geometry":{"type":"Point","coordinates":[1374860,5140648]},"properties":{"OBJECTID":577065,"name":"Jollie Hut","place":"Gamack Conservation Area","region":"Canterbury","bookable":"No","facilities":"Heating, Mattresses, Toilets - non-flush, Water from tap - not treated, boil before use, Water supply","hasAlerts":"Refer to DOC website for current alerts","introductionThumbnail":"https://www.doc.govt.nz/thumbs/large/link/0997dcbe2349472aa3986b9caff247ce.jpg","staticLink":"https://www.doc.govt.nz/link/47c35191681949109a2bd867c8b97a73.aspx","locationString":"Gamack Conservation Area","x":1374860,"y":5140648,"assetId":100094109,"dateLoadedToGIS":"Tue, 05 Aug 2025 08:37:46 GMT","GlobalID":"a00c9851-1bb2-470e-acad-0a8a5d1e0428"}},{"type":"Feature","id":577066,"geometry":{"type":"Point","coordinates":[1623136,5415277]},"properties":{"OBJECTID":577066,"name":"Browning Hut","place":"Mount Richmond Forest Park","region":"Nelson/Tasman","bookable":"No","facilities":"Heating, Mattresses, Toilets - non-flush, Water from stream, Water supply","hasAlerts":"Refer to DOC website for current alerts","introductionThumbnail":"https://www.doc.govt.nz/thumbs/large/link/9540268aaba7464799c01329fe9f93ec.jpg","staticLink":"https://www.doc.govt.nz/link/4ba6f86f2030455e9a60bae6f4744ed8.aspx","locationString":"Mount Richmond Forest Park","x":1623136,"y":5415277,"assetId":100065092,"dateLoadedToGIS":"Tue, 05 Aug 2025 08:37:47 GMT","GlobalID":"642003be-a300-4a94-ac45-55b38fef76fb"}},{"type":"Feature","id":577067,"geometry":{"type":"Point","coordinates":[1468445,5322175]},"properties":{"OBJECTID":577067,"name":"Moonlight Tops Hut","place":"Paparoa National Park","region":"West Coast","bookable":"Yes","facilities":"Cooking, Heating, Mattresses, Lighting, Toilets - non-flush, Water from tap - not treated, boil before use, Water supply","hasAlerts":"Refer to DOC website for current alerts","introductionThumbnail":"https://www.doc.govt.nz/thumbs/large/link/da6dcedcc7a043f087cf1fbe74054449.aspx","staticLink":"https://www.doc.govt.nz/link/f7728dfc218d4a87a8363a93ffa6d0ca.aspx","locationString":"Paparoa National Park","x":1468445,"y":5322175,"assetId":100128444,"dateLoadedToGIS":"Tue, 05 Aug 2025 08:37:47 GMT","GlobalID":"92bccd79-d144-4fa7-8abe-b134a6aeb4f6"}},{"type":"Feature","id":577068,"geometry":{"type":"Point","coordinates":[1128588,4921177]},"properties":{"OBJECTID":577068,"name":"Supper Cove Hut","place":"Fiordland National Park","region":"Fiordland","bookable":"No","facilities":"Heating, Mattresses, Toilets - non-flush, Water from tap - not treated, boil before use, Water supply","hasAlerts":"Refer to DOC website for current alerts","introductionThumbnail":"https://www.doc.govt.nz/thumbs/large/link/9b7eebace8e942a98600d562d4674bdc.aspx","staticLink":"https://www.doc.govt.nz/link/8ca791f5f94f4f8a8c9e0f2a0b5f484a.aspx","locationString":"Fiordland National Park","x":1128588,"y":4921177,"assetId":100057899,"dateLoadedToGIS":"Tue, 05 Aug 2025 08:37:47 GMT","GlobalID":"c214318a-06e8-4682-80d0-86be89425fd6"}},{"type":"Feature","id":577069,"geometry":{"type":"Point","coordinates":[1545523,5473186]},"properties":{"OBJECTID":577069,"name":"Gouland Downs Hut","place":"Kahurangi National Park","region":"Nelson/Tasman","bookable":"Yes","facilities":"Heating, Mattresses, Toilets - non-flush, Water from tap - not treated, boil before use, Water supply","hasAlerts":"Refer to DOC website for current alerts","introductionThumbnail":"https://www.doc.govt.nz/thumbs/large/link/85fb655a32314f329c52dd582896d52e.jpg","staticLink":"https://www.doc.govt.nz/link/f18c2f49e0cb4b7299b034bec1279968.aspx","locationString":"Kahurangi National Park","x":1545523,"y":5473186,"assetId":100064369,"dateLoadedToGIS":"Tue, 05 Aug 2025 08:37:47 GMT","GlobalID":"5d558cf2-b655-4787-99fb-e151d3a26b94"}},{"type":"Feature","id":577070,"geometry":{"type":"Point","coordinates":[1934264,5701926]},"properties":{"OBJECTID":577070,"name":"Central Waiau Hut","place":"Te Urewera","region":"East Coast","bookable":"No","facilities":"Heating, Mattresses, Toilets - non-flush, Water from tap - not treated, boil before use, Water supply","hasAlerts":"Refer to DOC website for current alerts","introductionThumbnail":"https://www.doc.govt.nz/images/no-photo/no-photo-220x140.jpg","staticLink":"https://www.doc.govt.nz/link/8e30ec824e3f42c3b8da383e3928f491.aspx","locationString":"Te Urewera","x":1934264,"y":5701926,"assetId":100055798,"dateLoadedToGIS":"Tue, 05 Aug 2025 08:37:47 GMT","GlobalID":"9d9d7e2a-e351-42a1-9bc8-2bee7cef66a4"}},{"type":"Feature","id":577071,"geometry":{"type":"Point","coordinates":[1234599,4956899]},"properties":{"OBJECTID":577071,"name":"Upper Cromel Hut","place":"Eyre Mountains/Taka Rā Haka Conservation Park","region":"Southland","bookable":"No","facilities":"Mattresses, Toilets - non-flush, Water from stream, Water supply","hasAlerts":"Refer to DOC website for current alerts","introductionThumbnail":"https://www.doc.govt.nz/thumbs/large/link/2a47571984f244ba9c9f39c8b4424917.jpg","staticLink":"https://www.doc.govt.nz/link/cf8cc6d8b7a64b01bcc6541383fa9f54.aspx","locationString":"Eyre Mountains/Taka Rā Haka Conservation Park","x":1234599,"y":4956899,"assetId":100072025,"dateLoadedToGIS":"Tue, 05 Aug 2025 08:37:47 GMT","GlobalID":"6477fa39-98cf-4a70-a22d-65f5b928af4a"}},{"type":"Feature","id":577072,"geometry":{"type":"Point","coordinates":[1361383,5048950]},"properties":{"OBJECTID":577072,"name":"Otamatapaio Hut ","place":"Oteake Conservation Park","region":"Canterbury","bookable":"No","facilities":"Heating, Mattresses, Toilets - non-flush, Water from stream, Water supply","hasAlerts":"Refer to DOC website for current alerts","introductionThumbnail":"https://www.doc.govt.nz/thumbs/large/link/ca6c43609e9e42989c4f8f9a2a08b69c.aspx","staticLink":"https://www.doc.govt.nz/link/b0763bf1861c49beb2a5d17389ac1ac6.aspx","locationString":"Oteake Conservation Park","x":1361383,"y":5048950,"assetId":100039154,"dateLoadedToGIS":"Tue, 05 Aug 2025 08:37:47 GMT","GlobalID":"7388d455-8867-453f-813e-5dccc99f7723"}},{"type":"Feature","id":577073,"geometry":{"type":"Point","coordinates":[1313782,5066967]},"properties":{"OBJECTID":577073,"name":"Moonlight And Roses Hut","place":"Hāwea Conservation Park","region":"Otago","bookable":"No","facilities":"Heating, Mattresses, Toilets - non-flush, Water from tap - not treated, boil before use, Water supply","hasAlerts":"Refer to DOC website for current alerts","introductionThumbnail":"https://www.doc.govt.nz/thumbs/large/link/64d950f79458437fa9077eeb634feb9d.jpg","staticLink":"https://www.doc.govt.nz/link/c6b9eef7d6684879a866d3ffa18810c8.aspx","locationString":"Hāwea Conservation Park","x":1313782,"y":5066967,"assetId":100085625,"dateLoadedToGIS":"Tue, 05 Aug 2025 08:37:48 GMT","GlobalID":"89332cfd-e220-4608-a59c-c287817f58dd"}},{"type":"Feature","id":577074,"geometry":{"type":"Point","coordinates":[1465630,5249173]},"properties":{"OBJECTID":577074,"name":"Campbell Bivvy","place":"Kelly Range – Styx River area","region":"West Coast","bookable":"No","facilities":"Mattresses, Toilets - non-flush, Water from stream, Water supply","hasAlerts":"Refer to DOC website for current alerts","introductionThumbnail":"https://www.doc.govt.nz/thumbs/large/link/8c940e410a614d7a82c723ad2d3303ab.jpg","staticLink":"https://www.doc.govt.nz/link/c9d3b446f6294fb6962406db873182a7.aspx","locationString":"Kelly Range – Styx River area","x":1465630,"y":5249173,"assetId":100033870,"dateLoadedToGIS":"Tue, 05 Aug 2025 08:37:48 GMT","GlobalID":"b5496e77-4f0e-4f64-b789-5a7aab57d1e8"}},{"type":"Feature","id":577075,"geometry":{"type":"Point","coordinates":[1386679,5178217]},"properties":{"OBJECTID":577075,"name":"Kelman Hut","place":"Aoraki/Mount Cook National Park","region":"Canterbury","bookable":"No","facilities":"Mattresses, Lighting, Toilets - non-flush, Water from tap - not treated, boil before use, Water supply","hasAlerts":"Refer to DOC website for current alerts","introductionThumbnail":"https://www.doc.govt.nz/thumbs/large/link/a631d124f9d34173b07c3d90ece57098.aspx","staticLink":"https://www.doc.govt.nz/link/07df1841aab74689b52356cbbd2da3df.aspx","locationString":"Aoraki/Mount Cook National Park","x":1386679,"y":5178217,"assetId":100075296,"dateLoadedToGIS":"Tue, 05 Aug 2025 08:37:48 GMT","GlobalID":"38fb8932-f994-4bc3-ae2b-5525df034e97"}},{"type":"Feature","id":577076,"geometry":{"type":"Point","coordinates":[1207612,5058653]},"properties":{"OBJECTID":577076,"name":"Mckerrow Island Hut","place":"Fiordland National Park","region":"Fiordland","bookable":"No","facilities":"Heating, Mattresses, Toilets - non-flush, Water from tap - not treated, boil before use, Water supply","hasAlerts":"Refer to DOC website for current alerts","introductionThumbnail":"https://www.doc.govt.nz/thumbs/large/link/8fad8011114a4c16be869245b864bb87.JPG","staticLink":"https://www.doc.govt.nz/link/bb8fd9ba888d4090b02ef07797c232f9.aspx","locationString":"Fiordland National Park","x":1207612,"y":5058653,"assetId":100035152,"dateLoadedToGIS":"Tue, 05 Aug 2025 08:37:48 GMT","GlobalID":"ae4954e2-fae6-4ed1-b112-991ebe56c1aa"}},{"type":"Feature","id":577077,"geometry":{"type":"Point","coordinates":[1344491,5120520]},"properties":{"OBJECTID":577077,"name":"Monument Hut","place":"Ruataniwha Conservation Park","region":"Canterbury","bookable":"No","facilities":"Heating, Mattresses, Toilets - non-flush, Water from stream, Water supply","hasAlerts":"Refer to DOC website for current alerts","introductionThumbnail":"https://www.doc.govt.nz/thumbs/large/link/55592511765d4eb097963c50cc415b7d.aspx","staticLink":"https://www.doc.govt.nz/link/ace377cf8e2640ba98333b1075df912e.aspx","locationString":"Ruataniwha Conservation Park","x":1344491,"y":5120520,"assetId":100075307,"dateLoadedToGIS":"Tue, 05 Aug 2025 08:37:48 GMT","GlobalID":"f0181c4f-457d-42e6-abde-2d9ed99261c2"}},{"type":"Feature","id":577078,"geometry":{"type":"Point","coordinates":[1221111,4804068]},"properties":{"OBJECTID":577078,"name":"Bungaree Hut","place":"Rakiura National Park","region":"Southland","bookable":"No","facilities":"Heating, Mattresses, Toilets - non-flush, Water from tap - not treated, boil before use, Water supply","hasAlerts":"Refer to DOC website for current alerts","introductionThumbnail":"https://www.doc.govt.nz/thumbs/large/link/eecfa4bf5a6c47609c9bb436176f1c44.jpg","staticLink":"https://www.doc.govt.nz/link/b5d19a0c79db428aaa986c82fc841ef1.aspx","locationString":"Rakiura National Park","x":1221111,"y":4804068,"assetId":100072672,"dateLoadedToGIS":"Tue, 05 Aug 2025 08:37:48 GMT","GlobalID":"c4f85804-39a0-4e38-b0e9-52e0a642e111"}},{"type":"Feature","id":577079,"geometry":{"type":"Point","coordinates":[1233449,4775473]},"properties":{"OBJECTID":577079,"name":"Kellys Hunters Hut","place":"Rakiura National Park","region":"Southland","bookable":"Yes","facilities":"Heating, Mattresses, Toilets - non-flush, Water from tap - not treated, boil before use, Water supply","hasAlerts":"Refer to DOC website for current alerts","introductionThumbnail":"https://www.doc.govt.nz/thumbs/large/link/79c7f49641324592b4ec2eb461669efe.jpg","staticLink":"https://www.doc.govt.nz/link/c50603ef0ecd45afb59797bf1336c9f3.aspx","locationString":"Rakiura National Park","x":1233449,"y":4775473,"assetId":100030976,"dateLoadedToGIS":"Tue, 05 Aug 2025 08:37:48 GMT","GlobalID":"a8889098-1c20-4833-9eed-3ae19b2692d5"}},{"type":"Feature","id":577080,"geometry":{"type":"Point","coordinates":[1805685,5474583]},"properties":{"OBJECTID":577080,"name":"Jumbo Hut","place":"Holdsworth area","region":"Wairarapa","bookable":"Yes","facilities":"Cooking, Heating, Mattresses, Toilets - non-flush, Water from tap - not treated, boil before use, Water supply","hasAlerts":"Refer to DOC website for current alerts","introductionThumbnail":"https://www.doc.govt.nz/thumbs/large/link/358484f5702043fc8e5ab08217a27732.jpg","staticLink":"https://www.doc.govt.nz/link/a95f0d92f8e544c0ba41f19e074efc5c.aspx","locationString":"Holdsworth area","x":1805685,"y":5474583,"assetId":100061388,"dateLoadedToGIS":"Tue, 05 Aug 2025 08:37:49 GMT","GlobalID":"49f7b28a-4597-4937-9513-e0509e7701de"}},{"type":"Feature","id":577081,"geometry":{"type":"Point","coordinates":[1884381,5647476]},"properties":{"OBJECTID":577081,"name":"Rocks Ahead Hut","place":"Kaweka Forest Park","region":"Hawke’s Bay","bookable":"No","facilities":"Heating, Mattresses, Toilets - non-flush, Water from stream, Water supply","hasAlerts":"Refer to DOC website for current alerts","introductionThumbnail":"https://www.doc.govt.nz/thumbs/large/link/4c78a59921eb4991aaefc30b9b8db21d.aspx","staticLink":"https://www.doc.govt.nz/link/c8b1a4342f4b4c7f937fcf536d1823e1.aspx","locationString":"Kaweka Forest Park","x":1884381,"y":5647476,"assetId":100055415,"dateLoadedToGIS":"Tue, 05 Aug 2025 08:37:49 GMT","GlobalID":"c4be70ee-cf02-4923-96cd-ea50bd8921d4"}},{"type":"Feature","id":577082,"geometry":{"type":"Point","coordinates":[1306799,5087928]},"properties":{"OBJECTID":577082,"name":"Big Hopwood Burn Hut","place":"Hāwea Conservation Park","region":"Otago","bookable":"No","facilities":"Heating, Mattresses, Toilets - non-flush, Water from stream, Water supply","hasAlerts":"Refer to DOC website for current alerts","introductionThumbnail":"https://www.doc.govt.nz/thumbs/large/link/3f33ba21cb9748e989f45d456d7f4fdb.jpg","staticLink":"https://www.doc.govt.nz/link/8cad3bdba68e4494ac41ff1ac40b5592.aspx","locationString":"Hāwea Conservation Park","x":1306799,"y":5087928,"assetId":100059027,"dateLoadedToGIS":"Tue, 05 Aug 2025 08:37:49 GMT","GlobalID":"abe7d162-ceb6-4402-a282-4c03d94022fd"}},{"type":"Feature","id":577083,"geometry":{"type":"Point","coordinates":[1597835.6818,5484662.7082]},"properties":{"OBJECTID":577083,"name":"Whariwharangi Hut","place":"Abel Tasman National Park","region":"Nelson/Tasman","bookable":"Yes","facilities":"Heating, Mattresses, Toilets - flush, Water from tap - not treated, boil before use, Water supply","hasAlerts":"Refer to DOC website for current alerts","introductionThumbnail":"https://www.doc.govt.nz/thumbs/large/link/78fe71bf95684d3f882242cbd669a82e.aspx","staticLink":"https://www.doc.govt.nz/link/e159d6234b5a44e9a671d19bb58623fb.aspx","locationString":"Abel Tasman National Park","x":1597836,"y":5484663,"assetId":100061135,"dateLoadedToGIS":"Tue, 05 Aug 2025 08:37:49 GMT","GlobalID":"72c5b129-38f8-41f3-83ef-955359ab5ed4"}},{"type":"Feature","id":577084,"geometry":{"type":"Point","coordinates":[1240845,5025699]},"properties":{"OBJECTID":577084,"name":"Mcintosh Hut","place":"Whakaari Conservation Area","region":"Otago","bookable":"No","facilities":null,"hasAlerts":"Refer to DOC website for current alerts","introductionThumbnail":"https://www.doc.govt.nz/thumbs/large/link/2fde126d2d8f4a2488d19c960e7f423d.aspx","staticLink":"https://www.doc.govt.nz/link/3e768c88dab541fe9f3082b3194206fa.aspx","locationString":"Whakaari Conservation Area","x":1240845,"y":5025699,"assetId":100040290,"dateLoadedToGIS":"Tue, 05 Aug 2025 08:37:49 GMT","GlobalID":"db54fb49-1aa0-42b4-b1a2-3e4ba4565087"}},{"type":"Feature","id":577085,"geometry":{"type":"Point","coordinates":[1792723,5415634]},"properties":{"OBJECTID":577085,"name":"Tauanui Hut","place":"Aorangi Forest Park","region":"Wairarapa","bookable":"No","facilities":"Heating, Mattresses, Toilets - non-flush, Water from stream, Water supply","hasAlerts":"Refer to DOC website for current alerts","introductionThumbnail":"https://www.doc.govt.nz/thumbs/large/link/ded4fbcacf9545c19f2853755b2ad652.jpg","staticLink":"https://www.doc.govt.nz/link/27c57638a5ea4111bf850b9d23082e4b.aspx","locationString":"Aorangi Forest Park","x":1792723,"y":5415634,"assetId":100063244,"dateLoadedToGIS":"Tue, 05 Aug 2025 08:37:49 GMT","GlobalID":"5373e197-ae62-4c5d-afc1-601319e42d6d"}},{"type":"Feature","id":577086,"geometry":{"type":"Point","coordinates":[1876797,5602741]},"properties":{"OBJECTID":577086,"name":"Upper Makaroro Hut","place":"Ruahine Forest Park","region":"Hawke’s Bay","bookable":"No","facilities":"Heating, Mattresses, Toilets - non-flush, Water from stream, Water supply","hasAlerts":"Refer to DOC website for current alerts","introductionThumbnail":"https://www.doc.govt.nz/thumbs/large/link/a3d6c192437f47679ce6339e074367a7.aspx","staticLink":"https://www.doc.govt.nz/link/b1fc867700814ebd85e5fe58d7088df8.aspx","locationString":"Ruahine Forest Park","x":1876797,"y":5602741,"assetId":100055429,"dateLoadedToGIS":"Tue, 05 Aug 2025 08:37:49 GMT","GlobalID":"07f31aea-cca0-4e1f-8e03-372712ec1b29"}},{"type":"Feature","id":577087,"geometry":{"type":"Point","coordinates":[1329209,5117145]},"properties":{"OBJECTID":577087,"name":"Forbes Hut","place":"Hāwea Conservation Park","region":"Otago","bookable":"No","facilities":"Heating, Mattresses, Toilets - non-flush, Water from stream, Water supply","hasAlerts":"Refer to DOC website for current alerts","introductionThumbnail":"https://www.doc.govt.nz/thumbs/large/link/183b685f3df94074be33fe0a9e912293.jpg","staticLink":"https://www.doc.govt.nz/link/65eb9a4f5e9141d3b5dd7cda38f534a6.aspx","locationString":"Hāwea Conservation Park","x":1329209,"y":5117145,"assetId":100059029,"dateLoadedToGIS":"Tue, 05 Aug 2025 08:37:50 GMT","GlobalID":"30c75117-6cb1-443a-ad3c-778efc9935de"}},{"type":"Feature","id":577088,"geometry":{"type":"Point","coordinates":[1197349,4924025]},"properties":{"OBJECTID":577088,"name":"Redcliff Hut","place":"Takitimu Conservation Area","region":"Southland","bookable":"No","facilities":"Heating, Mattresses, Toilets - non-flush, Water from stream, Water supply","hasAlerts":"Refer to DOC website for current alerts","introductionThumbnail":"https://www.doc.govt.nz/thumbs/large/link/57f2ecdc5c94498fbdaf87f5e9ebd2b5.jpg","staticLink":"https://www.doc.govt.nz/link/2877b8fceb5c4c6f9a5ddcef6c14a4c8.aspx","locationString":"Takitimu Conservation Area","x":1197349,"y":4924025,"assetId":100072447,"dateLoadedToGIS":"Tue, 05 Aug 2025 08:37:50 GMT","GlobalID":"0ac4fee6-1cca-4a95-acfb-5ba912b2c26e"}},{"type":"Feature","id":577089,"geometry":{"type":"Point","coordinates":[1541138,5290996]},"properties":{"OBJECTID":577089,"name":"Doubtful Hut","place":"Lake Sumner Forest Park","region":"Canterbury","bookable":"No","facilities":"Mattresses, Toilets - non-flush, Water from stream, Water supply","hasAlerts":"Refer to DOC website for current alerts","introductionThumbnail":"https://www.doc.govt.nz/thumbs/large/link/8e5990399a3a475a856d0eff4f5cd8d3.aspx","staticLink":"https://www.doc.govt.nz/link/9f964d114f1d436993e72cb5c025f831.aspx","locationString":"Lake Sumner Forest Park","x":1541138,"y":5290996,"assetId":100075586,"dateLoadedToGIS":"Tue, 05 Aug 2025 08:37:50 GMT","GlobalID":"655ad927-3902-4a1c-bf8a-d5ac57d92537"}},{"type":"Feature","id":577090,"geometry":{"type":"Point","coordinates":[1476130,5262070]},"properties":{"OBJECTID":577090,"name":"Dillons Homestead Hut","place":"Kelly Range – Styx River area","region":"West Coast","bookable":"No","facilities":"Heating, Mattresses, Toilets - non-flush, Water from tap - not treated, boil before use, Water supply","hasAlerts":"Refer to DOC website for current alerts","introductionThumbnail":"https://www.doc.govt.nz/thumbs/large/link/a9e335b1d69e483e977cb3bdbd74d122.jpg","staticLink":"https://www.doc.govt.nz/link/0e1430805ced47b89fab6104ae479ed9.aspx","locationString":"Kelly Range – Styx River area","x":1476130,"y":5262070,"assetId":100059349,"dateLoadedToGIS":"Tue, 05 Aug 2025 08:37:50 GMT","GlobalID":"2911cfcb-3968-49f7-8631-336dfcf35d17"}},{"type":"Feature","id":577091,"geometry":{"type":"Point","coordinates":[1991388,5765907]},"properties":{"OBJECTID":577091,"name":"Pakihi Hut","place":"Ōpōtiki area","region":"East Coast","bookable":"No","facilities":"Heating, Mattresses, Toilets - non-flush, Water from tap - not treated, boil before use, Water supply","hasAlerts":"Refer to DOC website for current alerts","introductionThumbnail":"https://www.doc.govt.nz/thumbs/large/link/4601082347554a989e1e8297c6424274.jpg","staticLink":"https://www.doc.govt.nz/link/4406b6a56ad04e04849660f5901134c8.aspx","locationString":"Ōpōtiki area","x":1991388,"y":5765907,"assetId":100072191,"dateLoadedToGIS":"Tue, 05 Aug 2025 08:37:50 GMT","GlobalID":"33a8c118-5784-4743-9470-c037ecd9b4c7"}},{"type":"Feature","id":577092,"geometry":{"type":"Point","coordinates":[1973111,5732292]},"properties":{"OBJECTID":577092,"name":"Kahunui Hut","place":"Waioweka Conservation Area","region":"East Coast","bookable":"No","facilities":"Heating, Mattresses, Toilets - non-flush, Water from tap - not treated, boil before use, Water supply","hasAlerts":"Refer to DOC website for current alerts","introductionThumbnail":"https://www.doc.govt.nz/thumbs/large/link/2255b601f851481fbcc87a1b6e54b04d.aspx","staticLink":"https://www.doc.govt.nz/link/1ca36fcb88c14334b16eb46898c750ae.aspx","locationString":"Waioweka Conservation Area","x":1973111,"y":5732292,"assetId":100056231,"dateLoadedToGIS":"Tue, 05 Aug 2025 08:37:50 GMT","GlobalID":"31b40947-8f71-4404-8813-82db86a1778a"}},{"type":"Feature","id":577093,"geometry":{"type":"Point","coordinates":[1148174,4877002]},"properties":{"OBJECTID":577093,"name":"Lake Poteriteri Hut","place":"Fiordland National Park","region":"Fiordland","bookable":"No","facilities":"Heating, Mattresses, Toilets - non-flush, Water from tap - not treated, boil before use, Water supply","hasAlerts":"Refer to DOC website for current alerts","introductionThumbnail":"https://www.doc.govt.nz/thumbs/large/link/70e66349f007445091be76fd9cc306d4.aspx","staticLink":"https://www.doc.govt.nz/link/520db01900654f82a705d9a56394c4f8.aspx","locationString":"Fiordland National Park","x":1148174,"y":4877002,"assetId":100000062,"dateLoadedToGIS":"Tue, 05 Aug 2025 08:37:50 GMT","GlobalID":"4819b835-947a-454a-b05f-4422fe01c0e5"}},{"type":"Feature","id":577094,"geometry":{"type":"Point","coordinates":[1425230,5213680]},"properties":{"OBJECTID":577094,"name":"Smyth Hut","place":"Harihari area","region":"West Coast","bookable":"No","facilities":"Heating, Mattresses, Toilets - non-flush, Water from tap - not treated, boil before use, Water supply","hasAlerts":"Refer to DOC website for current alerts","introductionThumbnail":"https://www.doc.govt.nz/thumbs/large/link/ce573e7432cd4f60b931aaa648681794.jpg","staticLink":"https://www.doc.govt.nz/link/8e21e515689f4ad190c4af687e711254.aspx","locationString":"Harihari area","x":1425230,"y":5213680,"assetId":100074918,"dateLoadedToGIS":"Tue, 05 Aug 2025 08:37:51 GMT","GlobalID":"98c76d59-7b5e-4431-bc47-dc108849252d"}},{"type":"Feature","id":577095,"geometry":{"type":"Point","coordinates":[1142124,4867459]},"properties":{"OBJECTID":577095,"name":"Slaughterburn Hut ","place":"Fiordland National Park","region":"Fiordland","bookable":"No","facilities":"Heating, Mattresses, Toilets - non-flush, Water from tap - not treated, boil before use, Water supply","hasAlerts":"Refer to DOC website for current alerts","introductionThumbnail":"https://www.doc.govt.nz/thumbs/large/link/98a7b7d042ad4a3e954be2bb1ffc6ddb.jpg","staticLink":"https://www.doc.govt.nz/link/871b0575cf54466dbb7be8ce04fb35f7.aspx","locationString":"Fiordland National Park","x":1142124,"y":4867459,"assetId":100082661,"dateLoadedToGIS":"Tue, 05 Aug 2025 08:37:51 GMT","GlobalID":"719be234-2d32-4fe1-876d-9c06af0925bd"}},{"type":"Feature","id":577096,"geometry":{"type":"Point","coordinates":[1210730,4784084]},"properties":{"OBJECTID":577096,"name":"Rakeahua Hut","place":"Rakiura National Park","region":"Southland","bookable":"No","facilities":"Heating, Mattresses, Toilets - non-flush, Water from tap - not treated, boil before use, Water supply","hasAlerts":"Refer to DOC website for current alerts","introductionThumbnail":"https://www.doc.govt.nz/thumbs/large/link/b5700237bbcf4e6595cb136065e140ee.jpg","staticLink":"https://www.doc.govt.nz/link/fad1a59c35864bd2908b99a5339209f4.aspx","locationString":"Rakiura National Park","x":1210730,"y":4784084,"assetId":100055694,"dateLoadedToGIS":"Tue, 05 Aug 2025 08:37:51 GMT","GlobalID":"42477331-34ee-498b-9a12-eca63d3b9d22"}},{"type":"Feature","id":577097,"geometry":{"type":"Point","coordinates":[1947204,5701418]},"properties":{"OBJECTID":577097,"name":"Marauiti Hut","place":"Te Urewera","region":"East Coast","bookable":"Yes","facilities":"Heating, Mattresses, Toilets - non-flush, Water from tap - not treated, boil before use, Water supply","hasAlerts":"Refer to DOC website for current alerts","introductionThumbnail":"https://www.doc.govt.nz/thumbs/large/link/af934b3313f341f5a8315a149a7bd3be.aspx","staticLink":"https://www.doc.govt.nz/link/f571b6a1ef314e13919cd69c57296fe0.aspx","locationString":"Te Urewera","x":1947204,"y":5701418,"assetId":100033502,"dateLoadedToGIS":"Tue, 05 Aug 2025 08:37:51 GMT","GlobalID":"f109e158-b1d8-4038-970a-b0f8653c87f0"}},{"type":"Feature","id":577098,"geometry":{"type":"Point","coordinates":[1531499,5400061]},"properties":{"OBJECTID":577098,"name":"Mōkihinui Forks Hut","place":"Mōkihinui River area","region":"West Coast","bookable":"No","facilities":"Heating, Mattresses, Toilets - non-flush, Water from tap - not treated, boil before use, Water supply","hasAlerts":"Refer to DOC website for current alerts","introductionThumbnail":"https://www.doc.govt.nz/thumbs/large/link/c6df24c32e77404e977691eb45c04930.aspx","staticLink":"https://www.doc.govt.nz/link/b9da46ab811d4a059b63f08c0c04536b.aspx","locationString":"Mōkihinui River area","x":1531499,"y":5400061,"assetId":100060751,"dateLoadedToGIS":"Tue, 05 Aug 2025 08:37:51 GMT","GlobalID":"c0453309-5532-4cd5-9955-ca7250a6f782"}},{"type":"Feature","id":577099,"geometry":{"type":"Point","coordinates":[1448645.7954,5241628.7592]},"properties":{"OBJECTID":577099,"name":"Cedar Flat Hut","place":"Kokatahi River - Whitcombe River area","region":"West Coast","bookable":"No","facilities":"Mattresses, Toilets - non-flush, Water from tap - not treated, boil before use, Water supply","hasAlerts":"Refer to DOC website for current alerts","introductionThumbnail":"https://www.doc.govt.nz/thumbs/large/link/e417e4b4138546709eda7bc2ad31d02d.jpg","staticLink":"https://www.doc.govt.nz/link/d7f2096f016b466a822ddfc783b2b905.aspx","locationString":"Kokatahi River - Whitcombe River area","x":1448646,"y":5241629,"assetId":100062207,"dateLoadedToGIS":"Tue, 05 Aug 2025 08:37:51 GMT","GlobalID":"071202e8-ad64-46e7-b76b-bde855564b3f"}},{"type":"Feature","id":577100,"geometry":{"type":"Point","coordinates":[1542433,5281629]},"properties":{"OBJECTID":577100,"name":"Hope Halfway Hut","place":"Lake Sumner Forest Park","region":"Canterbury","bookable":"No","facilities":"Mattresses, Toilets - non-flush, Water from stream, Water supply","hasAlerts":"Refer to DOC website for current alerts","introductionThumbnail":"https://www.doc.govt.nz/thumbs/large/link/8e51078f368545bb8c7194c339450d21.jpg","staticLink":"https://www.doc.govt.nz/link/2fb0c49defa5497694ecb21a8729bf29.aspx","locationString":"Lake Sumner Forest Park","x":1542433,"y":5281629,"assetId":100062861,"dateLoadedToGIS":"Tue, 05 Aug 2025 08:37:52 GMT","GlobalID":"89f3a926-6842-4ffc-b62d-4e1d012e796b"}},{"type":"Feature","id":577101,"geometry":{"type":"Point","coordinates":[1417227,5179976]},"properties":{"OBJECTID":577101,"name":"Growler Hut","place":"Rangitata and Rakaia Rivers area","region":"Canterbury","bookable":"No","facilities":"Heating, Mattresses, Toilets - non-flush, Water from stream, Water supply","hasAlerts":"Refer to DOC website for current alerts","introductionThumbnail":"https://www.doc.govt.nz/thumbs/large/link/03a3c94a8483404cbc3181c71a353494.jpg","staticLink":"https://www.doc.govt.nz/link/4e3ce6e52e764e69bf0083b4259def9c.aspx","locationString":"Rangitata and Rakaia Rivers area","x":1417227,"y":5179976,"assetId":100083032,"dateLoadedToGIS":"Tue, 05 Aug 2025 08:37:52 GMT","GlobalID":"906b243e-0c11-4a38-b331-a981382b23e4"}},{"type":"Feature","id":577102,"geometry":{"type":"Point","coordinates":[1803285,5477084]},"properties":{"OBJECTID":577102,"name":"Mcgregor Bivvy","place":"Tararua Forest Park","region":"Wairarapa","bookable":"No","facilities":"Toilets - non-flush, Water from tap - not treated, boil before use, Water supply","hasAlerts":"Refer to DOC website for current alerts","introductionThumbnail":"https://www.doc.govt.nz/thumbs/large/link/0d766bf51dd1439d9d9aa9539d7cfdd7.jpg","staticLink":"https://www.doc.govt.nz/link/c80f5148a2cf4179ac3d9a159edf9bfb.aspx","locationString":"Tararua Forest Park","x":1803285,"y":5477084,"assetId":100062970,"dateLoadedToGIS":"Tue, 05 Aug 2025 08:37:52 GMT","GlobalID":"18b34eca-9413-4a6d-a900-21023b43a673"}},{"type":"Feature","id":577103,"geometry":{"type":"Point","coordinates":[1631988,5408568]},"properties":{"OBJECTID":577103,"name":"Richmond Saddle Hut","place":"Mount Richmond Forest Park","region":"Marlborough","bookable":"No","facilities":"Heating, Mattresses, Toilets - non-flush, Water from tap - not treated, boil before use, Water supply","hasAlerts":"Refer to DOC website for current alerts","introductionThumbnail":"https://www.doc.govt.nz/thumbs/large/link/40769774f5894deda87e51a9adce36b0.aspx","staticLink":"https://www.doc.govt.nz/link/d6cff20baa8044d3a67859ae9418fd55.aspx","locationString":"Mount Richmond Forest Park","x":1631988,"y":5408568,"assetId":100063992,"dateLoadedToGIS":"Tue, 05 Aug 2025 08:37:52 GMT","GlobalID":"ff08018a-2b83-46d0-88b5-26a00a67f1b1"}},{"type":"Feature","id":577104,"geometry":{"type":"Point","coordinates":[1881143,5645282]},"properties":{"OBJECTID":577104,"name":"Manson Hut","place":"Kaweka Forest Park","region":"Hawke’s Bay","bookable":"No","facilities":"Heating, Mattresses, Toilets - non-flush, Water from tap - not treated, boil before use, Water supply","hasAlerts":"Refer to DOC website for current alerts","introductionThumbnail":"https://www.doc.govt.nz/thumbs/large/link/e5c7f1859cc84ced91b97f6e5f36af24.jpg","staticLink":"https://www.doc.govt.nz/link/3c6a41d05a944be5a932409ec74687dc.aspx","locationString":"Kaweka Forest Park","x":1881143,"y":5645282,"assetId":100054583,"dateLoadedToGIS":"Tue, 05 Aug 2025 08:37:52 GMT","GlobalID":"eedda7ee-42bd-460a-a788-b03c695ff4bc"}},{"type":"Feature","id":577105,"geometry":{"type":"Point","coordinates":[1421685,5167526]},"properties":{"OBJECTID":577105,"name":"Crooked Spur Hut","place":"Te Kahui Kaupeka Conservation Park","region":"Canterbury","bookable":"No","facilities":"Heating, Mattresses, Toilets - non-flush","hasAlerts":"Refer to DOC website for current alerts","introductionThumbnail":"https://www.doc.govt.nz/thumbs/large/link/b64562e232cb402f992c3a0b67fd5281.jpg","staticLink":"https://www.doc.govt.nz/link/373a2b15dad84a0fb7390dbf722fe9b4.aspx","locationString":"Te Kahui Kaupeka Conservation Park","x":1421685,"y":5167526,"assetId":100083243,"dateLoadedToGIS":"Tue, 05 Aug 2025 08:37:53 GMT","GlobalID":"63adb3af-2145-43ba-8f47-46244ee477a1"}},{"type":"Feature","id":577106,"geometry":{"type":"Point","coordinates":[1950575,5703943]},"properties":{"OBJECTID":577106,"name":"Waiharuru Hut","place":"Te Urewera","region":"East Coast","bookable":"Yes","facilities":"Heating, Mattresses, Toilets - non-flush, Water from tap - not treated, boil before use, Water supply","hasAlerts":"Refer to DOC website for current alerts","introductionThumbnail":"https://www.doc.govt.nz/thumbs/large/link/eb42c35dd45f44a6863f10d41fff0f5c.jpg","staticLink":"https://www.doc.govt.nz/link/8db2e8c3729b4c50becd69e135623f36.aspx","locationString":"Te Urewera","x":1950575,"y":5703943,"assetId":100043530,"dateLoadedToGIS":"Tue, 05 Aug 2025 08:37:53 GMT","GlobalID":"ba99307b-c587-4fa9-9ee4-f3d90baaa58c"}},{"type":"Feature","id":577107,"geometry":{"type":"Point","coordinates":[1251340,5024356]},"properties":{"OBJECTID":577107,"name":"Stoney Creek Hut","place":"Skippers area","region":"Otago","bookable":"No","facilities":"Heating, Mattresses, Toilets - non-flush, Water from stream, Water supply","hasAlerts":"Refer to DOC website for current alerts","introductionThumbnail":"https://www.doc.govt.nz/thumbs/large/link/24cf29569ff649b98dd6b624a7ea2270.jpg","staticLink":"https://www.doc.govt.nz/link/f9c5e1f4cfb04925929666e4c9679688.aspx","locationString":"Skippers area","x":1251340,"y":5024356,"assetId":100064697,"dateLoadedToGIS":"Tue, 05 Aug 2025 08:37:53 GMT","GlobalID":"0a515631-e962-4b07-a310-0df251a4801c"}},{"type":"Feature","id":577108,"geometry":{"type":"Point","coordinates":[1387300,5186600]},"properties":{"OBJECTID":577108,"name":"Whymper Hut","place":"Whataroa area","region":"West Coast","bookable":"No","facilities":"Heating, Mattresses, Toilets - non-flush, Water from tap - not treated, boil before use, Water supply","hasAlerts":"Refer to DOC website for current alerts","introductionThumbnail":"https://www.doc.govt.nz/thumbs/large/link/814a404a701c402b97cca908a90f930c.aspx","staticLink":"https://www.doc.govt.nz/link/c03fae1da39d4f46800bc722b5ae7d1a.aspx","locationString":"Whataroa area","x":1387300,"y":5186600,"assetId":100033580,"dateLoadedToGIS":"Tue, 05 Aug 2025 08:37:53 GMT","GlobalID":"dcc4d9c2-2306-4f69-8969-d72aa9612753"}},{"type":"Feature","id":577109,"geometry":{"type":"Point","coordinates":[1500575,5254983]},"properties":{"OBJECTID":577109,"name":"Worsley Bivvy","place":"Arthur's Pass National Park","region":"Canterbury","bookable":"No","facilities":"Toilets - non-flush, Water from stream, Water supply","hasAlerts":"Refer to DOC website for current alerts","introductionThumbnail":"https://www.doc.govt.nz/thumbs/large/link/f3d721b1d7fc444a9663d8d334da1e3b.jpg","staticLink":"https://www.doc.govt.nz/link/1d723225b48c4a1786aaa53ebe51eb2f.aspx","locationString":"Arthur's Pass National Park","x":1500575,"y":5254983,"assetId":100034581,"dateLoadedToGIS":"Tue, 05 Aug 2025 08:37:53 GMT","GlobalID":"2821a363-a7b1-4442-beef-1cd0d38fbfa0"}},{"type":"Feature","id":577110,"geometry":{"type":"Point","coordinates":[1865030,5591896]},"properties":{"OBJECTID":577110,"name":"Mckinnon Hut","place":"Ruahine Forest Park","region":"Manawatu/Whanganui","bookable":"No","facilities":"Heating, Mattresses, Toilets - non-flush, Water from tap - not treated, boil before use, Water supply","hasAlerts":"Refer to DOC website for current alerts","introductionThumbnail":"https://www.doc.govt.nz/thumbs/large/link/b650f9035f0f4228bd732c682261ff0b.aspx","staticLink":"https://www.doc.govt.nz/link/4a396adcdf474f10b257219b248d7ccd.aspx","locationString":"Ruahine Forest Park","x":1865030,"y":5591896,"assetId":100055712,"dateLoadedToGIS":"Tue, 05 Aug 2025 08:37:53 GMT","GlobalID":"14114695-2efa-4b94-9e33-2597f35bf52b"}},{"type":"Feature","id":577111,"geometry":{"type":"Point","coordinates":[1873800,5661200]},"properties":{"OBJECTID":577111,"name":"Boyd Hut","place":"Kaimanawa Forest Park","region":"Central North Island","bookable":"No","facilities":"Heating, Mattresses, Toilets - non-flush, Water from tap - not treated, boil before use, Water supply","hasAlerts":"Refer to DOC website for current alerts","introductionThumbnail":"https://www.doc.govt.nz/thumbs/large/link/8d37e881ccfb4ca6ade0fa19b093c41a.jpg","staticLink":"https://www.doc.govt.nz/link/4841896069a848eeb886f30a12ce38a0.aspx","locationString":"Kaimanawa Forest Park","x":1873800,"y":5661200,"assetId":100056200,"dateLoadedToGIS":"Tue, 05 Aug 2025 08:37:54 GMT","GlobalID":"b8a5a6c6-7370-44ba-8112-ba2052c351b1"}},{"type":"Feature","id":577112,"geometry":{"type":"Point","coordinates":[1802538,5487610]},"properties":{"OBJECTID":577112,"name":"Te Matawai Hut","place":"Tararua Forest Park","region":"Wellington/Kapiti","bookable":"No","facilities":"Heating, Mattresses, Toilets - non-flush, Water from tap - not treated, boil before use, Water supply","hasAlerts":"Refer to DOC website for current alerts","introductionThumbnail":"https://www.doc.govt.nz/thumbs/large/link/637fef8eb6704a8ca9dbbbe8c1de46e2.jpg","staticLink":"https://www.doc.govt.nz/link/5df70ad193af40628391da8a78694d4d.aspx","locationString":"Tararua Forest Park","x":1802538,"y":5487610,"assetId":100063368,"dateLoadedToGIS":"Tue, 05 Aug 2025 08:37:54 GMT","GlobalID":"5e4b1603-490e-483d-abfd-0b79ae095a04"}},{"type":"Feature","id":577113,"geometry":{"type":"Point","coordinates":[1509672,5269130]},"properties":{"OBJECTID":577113,"name":"Harper Pass Bivvy","place":"Lake Sumner Forest Park","region":"Canterbury","bookable":"No","facilities":"Mattresses, Toilets - non-flush, Water from stream, Water supply","hasAlerts":"Refer to DOC website for current alerts","introductionThumbnail":"https://www.doc.govt.nz/thumbs/large/link/910df2d3840d457e86ea84dccaca6ad0.aspx","staticLink":"https://www.doc.govt.nz/link/c2608ab3810e4048b84afe062a118688.aspx","locationString":"Lake Sumner Forest Park","x":1509672,"y":5269130,"assetId":100063295,"dateLoadedToGIS":"Tue, 05 Aug 2025 08:37:54 GMT","GlobalID":"8aeefad9-b8a2-4428-a304-af9431b698c6"}},{"type":"Feature","id":577114,"geometry":{"type":"Point","coordinates":[1453002,5252141]},"properties":{"OBJECTID":577114,"name":"Mt Brown Hut","place":"Lake Kaniere Scenic Reserve","region":"West Coast","bookable":"Yes","facilities":"Mattresses, Toilets - non-flush, Water from tap - not treated, boil before use, Water supply","hasAlerts":"Refer to DOC website for current alerts","introductionThumbnail":"https://www.doc.govt.nz/thumbs/large/link/95c7d2e5c4bd4f1fa5c1f5e0afb57515.jpg","staticLink":"https://www.doc.govt.nz/link/695d47c6e0f841459a1c6eaf05720d26.aspx","locationString":"Lake Kaniere Scenic Reserve","x":1453002,"y":5252141,"assetId":100088433,"dateLoadedToGIS":"Tue, 05 Aug 2025 08:37:54 GMT","GlobalID":"3128ee73-b765-4c6c-950b-3646ad24a7b9"}},{"type":"Feature","id":577115,"geometry":{"type":"Point","coordinates":[1629683,5420419]},"properties":{"OBJECTID":577115,"name":"Rocks Hut","place":"Mount Richmond Forest Park","region":"Marlborough","bookable":"No","facilities":"Heating, Mattresses, Toilets - non-flush, Water from tap - not treated, boil before use, Water supply","hasAlerts":"Refer to DOC website for current alerts","introductionThumbnail":"https://www.doc.govt.nz/thumbs/large/link/0840253d015048738bafb2ec9b252124.jpg","staticLink":"https://www.doc.govt.nz/link/023da8553a7f49fa849a4cdbae8e806c.aspx","locationString":"Mount Richmond Forest Park","x":1629683,"y":5420419,"assetId":100061255,"dateLoadedToGIS":"Tue, 05 Aug 2025 08:37:54 GMT","GlobalID":"7250dcad-b6de-43ad-92f9-25680904a347"}},{"type":"Feature","id":577116,"geometry":{"type":"Point","coordinates":[1196140,4759438]},"properties":{"OBJECTID":577116,"name":"North Pegasus Hunters Hut","place":"Rakiura National Park","region":"Southland","bookable":"Yes","facilities":"Heating, Mattresses, Toilets - non-flush, Water from tap - not treated, boil before use, Water supply","hasAlerts":"Refer to DOC website for current alerts","introductionThumbnail":"https://www.doc.govt.nz/thumbs/large/link/bade02c1d2774c7e8b213af251f18872.jpg","staticLink":"https://www.doc.govt.nz/link/97ac993fa5e84bf2962a6e45f1702fe3.aspx","locationString":"Rakiura National Park","x":1196140,"y":4759438,"assetId":100040562,"dateLoadedToGIS":"Tue, 05 Aug 2025 08:37:55 GMT","GlobalID":"746ec45e-ceb8-4f6f-b94b-a1e0d0b7c1f7"}},{"type":"Feature","id":577117,"geometry":{"type":"Point","coordinates":[1526171,5253508]},"properties":{"OBJECTID":577117,"name":"Ant Stream Bivvy","place":"Lochinvar Forest Conservation Area","region":"Canterbury","bookable":"No","facilities":"Heating","hasAlerts":"Refer to DOC website for current alerts","introductionThumbnail":"https://www.doc.govt.nz/thumbs/large/link/f497f58c79da41c1a31fd385b3975228.aspx","staticLink":"https://www.doc.govt.nz/link/4f0c355d88584c3da38b264ed82e793f.aspx","locationString":"Lochinvar Forest Conservation Area","x":1526171,"y":5253508,"assetId":100034583,"dateLoadedToGIS":"Tue, 05 Aug 2025 08:37:55 GMT","GlobalID":"59d52f66-9911-42ab-b629-7652fb57532f"}},{"type":"Feature","id":577118,"geometry":{"type":"Point","coordinates":[1243324,5056257]},"properties":{"OBJECTID":577118,"name":"Shelter Rock Hut","place":"Mount Aspiring National Park","region":"Otago","bookable":"No","facilities":"Heating, Mattresses, Toilets - flush, Water from tap - not treated, boil before use, Water supply","hasAlerts":"Refer to DOC website for current alerts","introductionThumbnail":"https://www.doc.govt.nz/thumbs/large/link/15b1faeab0e24ed6811a4299c1c871c1.jpg","staticLink":"https://www.doc.govt.nz/link/a0e292d34190456f84bda1210fbe1ee6.aspx","locationString":"Mount Aspiring National Park","x":1243324,"y":5056257,"assetId":100059128,"dateLoadedToGIS":"Tue, 05 Aug 2025 08:37:55 GMT","GlobalID":"7b57a606-0a5c-470b-8978-862ceaf978cb"}},{"type":"Feature","id":577119,"geometry":{"type":"Point","coordinates":[1486127,5232114]},"properties":{"OBJECTID":577119,"name":"Lagoon Saddle A Frame Hut","place":"Craigieburn Forest Park","region":"Canterbury","bookable":"No","facilities":"Toilets - non-flush, Water from stream, Water supply","hasAlerts":"Refer to DOC website for current alerts","introductionThumbnail":"https://www.doc.govt.nz/thumbs/large/link/0c6de15d863346ee82d5a7db058cb484.aspx","staticLink":"https://www.doc.govt.nz/link/812020186f0542ec82f7b89efba7ff7e.aspx","locationString":"Craigieburn Forest Park","x":1486127,"y":5232114,"assetId":100035121,"dateLoadedToGIS":"Tue, 05 Aug 2025 08:37:55 GMT","GlobalID":"1592f1e8-db96-4766-853c-791dce8d7b5b"}},{"type":"Feature","id":577120,"geometry":{"type":"Point","coordinates":[1304600,5133200]},"properties":{"OBJECTID":577120,"name":"Roaring Billy Hut","place":"Haast, Paringa and Moeraki rivers area","region":"West Coast","bookable":"No","facilities":"Heating, Mattresses, Toilets - non-flush, Water from stream, Water supply","hasAlerts":"Refer to DOC website for current alerts","introductionThumbnail":"https://www.doc.govt.nz/thumbs/large/link/5386978609ae450d9b9db1009267fd21.aspx","staticLink":"https://www.doc.govt.nz/link/360123b88a4f44219f4f7159b9740163.aspx","locationString":"Haast, Paringa and Moeraki rivers area","x":1304600,"y":5133200,"assetId":100061833,"dateLoadedToGIS":"Tue, 05 Aug 2025 08:37:55 GMT","GlobalID":"6a6454a7-2f16-4902-b38e-090ee1526ec5"}},{"type":"Feature","id":577121,"geometry":{"type":"Point","coordinates":[1646434,5325988]},"properties":{"OBJECTID":577121,"name":"Dubious Bivvy","place":"Ka Whata Tu o Rakihouia Clarence","region":"Marlborough","bookable":"No","facilities":"Mattresses, Toilets - non-flush, Water from stream, Water supply","hasAlerts":"Refer to DOC website for current alerts","introductionThumbnail":"https://www.doc.govt.nz/thumbs/large/link/eb9779a44e8b43fa828db8bd6f7d03f7.jpg","staticLink":"https://www.doc.govt.nz/link/3e64a853dba64a5d964d3ab4999dd9b4.aspx","locationString":"Ka Whata Tu o Rakihouia Clarence","x":1646434,"y":5325988,"assetId":100063734,"dateLoadedToGIS":"Tue, 05 Aug 2025 08:37:55 GMT","GlobalID":"58edf2a6-e579-46a1-bdf3-3903d3301333"}},{"type":"Feature","id":577122,"geometry":{"type":"Point","coordinates":[1486645,5227164]},"properties":{"OBJECTID":577122,"name":"West Harper Hut","place":"Craigieburn Forest Park","region":"Canterbury","bookable":"No","facilities":"Heating, Toilets - non-flush, Water from stream, Water supply","hasAlerts":"Refer to DOC website for current alerts","introductionThumbnail":"https://www.doc.govt.nz/thumbs/large/link/5eae150c3dd54042b3f9927930555efc.aspx","staticLink":"https://www.doc.govt.nz/link/5d55aaf9dcda4f128dcb064d2dd26408.aspx","locationString":"Craigieburn Forest Park","x":1486645,"y":5227164,"assetId":100061488,"dateLoadedToGIS":"Tue, 05 Aug 2025 08:37:55 GMT","GlobalID":"29c274ae-454b-4fcb-9127-ac662c3d6f1c"}},{"type":"Feature","id":577123,"geometry":{"type":"Point","coordinates":[1886581,5650579]},"properties":{"OBJECTID":577123,"name":"Venison Tops Hut (Tira Lodge)","place":"Kaweka Forest Park","region":"Hawke’s Bay","bookable":"No","facilities":"Heating, Mattresses, Toilets - non-flush, Water from tap - not treated, boil before use, Water supply","hasAlerts":"Refer to DOC website for current alerts","introductionThumbnail":"https://www.doc.govt.nz/thumbs/large/link/de470c203ffb461d838636e48b43fa38.aspx","staticLink":"https://www.doc.govt.nz/link/7fc41b84486946bea6565439473c74c3.aspx","locationString":"Kaweka Forest Park","x":1886581,"y":5650579,"assetId":100055416,"dateLoadedToGIS":"Tue, 05 Aug 2025 08:37:56 GMT","GlobalID":"72561645-8885-4946-8e61-b5c4320a55fd"}},{"type":"Feature","id":577124,"geometry":{"type":"Point","coordinates":[1633015,5325529]},"properties":{"OBJECTID":577124,"name":"Forbes Hut (Previously Seymour Hut)","place":"Ka Whata Tu o Rakihouia Clarence","region":"Marlborough","bookable":"No","facilities":"Heating, Mattresses, Toilets - non-flush, Water from tap - not treated, boil before use, Water supply","hasAlerts":"Refer to DOC website for current alerts","introductionThumbnail":"https://www.doc.govt.nz/thumbs/large/link/8b62245bd5404dbd8e6a7b2593436cc0.jpg","staticLink":"https://www.doc.govt.nz/link/d0ee03a6bab142699a4017dac0c5d8e6.aspx","locationString":"Ka Whata Tu o Rakihouia Clarence","x":1633015,"y":5325529,"assetId":100039016,"dateLoadedToGIS":"Tue, 05 Aug 2025 08:37:56 GMT","GlobalID":"dec1432e-4c51-4328-8008-d9e4b523a4a8"}},{"type":"Feature","id":577125,"geometry":{"type":"Point","coordinates":[1170293,4958050]},"properties":{"OBJECTID":577125,"name":"Iris Burn Hut  ","place":"Fiordland National Park","region":"Fiordland","bookable":"Yes","facilities":"Cooking, Heating, Mattresses, Lighting, Toilets - flush, Water from tap - not treated, boil before use, Water supply","hasAlerts":"Refer to DOC website for current alerts","introductionThumbnail":"https://www.doc.govt.nz/thumbs/large/link/08c136e314024bc3add935c2a85c93ac.aspx","staticLink":"https://www.doc.govt.nz/link/59306afc10ef4acb9e3592232f4111a1.aspx","locationString":"Fiordland National Park","x":1170293,"y":4958050,"assetId":100055189,"dateLoadedToGIS":"Tue, 05 Aug 2025 08:37:56 GMT","GlobalID":"b5495029-0716-4f34-9069-3890ac3f3ef7"}},{"type":"Feature","id":577126,"geometry":{"type":"Point","coordinates":[1748806,5628576]},"properties":{"OBJECTID":577126,"name":"Trains Hut","place":"Waitōtara Conservation Area","region":"Manawatu/Whanganui","bookable":"No","facilities":"Heating, Mattresses, Toilets - non-flush, Water from tap - not treated, boil before use, Water supply","hasAlerts":"Refer to DOC website for current alerts","introductionThumbnail":"https://www.doc.govt.nz/thumbs/large/link/4f31dff674cd4094bcada5aaf9690c25.aspx","staticLink":"https://www.doc.govt.nz/link/c3398bb13fc94380a5bf3e5ef6fb13dc.aspx","locationString":"Waitōtara Conservation Area","x":1748806,"y":5628576,"assetId":100063550,"dateLoadedToGIS":"Tue, 05 Aug 2025 08:37:56 GMT","GlobalID":"1d606187-4868-40db-9270-d62955aa1799"}},{"type":"Feature","id":577127,"geometry":{"type":"Point","coordinates":[1525995,5271691]},"properties":{"OBJECTID":577127,"name":"Hurunui Hut","place":"Lake Sumner Forest Park","region":"Canterbury","bookable":"No","facilities":"Heating, Mattresses, Toilets - non-flush, Water from tap - not treated, boil before use, Water supply","hasAlerts":"Refer to DOC website for current alerts","introductionThumbnail":"https://www.doc.govt.nz/thumbs/large/link/ccdfb011b177452bae7ba7b0410d381d.aspx","staticLink":"https://www.doc.govt.nz/link/d3a1c61a8d574f1793a11c0c50d3c877.aspx","locationString":"Lake Sumner Forest Park","x":1525995,"y":5271691,"assetId":100062597,"dateLoadedToGIS":"Tue, 05 Aug 2025 08:37:57 GMT","GlobalID":"c2ddfd82-be13-4eb6-bdbf-6010fa5280d6"}},{"type":"Feature","id":577128,"geometry":{"type":"Point","coordinates":[1879224,5607764]},"properties":{"OBJECTID":577128,"name":"Aranga Hut","place":"Ruahine Forest Park","region":"Manawatu/Whanganui","bookable":"No","facilities":null,"hasAlerts":"Refer to DOC website for current alerts","introductionThumbnail":"https://www.doc.govt.nz/thumbs/large/link/caa9871755aa4740badd7e0ee736e988.aspx","staticLink":"https://www.doc.govt.nz/link/14df87e067b14f1aa310c06361e546f0.aspx","locationString":"Ruahine Forest Park","x":1879224,"y":5607764,"assetId":100135652,"dateLoadedToGIS":"Tue, 05 Aug 2025 08:37:57 GMT","GlobalID":"6417010b-0f06-4db6-9395-237108a2e806"}},{"type":"Feature","id":577129,"geometry":{"type":"Point","coordinates":[1614002,5365319]},"properties":{"OBJECTID":577129,"name":"Barbers Hut","place":"Leatham Conservation Area","region":"Marlborough","bookable":"No","facilities":"Heating, Mattresses, Toilets - non-flush, Water from stream, Water supply","hasAlerts":"Refer to DOC website for current alerts","introductionThumbnail":"https://www.doc.govt.nz/thumbs/large/link/771f80c9dc95486a8aa56127b0851e4d.jpg","staticLink":"https://www.doc.govt.nz/link/44532276d9a744359d54fb6b01bae182.aspx","locationString":"Leatham Conservation Area","x":1614002,"y":5365319,"assetId":100075555,"dateLoadedToGIS":"Tue, 05 Aug 2025 08:37:57 GMT","GlobalID":"ba4dd6a8-a321-46d5-acf5-90f9956de3ef"}},{"type":"Feature","id":577130,"geometry":{"type":"Point","coordinates":[1831375,5656557]},"properties":{"OBJECTID":577130,"name":"Waihohonu Hut","place":"Tongariro National Park","region":"Central North Island","bookable":"Yes","facilities":"Cooking, Heating, Mattresses, Toilets - non-flush, Water from tap - not treated, boil before use, Water supply","hasAlerts":"Refer to DOC website for current alerts","introductionThumbnail":"https://www.doc.govt.nz/thumbs/large/link/b58b1055080e472aa5e71092ab26ee4d.jpg","staticLink":"https://www.doc.govt.nz/link/8d2c9df7e97c4a178fcb02057bd891de.aspx","locationString":"Tongariro National Park","x":1831375,"y":5656557,"assetId":100081242,"dateLoadedToGIS":"Tue, 05 Aug 2025 08:37:57 GMT","GlobalID":"af35777b-5ff2-4662-8caf-504c5a46502d"}},{"type":"Feature","id":577131,"geometry":{"type":"Point","coordinates":[1472494,5228343]},"properties":{"OBJECTID":577131,"name":"Back Basins Hide","place":"Craigieburn Forest Park","region":"Canterbury","bookable":"No","facilities":"Toilets - non-flush, Water from tap - not treated, boil before use, Water supply","hasAlerts":"Refer to DOC website for current alerts","introductionThumbnail":"https://www.doc.govt.nz/thumbs/large/link/7dfc8a696688499fbd81b9cb835163c0.aspx","staticLink":"https://www.doc.govt.nz/link/fdbf0e9af1d24b2e989900bd191d2eaa.aspx","locationString":"Craigieburn Forest Park","x":1472494,"y":5228343,"assetId":100061447,"dateLoadedToGIS":"Tue, 05 Aug 2025 08:37:57 GMT","GlobalID":"94caee1a-6b02-4af0-a865-01f31e479665"}},{"type":"Feature","id":577132,"geometry":{"type":"Point","coordinates":[1539600,5409100]},"properties":{"OBJECTID":577132,"name":"Johnson Hut","place":"Mōkihinui River area","region":"West Coast","bookable":"No","facilities":"Heating, Mattresses, Toilets - non-flush, Water from stream, Water supply","hasAlerts":"Refer to DOC website for current alerts","introductionThumbnail":"https://www.doc.govt.nz/thumbs/large/link/47d88504e2244dc08449020d21fad40e.jpg","staticLink":"https://www.doc.govt.nz/link/2829b9d305964f05a1d7314522df3786.aspx","locationString":"Mōkihinui River area","x":1539600,"y":5409100,"assetId":100060197,"dateLoadedToGIS":"Tue, 05 Aug 2025 08:37:57 GMT","GlobalID":"ab6d4c57-45f6-45fc-bcfa-9ce34d4b935e"}},{"type":"Feature","id":577133,"geometry":{"type":"Point","coordinates":[1220862.1199,5100680.0868]},"properties":{"OBJECTID":577133,"name":"Spoon / Morgans Hut","place":"Jackson Bay - Gorge River area","region":"West Coast","bookable":"No","facilities":"Mattresses, Toilets - non-flush, Water from stream, Water supply","hasAlerts":"Refer to DOC website for current alerts","introductionThumbnail":"https://www.doc.govt.nz/thumbs/large/link/d44fb583b6994dd8bebef1ab9187312b.aspx","staticLink":"https://www.doc.govt.nz/link/1cfff8f943f541dc8dfe351952a35a87.aspx","locationString":"Jackson Bay - Gorge River area","x":1220862,"y":5100680,"assetId":100058782,"dateLoadedToGIS":"Tue, 05 Aug 2025 08:37:57 GMT","GlobalID":"758c20c3-b1c2-4fd3-b4fb-3d55e76b386d"}},{"type":"Feature","id":577134,"geometry":{"type":"Point","coordinates":[1489359,5234096]},"properties":{"OBJECTID":577134,"name":"Bealey Hut","place":"Craigieburn Forest Park","region":"Canterbury","bookable":"No","facilities":"Mattresses, Toilets - non-flush, Water from tap - not treated, boil before use, Water supply","hasAlerts":"Refer to DOC website for current alerts","introductionThumbnail":"https://www.doc.govt.nz/thumbs/large/link/f25a87d851604117aa668bb720471bdd.jpg","staticLink":"https://www.doc.govt.nz/link/ff5464f84f5941ecbb0cf1d5f74f80a2.aspx","locationString":"Craigieburn Forest Park","x":1489359,"y":5234096,"assetId":100062737,"dateLoadedToGIS":"Tue, 05 Aug 2025 08:37:58 GMT","GlobalID":"46ab89b6-ea7d-4861-ba68-34cf16f49696"}},{"type":"Feature","id":577135,"geometry":{"type":"Point","coordinates":[1396515,5178442]},"properties":{"OBJECTID":577135,"name":"Eade Memorial Hut","place":"Aoraki/Mount Cook National Park","region":"Canterbury","bookable":"No","facilities":"Mattresses, Lighting, Toilets - non-flush, Water from stream, Water supply","hasAlerts":"Refer to DOC website for current alerts","introductionThumbnail":"https://www.doc.govt.nz/thumbs/large/link/66e20cafc15f4e62add8780d48d8b6ef.aspx","staticLink":"https://www.doc.govt.nz/link/21f5309f0fa6477199b04cc40feb3c70.aspx","locationString":"Aoraki/Mount Cook National Park","x":1396515,"y":5178442,"assetId":100065477,"dateLoadedToGIS":"Tue, 05 Aug 2025 08:37:58 GMT","GlobalID":"4c0a78eb-a4f1-45e8-b320-4fba517d6a89"}},{"type":"Feature","id":577136,"geometry":{"type":"Point","coordinates":[1536447,5291972]},"properties":{"OBJECTID":577136,"name":"Doubtless Hut","place":"Lake Sumner Forest Park","region":"Canterbury","bookable":"No","facilities":"Heating, Mattresses, Toilets - non-flush, Water from stream, Water supply","hasAlerts":"Refer to DOC website for current alerts","introductionThumbnail":"https://www.doc.govt.nz/thumbs/large/link/def172544349444ebae533c6823eb075.jpg","staticLink":"https://www.doc.govt.nz/link/e2fc72c8fa93436697efed3c1117602d.aspx","locationString":"Lake Sumner Forest Park","x":1536447,"y":5291972,"assetId":100075587,"dateLoadedToGIS":"Tue, 05 Aug 2025 08:37:58 GMT","GlobalID":"be11542b-6d3f-4af9-9ea2-e59b553c9ae1"}},{"type":"Feature","id":577137,"geometry":{"type":"Point","coordinates":[1296723,5024205]},"properties":{"OBJECTID":577137,"name":"Kirtle Burn Hut","place":"Pisa Conservation Area","region":"Otago","bookable":"Yes","facilities":"Mattresses, Toilets - non-flush, Water from stream, Water supply","hasAlerts":"Refer to DOC website for current alerts","introductionThumbnail":"https://www.doc.govt.nz/thumbs/large/link/930d822158e3489585172f06c1cab637.jpg","staticLink":"https://www.doc.govt.nz/link/f23299073f02431997d3fe8b7c3c4863.aspx","locationString":"Pisa Conservation Area","x":1296723,"y":5024205,"assetId":100040528,"dateLoadedToGIS":"Tue, 05 Aug 2025 08:37:58 GMT","GlobalID":"c2c79f02-11e0-49de-86b1-4a4cad9ba641"}},{"type":"Feature","id":577138,"geometry":{"type":"Point","coordinates":[1446099,5233932]},"properties":{"OBJECTID":577138,"name":"Frisco Hut","place":"Kokatahi River - Whitcombe River area","region":"West Coast","bookable":"No","facilities":"Mattresses, Toilets - non-flush, Water from stream, Water supply","hasAlerts":"Refer to DOC website for current alerts","introductionThumbnail":"https://www.doc.govt.nz/thumbs/large/link/69df7694f98f4114a443e3039195923f.jpg","staticLink":"https://www.doc.govt.nz/link/80ec716960ce4b3fbf154f78a408de3f.aspx","locationString":"Kokatahi River - Whitcombe River area","x":1446099,"y":5233932,"assetId":100054509,"dateLoadedToGIS":"Tue, 05 Aug 2025 08:37:58 GMT","GlobalID":"2581b584-66b4-46b5-8826-88182e657ce0"}},{"type":"Feature","id":577139,"geometry":{"type":"Point","coordinates":[1621420,5317969]},"properties":{"OBJECTID":577139,"name":"Palmer Hut","place":"Ka Whata Tu o Rakihouia Clarence","region":"Marlborough","bookable":"No","facilities":"Heating, Mattresses, Toilets - non-flush, Water from tap - not treated, boil before use, Water supply","hasAlerts":"Refer to DOC website for current alerts","introductionThumbnail":"https://www.doc.govt.nz/thumbs/large/link/e1054625fff648b7a372603fd1decda4.jpg","staticLink":"https://www.doc.govt.nz/link/9f26b1c402874ed59b69f2436cf0bc17.aspx","locationString":"Ka Whata Tu o Rakihouia Clarence","x":1621420,"y":5317969,"assetId":100039015,"dateLoadedToGIS":"Tue, 05 Aug 2025 08:37:58 GMT","GlobalID":"e9a1002f-4a83-4146-befe-dfd8a1410feb"}},{"type":"Feature","id":577140,"geometry":{"type":"Point","coordinates":[1514188,5270754]},"properties":{"OBJECTID":577140,"name":"Camerons Hut","place":"Lake Sumner Forest Park","region":"Canterbury","bookable":"No","facilities":"Heating, Toilets - non-flush, Water from stream, Water supply","hasAlerts":"Refer to DOC website for current alerts","introductionThumbnail":"https://www.doc.govt.nz/thumbs/large/link/07e38c7e81844d8b95af1ff2c137ae52.jpg","staticLink":"https://www.doc.govt.nz/link/614720484d7d47639e31a00f0f8248be.aspx","locationString":"Lake Sumner Forest Park","x":1514188,"y":5270754,"assetId":100063294,"dateLoadedToGIS":"Tue, 05 Aug 2025 08:37:59 GMT","GlobalID":"1956805e-941e-4e51-ba5d-ac4e03af116e"}},{"type":"Feature","id":577141,"geometry":{"type":"Point","coordinates":[1881404,5645176]},"properties":{"OBJECTID":577141,"name":"History Of Manson Hut","place":"Kaweka Forest Park","region":"Hawke’s Bay","bookable":"No","facilities":"Heating, Toilets - non-flush, Water from stream, Water supply","hasAlerts":"Refer to DOC website for current alerts","introductionThumbnail":"https://www.doc.govt.nz/thumbs/large/link/743cbc220a734a1488fddc6471adea0c.aspx","staticLink":"https://www.doc.govt.nz/link/6acfeaf996ab4d468567bb5dd0d20b14.aspx","locationString":"Kaweka Forest Park","x":1881404,"y":5645176,"assetId":100041021,"dateLoadedToGIS":"Tue, 05 Aug 2025 08:37:59 GMT","GlobalID":"33f125ce-6aa4-4e0f-afb4-94ccbbba70ef"}},{"type":"Feature","id":577142,"geometry":{"type":"Point","coordinates":[1372157,5029532]},"properties":{"OBJECTID":577142,"name":"Wire Yards Hut","place":"Oteake Conservation Park","region":"Otago","bookable":"No","facilities":"Mattresses","hasAlerts":"Refer to DOC website for current alerts","introductionThumbnail":"https://www.doc.govt.nz/thumbs/large/link/165089593cd44b96bbb241a89e4258c6.aspx","staticLink":"https://www.doc.govt.nz/link/f09ca3a333244509a90c421bcaf4d95f.aspx","locationString":"Oteake Conservation Park","x":1372157,"y":5029532,"assetId":100082266,"dateLoadedToGIS":"Tue, 05 Aug 2025 08:37:59 GMT","GlobalID":"18517b9d-95c1-486e-8a92-c3c73b7de6d0"}},{"type":"Feature","id":577143,"geometry":{"type":"Point","coordinates":[1541747,5424111]},"properties":{"OBJECTID":577143,"name":"Kākāpō Hut","place":"Kahurangi National Park","region":"West Coast","bookable":"No","facilities":"Heating, Mattresses, Toilets - non-flush, Water from stream, Water supply","hasAlerts":"Refer to DOC website for current alerts","introductionThumbnail":"https://www.doc.govt.nz/thumbs/large/link/f441bfe363ab4c8886f9e03d772c43e8.jpg","staticLink":"https://www.doc.govt.nz/link/0b1924ec163b46b19fe150e97c9b7a2d.aspx","locationString":"Kahurangi National Park","x":1541747,"y":5424111,"assetId":100072289,"dateLoadedToGIS":"Tue, 05 Aug 2025 08:37:59 GMT","GlobalID":"bb9093fe-ac02-4121-ade2-97727da53026"}},{"type":"Feature","id":577144,"geometry":{"type":"Point","coordinates":[1430281.1695,5222028.8908]},"properties":{"OBJECTID":577144,"name":"Ivory Lake Hut","place":"Waitaha River area","region":"West Coast","bookable":"No","facilities":"Mattresses, Water from stream, Water supply","hasAlerts":"Refer to DOC website for current alerts","introductionThumbnail":"https://www.doc.govt.nz/thumbs/large/link/0c8db21b83ef4526b13480a77aad400b.jpg","staticLink":"https://www.doc.govt.nz/link/ffcf9edf9d8840b5b2a8dcacc9c7b3a3.aspx","locationString":"Waitaha River area","x":1430281,"y":5222029,"assetId":100054670,"dateLoadedToGIS":"Tue, 05 Aug 2025 08:37:59 GMT","GlobalID":"7de19974-7ee1-4fea-90d3-7a879853e851"}},{"type":"Feature","id":577145,"geometry":{"type":"Point","coordinates":[1567414,5338134]},"properties":{"OBJECTID":577145,"name":"Upper D'urville Hut","place":"Nelson Lakes National Park","region":"Nelson/Tasman","bookable":"No","facilities":"Mattresses, Water from stream, Water supply","hasAlerts":"Refer to DOC website for current alerts","introductionThumbnail":"https://www.doc.govt.nz/thumbs/large/link/22de9f57aeca4791a3da109fcddb0c37.aspx","staticLink":"https://www.doc.govt.nz/link/6e221a3717804a82b97d686fd7ac64a0.aspx","locationString":"Nelson Lakes National Park","x":1567414,"y":5338134,"assetId":100061302,"dateLoadedToGIS":"Tue, 05 Aug 2025 08:37:59 GMT","GlobalID":"c73e2b67-8b9f-44af-87b3-2f7b804015bd"}},{"type":"Feature","id":577146,"geometry":{"type":"Point","coordinates":[1536513,5250466]},"properties":{"OBJECTID":577146,"name":"Esk Bivvy","place":"Lochinvar Forest Conservation Area","region":"Canterbury","bookable":"No","facilities":"Heating, Toilets - non-flush, Water from stream, Water supply","hasAlerts":"Refer to DOC website for current alerts","introductionThumbnail":"https://www.doc.govt.nz/thumbs/large/link/f187f5a96874461bbf342230b319bce1.aspx","staticLink":"https://www.doc.govt.nz/link/044025a88f394f3c8c76bac5f0dc9b92.aspx","locationString":"Lochinvar Forest Conservation Area","x":1536513,"y":5250466,"assetId":100034582,"dateLoadedToGIS":"Tue, 05 Aug 2025 08:37:59 GMT","GlobalID":"4122c537-bb66-42e6-b717-22e8254532ec"}},{"type":"Feature","id":577147,"geometry":{"type":"Point","coordinates":[1929319,5703835]},"properties":{"OBJECTID":577147,"name":"Rogers Hut (Te Wairoa)","place":"Whirinaki Te Pua-a-Tāne Conservation Park","region":"East Coast","bookable":"No","facilities":"Heating, Mattresses, Toilets - non-flush, Water from tap - not treated, boil before use, Water supply","hasAlerts":"Refer to DOC website for current alerts","introductionThumbnail":"https://www.doc.govt.nz/thumbs/large/link/f9c82e8c7a3549a2952ada95403c3e15.aspx","staticLink":"https://www.doc.govt.nz/link/150bee4153914c61b9d48f9d3f15f60a.aspx","locationString":"Whirinaki Te Pua-a-Tāne Conservation Park","x":1929319,"y":5703835,"assetId":100056871,"dateLoadedToGIS":"Tue, 05 Aug 2025 08:38:00 GMT","GlobalID":"efcd861c-c5cb-4d48-8cab-3ad5d367c089"}},{"type":"Feature","id":577148,"geometry":{"type":"Point","coordinates":[1584817,5364602]},"properties":{"OBJECTID":577148,"name":"Coldwater Hut","place":"Nelson Lakes National Park","region":"Nelson/Tasman","bookable":"No","facilities":"Heating, Mattresses, Toilets - non-flush, Water from tap - not treated, boil before use, Water supply","hasAlerts":"Refer to DOC website for current alerts","introductionThumbnail":"https://www.doc.govt.nz/thumbs/large/link/7e53ee4a299a46ba9782d719428a9efe.jpg","staticLink":"https://www.doc.govt.nz/link/ec243547389e4a94b83f927a8a98afa9.aspx","locationString":"Nelson Lakes National Park","x":1584817,"y":5364602,"assetId":100060145,"dateLoadedToGIS":"Tue, 05 Aug 2025 08:38:00 GMT","GlobalID":"2040966a-6d24-4fb4-977d-ddb2f97c32dc"}},{"type":"Feature","id":577149,"geometry":{"type":"Point","coordinates":[1449433.2371,5237934.5704]},"properties":{"OBJECTID":577149,"name":"Crystal Bivvy","place":"Kokatahi River - Whitcombe River area","region":"West Coast","bookable":"No","facilities":"Mattresses, Water from stream, Water supply","hasAlerts":"Refer to DOC website for current alerts","introductionThumbnail":"https://www.doc.govt.nz/thumbs/large/link/42401dc3098c4f4ea9656006e5d11530.jpg","staticLink":"https://www.doc.govt.nz/link/eb587aeff6d24975bad39d1c93e15f88.aspx","locationString":"Kokatahi River - Whitcombe River area","x":1449433,"y":5237935,"assetId":100072286,"dateLoadedToGIS":"Tue, 05 Aug 2025 08:38:00 GMT","GlobalID":"378f3281-b4da-446f-b6af-02f9cca345df"}},{"type":"Feature","id":577150,"geometry":{"type":"Point","coordinates":[1791401,5405735]},"properties":{"OBJECTID":577150,"name":"Washpool Hut","place":"Aorangi Forest Park","region":"Wairarapa","bookable":"No","facilities":"Heating, Mattresses, Toilets - non-flush, Water from stream, Water supply","hasAlerts":"Refer to DOC website for current alerts","introductionThumbnail":"https://www.doc.govt.nz/thumbs/large/link/b4b935d0dc7941e8aada7546b12e88ec.aspx","staticLink":"https://www.doc.govt.nz/link/7fc78501048649ecb35bfc9b836024b8.aspx","locationString":"Aorangi Forest Park","x":1791401,"y":5405735,"assetId":100064391,"dateLoadedToGIS":"Tue, 05 Aug 2025 08:38:00 GMT","GlobalID":"335653f1-189d-452c-9ecc-e437f409c65b"}},{"type":"Feature","id":577151,"geometry":{"type":"Point","coordinates":[1487732,5249199]},"properties":{"OBJECTID":577151,"name":"Goat Pass Hut","place":"Arthur's Pass National Park","region":"Canterbury","bookable":"No","facilities":"Mattresses, Toilets - non-flush, Water from tap - not treated, boil before use, Water supply","hasAlerts":"Refer to DOC website for current alerts","introductionThumbnail":"https://www.doc.govt.nz/thumbs/large/link/ce22e77bd35049d7969252e58d94f4cf.jpg","staticLink":"https://www.doc.govt.nz/link/c4c0cef1b00541e29d54b1868c31a10c.aspx","locationString":"Arthur's Pass National Park","x":1487732,"y":5249199,"assetId":100063470,"dateLoadedToGIS":"Tue, 05 Aug 2025 08:38:01 GMT","GlobalID":"b28f66b3-1549-4ad5-9805-ae5538151114"}},{"type":"Feature","id":577152,"geometry":{"type":"Point","coordinates":[1563383.7778,5403085.7304]},"properties":{"OBJECTID":577152,"name":"Granity Pass Hut","place":"Kahurangi National Park","region":"Nelson/Tasman","bookable":"No","facilities":"Mattresses, Toilets - non-flush, Water from tap - not treated, boil before use, Water supply","hasAlerts":"Refer to DOC website for current alerts","introductionThumbnail":"https://www.doc.govt.nz/thumbs/large/link/83b2801c2e0f4c72a42e433c7f897683.jpg","staticLink":"https://www.doc.govt.nz/link/732a35c3baf3442da262633891a9b7a5.aspx","locationString":"Kahurangi National Park","x":1563384,"y":5403086,"assetId":100030531,"dateLoadedToGIS":"Tue, 05 Aug 2025 08:38:01 GMT","GlobalID":"4fe21816-9fd8-422b-b3ec-5244eb1b3d32"}},{"type":"Feature","id":577153,"geometry":{"type":"Point","coordinates":[1534036,5473589]},"properties":{"OBJECTID":577153,"name":"James Mackay Hut","place":"Kahurangi National Park","region":"Nelson/Tasman","bookable":"Yes","facilities":"Cooking, Heating, Mattresses, Lighting, Toilets - flush, Water from tap - not treated, boil before use, Water supply","hasAlerts":"Refer to DOC website for current alerts","introductionThumbnail":"https://www.doc.govt.nz/thumbs/large/link/919c00972e8a4c7db4c79bd3fa8ec582.aspx","staticLink":"https://www.doc.govt.nz/link/1e6478388d4e4b758743f09b76f98de6.aspx","locationString":"Kahurangi National Park","x":1534036,"y":5473589,"assetId":100098722,"dateLoadedToGIS":"Tue, 05 Aug 2025 08:38:01 GMT","GlobalID":"859eb021-3dd9-47a3-971d-76c4f26a7b7b"}},{"type":"Feature","id":577154,"geometry":{"type":"Point","coordinates":[1494227,5275760]},"properties":{"OBJECTID":577154,"name":"Lake Morgan Hut","place":"Ahaura River and Lake Brunner catchments area","region":"West Coast","bookable":"No","facilities":"Mattresses, Toilets - non-flush, Water from tap - not treated, boil before use, Water supply","hasAlerts":"Refer to DOC website for current alerts","introductionThumbnail":"https://www.doc.govt.nz/thumbs/large/link/7aeebf63c4e54ad9b498cd0882af21ca.jpg","staticLink":"https://www.doc.govt.nz/link/2b903fec50f34feca054ecea705b38a4.aspx","locationString":"Ahaura River and Lake Brunner catchments area","x":1494227,"y":5275760,"assetId":100054106,"dateLoadedToGIS":"Tue, 05 Aug 2025 08:38:01 GMT","GlobalID":"fbe08910-09fe-45ed-9d8f-5815d02dec59"}},{"type":"Feature","id":577155,"geometry":{"type":"Point","coordinates":[1594270,5381391]},"properties":{"OBJECTID":577155,"name":"Beebys Hut","place":"Mount Richmond Forest Park","region":"Nelson/Tasman","bookable":"No","facilities":"Heating, Mattresses, Toilets - non-flush, Water from tap - not treated, boil before use, Water supply","hasAlerts":"Refer to DOC website for current alerts","introductionThumbnail":"https://www.doc.govt.nz/thumbs/large/link/bacb06b700184bafa29f429b94d0a83b.jpg","staticLink":"https://www.doc.govt.nz/link/780b807a03f04eb18d299da45bebd005.aspx","locationString":"Mount Richmond Forest Park","x":1594270,"y":5381391,"assetId":100043686,"dateLoadedToGIS":"Tue, 05 Aug 2025 08:38:01 GMT","GlobalID":"85ae44ee-8878-41e8-8f29-03a3314d7686"}},{"type":"Feature","id":577156,"geometry":{"type":"Point","coordinates":[1805522,5481628]},"properties":{"OBJECTID":577156,"name":"Tarn Ridge Hut","place":"Tararua Forest Park","region":"Wairarapa","bookable":"No","facilities":"Heating, Mattresses, Toilets - non-flush, Water from tap - not treated, boil before use, Water supply","hasAlerts":"Refer to DOC website for current alerts","introductionThumbnail":"https://www.doc.govt.nz/thumbs/large/link/39c98624b31c44dcb2745f41bee37730.jpg","staticLink":"https://www.doc.govt.nz/link/4bbe34652eba433486c5b7007f6e3dd6.aspx","locationString":"Tararua Forest Park","x":1805522,"y":5481628,"assetId":100075610,"dateLoadedToGIS":"Tue, 05 Aug 2025 08:38:02 GMT","GlobalID":"8f08fade-9c39-4030-bb25-231a9bc2555c"}},{"type":"Feature","id":577157,"geometry":{"type":"Point","coordinates":[1599772,5388686]},"properties":{"OBJECTID":577157,"name":"Porters Creek Hut","place":"Mount Richmond Forest Park","region":"Nelson/Tasman","bookable":"No","facilities":"Heating, Mattresses, Toilets - non-flush, Water from stream, Water supply","hasAlerts":"Refer to DOC website for current alerts","introductionThumbnail":"https://www.doc.govt.nz/thumbs/large/link/53cb679d792340b084e1effa4bc28273.aspx","staticLink":"https://www.doc.govt.nz/link/6af41d9fa22b474cbf477321b3f0bde1.aspx","locationString":"Mount Richmond Forest Park","x":1599772,"y":5388686,"assetId":100035068,"dateLoadedToGIS":"Tue, 05 Aug 2025 08:38:02 GMT","GlobalID":"3eff3955-d71f-443b-8f30-d1bbcea8ec4c"}},{"type":"Feature","id":577158,"geometry":{"type":"Point","coordinates":[1314955,5141600]},"properties":{"OBJECTID":577158,"name":"Middle Head Hut","place":"Haast, Paringa and Moeraki rivers area","region":"West Coast","bookable":"No","facilities":"Heating, Mattresses, Toilets - non-flush, Water from stream, Water supply","hasAlerts":"Refer to DOC website for current alerts","introductionThumbnail":"https://www.doc.govt.nz/thumbs/large/link/3eac36e07208432e9e84b18fc7224683.aspx","staticLink":"https://www.doc.govt.nz/link/a7c1f61044484635a283b70ae51a5dc9.aspx","locationString":"Haast, Paringa and Moeraki rivers area","x":1314955,"y":5141600,"assetId":100060433,"dateLoadedToGIS":"Tue, 05 Aug 2025 08:38:02 GMT","GlobalID":"4d475461-92f7-4c6f-a040-6ad2d515397a"}},{"type":"Feature","id":577159,"geometry":{"type":"Point","coordinates":[1869253,5672183]},"properties":{"OBJECTID":577159,"name":"Cascade Hut","place":"Kaimanawa Forest Park","region":"Central North Island","bookable":"No","facilities":"Heating, Mattresses, Toilets - non-flush, Water from tap - not treated, boil before use, Water supply","hasAlerts":"Refer to DOC website for current alerts","introductionThumbnail":"https://www.doc.govt.nz/thumbs/large/link/f5d48ebffc234a7a948a4e7829015c4a.jpg","staticLink":"https://www.doc.govt.nz/link/b152bdadbcff4ef8921fbaf3711451aa.aspx","locationString":"Kaimanawa Forest Park","x":1869253,"y":5672183,"assetId":100055906,"dateLoadedToGIS":"Tue, 05 Aug 2025 08:38:02 GMT","GlobalID":"3c35d0fa-3ba7-48a6-b56c-e45be7d31e0b"}},{"type":"Feature","id":577160,"geometry":{"type":"Point","coordinates":[1232579,5056827]},"properties":{"OBJECTID":577160,"name":"Daleys Flat Hut","place":"Mount Aspiring National Park","region":"Otago","bookable":"No","facilities":"Heating, Mattresses, Toilets - non-flush, Water from tap - not treated, boil before use, Water supply","hasAlerts":"Refer to DOC website for current alerts","introductionThumbnail":"https://www.doc.govt.nz/thumbs/large/link/6f35da06a660482ea0e80974b6f54b1e.jpg","staticLink":"https://www.doc.govt.nz/link/88284d007a2642a6b5a6aef96dddff1d.aspx","locationString":"Mount Aspiring National Park","x":1232579,"y":5056827,"assetId":100058830,"dateLoadedToGIS":"Tue, 05 Aug 2025 08:38:02 GMT","GlobalID":"a3a67810-8ca9-4f36-9124-4fbdaf25ae9b"}},{"type":"Feature","id":577161,"geometry":{"type":"Point","coordinates":[1225378,4801352]},"properties":{"OBJECTID":577161,"name":"Port William Hut","place":"Rakiura National Park","region":"Southland","bookable":"Yes","facilities":"Heating, Mattresses, Toilets - non-flush, Water from tap - not treated, boil before use, Water supply","hasAlerts":"Refer to DOC website for current alerts","introductionThumbnail":"https://www.doc.govt.nz/thumbs/large/link/05c2da9a23fd4534b500a12f31b2e2fd.aspx","staticLink":"https://www.doc.govt.nz/link/ccadff28ba044ee6a4066c6b8b8dacd9.aspx","locationString":"Rakiura National Park","x":1225378,"y":4801352,"assetId":100055526,"dateLoadedToGIS":"Tue, 05 Aug 2025 08:38:03 GMT","GlobalID":"4e90a113-3dde-4c98-9705-7b98c10e39a7"}},{"type":"Feature","id":577162,"geometry":{"type":"Point","coordinates":[1985781,5766406]},"properties":{"OBJECTID":577162,"name":"Te Waiti Hut","place":"Ōpōtiki area","region":"East Coast","bookable":"No","facilities":"Heating, Mattresses","hasAlerts":"Refer to DOC website for current alerts","introductionThumbnail":"https://www.doc.govt.nz/thumbs/large/link/d0e2476af6c948dd8b0b0808fef79a20.jpg","staticLink":"https://www.doc.govt.nz/link/9da1f86bd45a4ab19085e4d6722399f4.aspx","locationString":"Ōpōtiki area","x":1985781,"y":5766406,"assetId":100054965,"dateLoadedToGIS":"Tue, 05 Aug 2025 08:38:03 GMT","GlobalID":"3efbf81f-5e76-4052-87d3-6ac9f3bf6425"}},{"type":"Feature","id":577163,"geometry":{"type":"Point","coordinates":[1224198,4962299]},"properties":{"OBJECTID":577163,"name":"Lincoln Hut","place":"Eyre Mountains/Taka Rā Haka Conservation Park","region":"Southland","bookable":"No","facilities":"Heating, Mattresses, Toilets - non-flush, Water from stream, Water supply","hasAlerts":"Refer to DOC website for current alerts","introductionThumbnail":"https://www.doc.govt.nz/thumbs/large/link/322add55a90a4dd08751622aa60ca9de.aspx","staticLink":"https://www.doc.govt.nz/link/85e677fb3ed340e6b3e297e064b9fb7b.aspx","locationString":"Eyre Mountains/Taka Rā Haka Conservation Park","x":1224198,"y":4962299,"assetId":100044685,"dateLoadedToGIS":"Tue, 05 Aug 2025 08:38:03 GMT","GlobalID":"8a90a225-7a85-41b9-83e1-9941b891349e"}},{"type":"Feature","id":577164,"geometry":{"type":"Point","coordinates":[1662489,5381907]},"properties":{"OBJECTID":577164,"name":"Omaka Bivvy","place":"Ferny Gair Conservation Area","region":"Marlborough","bookable":"No","facilities":"Mattresses, Toilets - non-flush, Water from stream, Water supply","hasAlerts":"Refer to DOC website for current alerts","introductionThumbnail":"https://www.doc.govt.nz/thumbs/large/link/f3d5ca9b4cf943229b0e78261471bb0d.jpg","staticLink":"https://www.doc.govt.nz/link/f032575b249649fcb2742aec8b4b0987.aspx","locationString":"Ferny Gair Conservation Area","x":1662489,"y":5381907,"assetId":100059964,"dateLoadedToGIS":"Tue, 05 Aug 2025 08:38:03 GMT","GlobalID":"ea3ae6ea-b758-436f-9843-d12591dfeae5"}},{"type":"Feature","id":577165,"geometry":{"type":"Point","coordinates":[1461532,5255773]},"properties":{"OBJECTID":577165,"name":"Lower Olderog Bivvy","place":"Kelly Range – Styx River area","region":"West Coast","bookable":"No","facilities":"Mattresses, Water from stream, Water supply","hasAlerts":"Refer to DOC website for current alerts","introductionThumbnail":"https://www.doc.govt.nz/thumbs/large/link/4d89140927eb449f9d789df6e9c6bfd2.jpg","staticLink":"https://www.doc.govt.nz/link/266b4512621940b8907c4dfcc705a8d1.aspx","locationString":"Kelly Range – Styx River area","x":1461532,"y":5255773,"assetId":100033867,"dateLoadedToGIS":"Tue, 05 Aug 2025 08:38:03 GMT","GlobalID":"194fa5e9-56af-4606-bef3-412de34fd6cf"}},{"type":"Feature","id":577166,"geometry":{"type":"Point","coordinates":[1700273,6032072]},"properties":{"OBJECTID":577166,"name":"Tangihua Hut","place":"Tangihua Forest","region":"Northland","bookable":"No","facilities":"Mattresses, Toilets - non-flush, Water from tap - not treated, boil before use, Water supply","hasAlerts":"Refer to DOC website for current alerts","introductionThumbnail":"https://www.doc.govt.nz/thumbs/large/link/48284e8b119449d28840224f27f07d7a.aspx","staticLink":"https://www.doc.govt.nz/link/8b6862c14e1645e39e823d016d7e2357.aspx","locationString":"Tangihua Forest","x":1700273,"y":6032072,"assetId":100043899,"dateLoadedToGIS":"Tue, 05 Aug 2025 08:38:04 GMT","GlobalID":"1704c5ab-0603-41a6-b446-0de20b68b608"}},{"type":"Feature","id":577167,"geometry":{"type":"Point","coordinates":[1593295,5470738]},"properties":{"OBJECTID":577167,"name":"Wainui Hut","place":"Abel Tasman National Park","region":"Nelson/Tasman","bookable":"No","facilities":"Heating, Mattresses, Toilets - non-flush, Water from stream, Water supply","hasAlerts":"Refer to DOC website for current alerts","introductionThumbnail":"https://www.doc.govt.nz/thumbs/large/link/0b27ceeca0c8486cac3af007aaa2978e.aspx","staticLink":"https://www.doc.govt.nz/link/6f31cd31c67d4e7a9ede3e9b8ca7a5d8.aspx","locationString":"Abel Tasman National Park","x":1593295,"y":5470738,"assetId":100064317,"dateLoadedToGIS":"Tue, 05 Aug 2025 08:38:04 GMT","GlobalID":"776d7ae7-4b1d-4949-ab3f-5d6e1881a298"}},{"type":"Feature","id":577168,"geometry":{"type":"Point","coordinates":[1496525,5259267]},"properties":{"OBJECTID":577168,"name":"Koropuku Hut","place":"Arthur's Pass National Park","region":"West Coast","bookable":"No","facilities":"Mattresses, Toilets - non-flush, Water from stream, Water supply","hasAlerts":"Refer to DOC website for current alerts","introductionThumbnail":"https://www.doc.govt.nz/thumbs/large/link/88680111d2cd4c38b8a7270d6af00858.aspx","staticLink":"https://www.doc.govt.nz/link/a859b9172e554cc5b76b663c9da23a31.aspx","locationString":"Arthur's Pass National Park","x":1496525,"y":5259267,"assetId":100075785,"dateLoadedToGIS":"Tue, 05 Aug 2025 08:38:04 GMT","GlobalID":"206e6675-5d79-466c-b642-c5facd8ccd9c"}},{"type":"Feature","id":577169,"geometry":{"type":"Point","coordinates":[1167475,4985530]},"properties":{"OBJECTID":577169,"name":"Junction Burn Hut","place":"Fiordland National Park","region":"Fiordland","bookable":"No","facilities":"Heating, Mattresses, Toilets - non-flush, Water from tap - not treated, boil before use, Water supply","hasAlerts":"Refer to DOC website for current alerts","introductionThumbnail":"https://www.doc.govt.nz/thumbs/large/link/646996abd3b54796ad760e53f2d36c64.jpg","staticLink":"https://www.doc.govt.nz/link/b7ffc98545ee4f1da61a5e8404f96905.aspx","locationString":"Fiordland National Park","x":1167475,"y":4985530,"assetId":100035146,"dateLoadedToGIS":"Tue, 05 Aug 2025 08:38:04 GMT","GlobalID":"0a85dc9d-fba7-4f6f-b75f-40ccde2d23ec"}},{"type":"Feature","id":577170,"geometry":{"type":"Point","coordinates":[1805751,5486289]},"properties":{"OBJECTID":577170,"name":"Arete Hut","place":"Tararua Forest Park","region":"Wairarapa","bookable":"No","facilities":"Toilets - non-flush, Water from tap - not treated, boil before use, Water supply","hasAlerts":"Refer to DOC website for current alerts","introductionThumbnail":"https://www.doc.govt.nz/thumbs/large/link/02778b4e25a94b3db9b06c65e61278a6.jpg","staticLink":"https://www.doc.govt.nz/link/6e513c172ebc4163a24fd1e658db48d9.aspx","locationString":"Tararua Forest Park","x":1805751,"y":5486289,"assetId":100038242,"dateLoadedToGIS":"Tue, 05 Aug 2025 08:38:05 GMT","GlobalID":"64d56b1a-804d-4361-9329-12c79da95c11"}},{"type":"Feature","id":577171,"geometry":{"type":"Point","coordinates":[1862065.43,5566916.231]},"properties":{"OBJECTID":577171,"name":"Leon Kinvig Hut","place":"Ruahine Forest Park","region":"Manawatu/Whanganui","bookable":"No","facilities":"Heating, Mattresses, Toilets - non-flush, Water from stream, Water supply","hasAlerts":"Refer to DOC website for current alerts","introductionThumbnail":"https://www.doc.govt.nz/thumbs/large/link/b5b5b25aec184a97a28e7915a75ddbcb.jpg","staticLink":"https://www.doc.govt.nz/link/2387df0ebd814f509af1787a563926b9.aspx","locationString":"Ruahine Forest Park","x":1862065,"y":5566916,"assetId":100072311,"dateLoadedToGIS":"Tue, 05 Aug 2025 08:38:05 GMT","GlobalID":"31af33a5-c720-4670-bf20-f36733777edf"}},{"type":"Feature","id":577172,"geometry":{"type":"Point","coordinates":[1884281,5647475]},"properties":{"OBJECTID":577172,"name":"Rocks Ahead Bivouac","place":"Kaweka Forest Park","region":"Hawke’s Bay","bookable":"No","facilities":"Mattresses, Toilets - non-flush, Water from stream, Water supply","hasAlerts":"Refer to DOC website for current alerts","introductionThumbnail":"https://www.doc.govt.nz/thumbs/large/link/180ff3cfcac44232aba76a9c2f9b1fd3.jpg","staticLink":"https://www.doc.govt.nz/link/b6debdab61a0469e8fc4116faa7edf1b.aspx","locationString":"Kaweka Forest Park","x":1884281,"y":5647475,"assetId":100033736,"dateLoadedToGIS":"Tue, 05 Aug 2025 08:38:05 GMT","GlobalID":"c3a79ddf-9c6f-431c-9edf-ee0d701e0994"}},{"type":"Feature","id":577173,"geometry":{"type":"Point","coordinates":[1591734,5335170]},"properties":{"OBJECTID":577173,"name":"Sedgemere Sleepout","place":"Molesworth Recreation Reserve","region":"Marlborough","bookable":"No","facilities":"Heating, Mattresses, Toilets - non-flush, Water from stream, Water supply","hasAlerts":"Refer to DOC website for current alerts","introductionThumbnail":"https://www.doc.govt.nz/thumbs/large/link/e802c5b1c6ba45459b20f06a5c9477a6.jpg","staticLink":"https://www.doc.govt.nz/link/9a91e10ceac845be82c8253a79aac3d9.aspx","locationString":"Molesworth Recreation Reserve","x":1591734,"y":5335170,"assetId":100065614,"dateLoadedToGIS":"Tue, 05 Aug 2025 08:38:05 GMT","GlobalID":"20659a2e-605c-4ce2-81c4-543107eb5e5f"}},{"type":"Feature","id":577174,"geometry":{"type":"Point","coordinates":[1649033,5316921]},"properties":{"OBJECTID":577174,"name":"Kowhai Hut","place":"Ka Whata Tu o Rakihouia Clarence","region":"Marlborough","bookable":"No","facilities":"Heating, Mattresses, Toilets - non-flush, Water from tap - not treated, boil before use, Water supply","hasAlerts":"Refer to DOC website for current alerts","introductionThumbnail":"https://www.doc.govt.nz/thumbs/large/link/3f93264969dc4c6cb62a3b2df9039fb5.jpg","staticLink":"https://www.doc.govt.nz/link/d2058b26779c42a19c14d7ba08d18df7.aspx","locationString":"Ka Whata Tu o Rakihouia Clarence","x":1649033,"y":5316921,"assetId":100063738,"dateLoadedToGIS":"Tue, 05 Aug 2025 08:38:05 GMT","GlobalID":"63405b10-6174-49ad-bc3c-d5532252300f"}},{"type":"Feature","id":577175,"geometry":{"type":"Point","coordinates":[1765151.4313,5655577.7199]},"properties":{"OBJECTID":577175,"name":"John Coull Hut","place":"Whanganui National Park","region":"Manawatu/Whanganui","bookable":"Yes","facilities":"Cooking, Heating, Mattresses, Toilets - non-flush, Water from tap - not treated, boil before use, Water supply","hasAlerts":"Refer to DOC website for current alerts","introductionThumbnail":"https://www.doc.govt.nz/thumbs/large/link/ef0bb4e8944d4b2ab53ab4e1052a28da.jpg","staticLink":"https://www.doc.govt.nz/link/050de1dd02ec4a3a80cc853c77b22706.aspx","locationString":"Whanganui National Park","x":1765151,"y":5655578,"assetId":100061052,"dateLoadedToGIS":"Tue, 05 Aug 2025 08:38:05 GMT","GlobalID":"48b18d5b-a75b-46fd-8c34-40d67b72eea4"}},{"type":"Feature","id":577176,"geometry":{"type":"Point","coordinates":[1197003,4929788]},"properties":{"OBJECTID":577176,"name":"Whare Creek Hut","place":"Takitimu Conservation Area","region":"Southland","bookable":"No","facilities":"Heating, Mattresses, Toilets - non-flush, Water from stream, Water supply","hasAlerts":"Refer to DOC website for current alerts","introductionThumbnail":"https://www.doc.govt.nz/thumbs/large/link/d1a10c136a5241aab8af368e3a05109f.jpg","staticLink":"https://www.doc.govt.nz/link/416255b3c78341b78b905b18b5bf1ab3.aspx","locationString":"Takitimu Conservation Area","x":1197003,"y":4929788,"assetId":100043834,"dateLoadedToGIS":"Tue, 05 Aug 2025 08:38:05 GMT","GlobalID":"98eccccd-8d46-4034-a9bd-5daa973440fa"}},{"type":"Feature","id":577177,"geometry":{"type":"Point","coordinates":[1972106,5737443]},"properties":{"OBJECTID":577177,"name":"Tawa Hut","place":"Waioweka Conservation Area","region":"East Coast","bookable":"No","facilities":"Heating, Mattresses, Toilets - non-flush, Water from tap - not treated, boil before use, Water supply","hasAlerts":"Refer to DOC website for current alerts","introductionThumbnail":"https://www.doc.govt.nz/thumbs/large/link/36b462a1a01747e28034cb79bbdbe96f.aspx","staticLink":"https://www.doc.govt.nz/link/e7e8bb9c963e42588bd8d07c58e0a49b.aspx","locationString":"Waioweka Conservation Area","x":1972106,"y":5737443,"assetId":100072192,"dateLoadedToGIS":"Tue, 05 Aug 2025 08:38:05 GMT","GlobalID":"f3444542-3cd7-4e00-ab18-e018e86f9b2a"}},{"type":"Feature","id":577178,"geometry":{"type":"Point","coordinates":[1863538,5583390]},"properties":{"OBJECTID":577178,"name":"Pourangaki Hut","place":"Ruahine Forest Park","region":"Manawatu/Whanganui","bookable":"No","facilities":"Heating, Mattresses, Toilets - non-flush, Water from tap - not treated, boil before use, Water supply","hasAlerts":"Refer to DOC website for current alerts","introductionThumbnail":"https://www.doc.govt.nz/thumbs/large/link/688b5a36f77442cc8b960e8ccfb73fda.aspx","staticLink":"https://www.doc.govt.nz/link/1296d5b089c247908100fbdd7e7a2c00.aspx","locationString":"Ruahine Forest Park","x":1863538,"y":5583390,"assetId":100072832,"dateLoadedToGIS":"Tue, 05 Aug 2025 08:38:06 GMT","GlobalID":"f29b3b6f-c632-41da-8d43-a108108fb6ef"}},{"type":"Feature","id":577179,"geometry":{"type":"Point","coordinates":[1871269,5591016]},"properties":{"OBJECTID":577179,"name":"Sunrise Hut","place":"Ruahine Forest Park","region":"Hawke’s Bay","bookable":"Yes","facilities":"Heating, Mattresses, Toilets - non-flush, Water from tap - not treated, boil before use, Water supply","hasAlerts":"Refer to DOC website for current alerts","introductionThumbnail":"https://www.doc.govt.nz/thumbs/large/link/836a0855489e4b41b78a33df61ffb446.jpg","staticLink":"https://www.doc.govt.nz/link/8a90fdba21f54dc6a9ccf2b1943612c8.aspx","locationString":"Ruahine Forest Park","x":1871269,"y":5591016,"assetId":100055421,"dateLoadedToGIS":"Tue, 05 Aug 2025 08:38:06 GMT","GlobalID":"8346fb71-a832-497c-b43a-df8c374b4cd0"}},{"type":"Feature","id":577180,"geometry":{"type":"Point","coordinates":[1348617,5166575]},"properties":{"OBJECTID":577180,"name":"Architect Creek Hut","place":"Westland Tai Poutini National Park","region":"West Coast","bookable":"No","facilities":"Heating, Mattresses, Toilets - non-flush, Water from tap - not treated, boil before use, Water supply","hasAlerts":"Refer to DOC website for current alerts","introductionThumbnail":"https://www.doc.govt.nz/thumbs/large/link/a2fddc04a87d4a72910b3bf9638ebcea.jpg","staticLink":"https://www.doc.govt.nz/link/af61db02aa2443468f5424b45ed86611.aspx","locationString":"Westland Tai Poutini National Park","x":1348617,"y":5166575,"assetId":100061979,"dateLoadedToGIS":"Tue, 05 Aug 2025 08:38:06 GMT","GlobalID":"7be116c8-43c3-46a8-8d84-286ce8078fcd"}},{"type":"Feature","id":577181,"geometry":{"type":"Point","coordinates":[1964313,5708077]},"properties":{"OBJECTID":577181,"name":"Sandy Bay Hut","place":"Te Urewera","region":"East Coast","bookable":"Yes","facilities":"Heating, Mattresses, Toilets - non-flush, Water from tap - not treated, boil before use, Water supply","hasAlerts":"Refer to DOC website for current alerts","introductionThumbnail":"https://www.doc.govt.nz/thumbs/large/link/b8ac354c029f47098422f68de2c3f34a.jpg","staticLink":"https://www.doc.govt.nz/link/94980577c5d94380a974358330c1ede8.aspx","locationString":"Te Urewera","x":1964313,"y":5708077,"assetId":100073082,"dateLoadedToGIS":"Tue, 05 Aug 2025 08:38:06 GMT","GlobalID":"2c042662-0eb5-4f9a-9ccb-b2c190acd332"}},{"type":"Feature","id":577182,"geometry":{"type":"Point","coordinates":[1254925,5030439]},"properties":{"OBJECTID":577182,"name":"Archie's Hut - Copper Creek","place":"Skippers area","region":"Otago","bookable":"No","facilities":"Toilets - non-flush, Water from stream, Water supply","hasAlerts":"Refer to DOC website for current alerts","introductionThumbnail":"https://www.doc.govt.nz/thumbs/large/link/5c957abd98084ead9568ffeb51696c65.jpg","staticLink":"https://www.doc.govt.nz/link/a3fcd6a26d374aa38ee79ef8bd4aa6a4.aspx","locationString":"Skippers area","x":1254925,"y":5030439,"assetId":100031575,"dateLoadedToGIS":"Tue, 05 Aug 2025 08:38:06 GMT","GlobalID":"57813345-d4cb-40ec-ba07-12aa3d7591a2"}},{"type":"Feature","id":577183,"geometry":{"type":"Point","coordinates":[1535331,5422424]},"properties":{"OBJECTID":577183,"name":"Belltown Manunui Hut","place":"Kahurangi National Park","region":"West Coast","bookable":"No","facilities":"Heating, Mattresses, Toilets - non-flush, Water from tap - not treated, boil before use, Water supply","hasAlerts":"Refer to DOC website for current alerts","introductionThumbnail":"https://www.doc.govt.nz/thumbs/large/link/605eb20f334244f480c2a027f7e7682b.aspx","staticLink":"https://www.doc.govt.nz/link/a9d0774f7df549a8bbb438529f678d9b.aspx","locationString":"Kahurangi National Park","x":1535331,"y":5422424,"assetId":100137531,"dateLoadedToGIS":"Tue, 05 Aug 2025 08:38:06 GMT","GlobalID":"6c04db0c-c6b6-4a31-ae8f-16d6bc81beff"}},{"type":"Feature","id":577184,"geometry":{"type":"Point","coordinates":[1579290,5347941]},"properties":{"OBJECTID":577184,"name":"Upper Travers Hut","place":"Nelson Lakes National Park","region":"Nelson/Tasman","bookable":"Yes","facilities":"Heating, Mattresses, Toilets - non-flush, Water from tap - not treated, boil before use, Water supply","hasAlerts":"Refer to DOC website for current alerts","introductionThumbnail":"https://www.doc.govt.nz/thumbs/large/link/c5c9e383ae9541a482ab3a3fc4ce65ec.jpg","staticLink":"https://www.doc.govt.nz/link/ed5dfe642ef840c7bac4187bef46cb08.aspx","locationString":"Nelson Lakes National Park","x":1579290,"y":5347941,"assetId":100041099,"dateLoadedToGIS":"Tue, 05 Aug 2025 08:38:06 GMT","GlobalID":"70273cd1-e663-4f27-897b-c4c79cd3ca8e"}},{"type":"Feature","id":577185,"geometry":{"type":"Point","coordinates":[1603900,5369600]},"properties":{"OBJECTID":577185,"name":"Mid Silverstream Hut","place":"Leatham Conservation Area","region":"Marlborough","bookable":"No","facilities":"Heating, Mattresses, Toilets - non-flush, Water from stream, Water supply","hasAlerts":"Refer to DOC website for current alerts","introductionThumbnail":"https://www.doc.govt.nz/thumbs/large/link/10cb11d096304ef8bda8000fe3e67624.jpg","staticLink":"https://www.doc.govt.nz/link/a3bb5eab2feb4e0bacf6f54beca8c408.aspx","locationString":"Leatham Conservation Area","x":1603900,"y":5369600,"assetId":100061610,"dateLoadedToGIS":"Tue, 05 Aug 2025 08:38:07 GMT","GlobalID":"7b49ca07-4fcb-4f9d-9168-7bb8efbab40c"}},{"type":"Feature","id":577186,"geometry":{"type":"Point","coordinates":[1178800,4949370]},"properties":{"OBJECTID":577186,"name":"Moturau Hut ","place":"Fiordland National Park","region":"Fiordland","bookable":"Yes","facilities":"Cooking, Heating, Mattresses, Lighting, Toilets - flush, Water from tap - not treated, boil before use, Water supply","hasAlerts":"Refer to DOC website for current alerts","introductionThumbnail":"https://www.doc.govt.nz/thumbs/large/link/c4833096db5741e29937e5841fd5725e.jpg","staticLink":"https://www.doc.govt.nz/link/62e02f6c0f384e6982a51bb1f54170c3.aspx","locationString":"Fiordland National Park","x":1178800,"y":4949370,"assetId":100055524,"dateLoadedToGIS":"Tue, 05 Aug 2025 08:38:07 GMT","GlobalID":"d9ca27e9-00b4-47ee-b7a6-fadc1a3416f2"}},{"type":"Feature","id":577187,"geometry":{"type":"Point","coordinates":[1494334,5243986]},"properties":{"OBJECTID":577187,"name":"Sudden Valley Bivvy","place":"Arthur's Pass National Park","region":"Canterbury","bookable":"No","facilities":"Mattresses, Toilets - non-flush, Water from stream, Water supply","hasAlerts":"Refer to DOC website for current alerts","introductionThumbnail":"https://www.doc.govt.nz/thumbs/large/link/734b4d3d405044f489e4b44f2f36e53a.aspx","staticLink":"https://www.doc.govt.nz/link/a22b366ff86747a5bcb6ec922df5a38e.aspx","locationString":"Arthur's Pass National Park","x":1494334,"y":5243986,"assetId":100030268,"dateLoadedToGIS":"Tue, 05 Aug 2025 08:38:07 GMT","GlobalID":"1dd755f6-c423-44f3-9ebf-47a47aaf623f"}},{"type":"Feature","id":577188,"geometry":{"type":"Point","coordinates":[1882437,5669777]},"properties":{"OBJECTID":577188,"name":"Oamaru Hut","place":"Kaimanawa Forest Park","region":"Central North Island","bookable":"No","facilities":"Heating, Mattresses, Toilets - non-flush, Water from tap - not treated, boil before use, Water supply","hasAlerts":"Refer to DOC website for current alerts","introductionThumbnail":"https://www.doc.govt.nz/thumbs/large/link/1dbe68bf95b846759f5c828a35502bce.aspx","staticLink":"https://www.doc.govt.nz/link/04f02aebf07643e784da79cb9499a85c.aspx","locationString":"Kaimanawa Forest Park","x":1882437,"y":5669777,"assetId":100056797,"dateLoadedToGIS":"Tue, 05 Aug 2025 08:38:07 GMT","GlobalID":"0cdd62c6-5fa6-4571-a5f1-584018225867"}},{"type":"Feature","id":577189,"geometry":{"type":"Point","coordinates":[1519009,5245999]},"properties":{"OBJECTID":577189,"name":"Lochinvar Hut","place":"Lochinvar Forest Conservation Area","region":"Canterbury","bookable":"No","facilities":"Heating, Mattresses, Toilets - non-flush, Water from stream, Water supply","hasAlerts":"Refer to DOC website for current alerts","introductionThumbnail":"https://www.doc.govt.nz/thumbs/large/link/9a2b50da04344dcf99331a9da864e266.jpg","staticLink":"https://www.doc.govt.nz/link/5a3f19c2bc684c3d9a8ed0968d65b4fb.aspx","locationString":"Lochinvar Forest Conservation Area","x":1519009,"y":5245999,"assetId":100034523,"dateLoadedToGIS":"Tue, 05 Aug 2025 08:38:07 GMT","GlobalID":"da3c0463-65f2-4e88-a561-82e66a0ba3e9"}},{"type":"Feature","id":577190,"geometry":{"type":"Point","coordinates":[1479012,5244400]},"properties":{"OBJECTID":577190,"name":"Crow Hut","place":"Arthur's Pass National Park","region":"Canterbury","bookable":"No","facilities":"Heating, Mattresses, Toilets - non-flush, Water from stream, Water supply","hasAlerts":"Refer to DOC website for current alerts","introductionThumbnail":"https://www.doc.govt.nz/thumbs/large/link/6bdc069baa7447f182a7b823438fcdf1.jpg","staticLink":"https://www.doc.govt.nz/link/4a37973e08b94c35b25ca03ff8b71a86.aspx","locationString":"Arthur's Pass National Park","x":1479012,"y":5244400,"assetId":100059868,"dateLoadedToGIS":"Tue, 05 Aug 2025 08:38:07 GMT","GlobalID":"a89df130-1222-458a-baa3-f8d3406e4872"}},{"type":"Feature","id":577191,"geometry":{"type":"Point","coordinates":[1449774,5231024]},"properties":{"OBJECTID":577191,"name":"Sir Robert Hut","place":"Kokatahi River - Whitcombe River area","region":"West Coast","bookable":"No","facilities":"Mattresses, Toilets - non-flush, Water from stream, Water supply","hasAlerts":"Refer to DOC website for current alerts","introductionThumbnail":"https://www.doc.govt.nz/thumbs/large/link/6a2adea757fc4b63a88106723573ddc9.aspx","staticLink":"https://www.doc.govt.nz/link/8ab5bb0a75be4b09b36034913d90dc87.aspx","locationString":"Kokatahi River - Whitcombe River area","x":1449774,"y":5231024,"assetId":100054137,"dateLoadedToGIS":"Tue, 05 Aug 2025 08:38:07 GMT","GlobalID":"8314607e-adfc-46a2-81cf-b0cb3510ad2e"}},{"type":"Feature","id":577192,"geometry":{"type":"Point","coordinates":[1585630,5333961]},"properties":{"OBJECTID":577192,"name":"Island Gully Hut","place":"Molesworth Recreation Reserve","region":"Marlborough","bookable":"No","facilities":"Heating, Mattresses, Toilets - non-flush, Water from stream, Water supply","hasAlerts":"Refer to DOC website for current alerts","introductionThumbnail":"https://www.doc.govt.nz/thumbs/large/link/09d1bbb5d3e84b94ae08524eab5f35f6.jpg","staticLink":"https://www.doc.govt.nz/link/810b2065627143faa4815c21da85a485.aspx","locationString":"Molesworth Recreation Reserve","x":1585630,"y":5333961,"assetId":100043689,"dateLoadedToGIS":"Tue, 05 Aug 2025 08:38:07 GMT","GlobalID":"69b7f74a-e123-4769-85bc-c539a4c29c18"}},{"type":"Feature","id":577193,"geometry":{"type":"Point","coordinates":[1868078,5570756]},"properties":{"OBJECTID":577193,"name":"Awatere Hut","place":"Ruahine Forest Park","region":"Hawke’s Bay","bookable":"No","facilities":"Heating, Mattresses, Toilets - non-flush, Water from stream, Water supply","hasAlerts":"Refer to DOC website for current alerts","introductionThumbnail":"https://www.doc.govt.nz/thumbs/large/link/9bd415be0be6457f9aeff5e87c6fe41b.aspx","staticLink":"https://www.doc.govt.nz/link/623556eb1ffd482ebe7e4829da68a45e.aspx","locationString":"Ruahine Forest Park","x":1868078,"y":5570756,"assetId":100071769,"dateLoadedToGIS":"Tue, 05 Aug 2025 08:38:08 GMT","GlobalID":"fc4b1ca9-2e7b-4ffc-89b8-72a8eb351057"}},{"type":"Feature","id":577194,"geometry":{"type":"Point","coordinates":[1193915,4758847]},"properties":{"OBJECTID":577194,"name":"South Pegasus Hunters Hut","place":"Rakiura National Park","region":"Southland","bookable":"Yes","facilities":"Heating, Mattresses, Toilets - non-flush, Water from tap - not treated, boil before use, Water supply","hasAlerts":"Refer to DOC website for current alerts","introductionThumbnail":"https://www.doc.govt.nz/thumbs/large/link/0a51d7332ad14b3598ba6e61f7ad65d3.jpg","staticLink":"https://www.doc.govt.nz/link/62aec770e8d346cc8fea4f2bb890a86f.aspx","locationString":"Rakiura National Park","x":1193915,"y":4758847,"assetId":100040563,"dateLoadedToGIS":"Tue, 05 Aug 2025 08:38:08 GMT","GlobalID":"d97629cd-fe73-422c-ad8f-274f5d94a4b6"}},{"type":"Feature","id":577195,"geometry":{"type":"Point","coordinates":[1452985.3909,5245575.9377]},"properties":{"OBJECTID":577195,"name":"Boo Boo Hut","place":"Kokatahi River - Whitcombe River area","region":"West Coast","bookable":"No","facilities":"Heating, Mattresses, Toilets - non-flush, Water from stream, Water supply","hasAlerts":"Refer to DOC website for current alerts","introductionThumbnail":"https://www.doc.govt.nz/thumbs/large/link/8cb6f08a8c5746d9a6ff46c8fc820f58.aspx","staticLink":"https://www.doc.govt.nz/link/bb58618eeca447d8aa4a47c152f52bb6.aspx","locationString":"Kokatahi River - Whitcombe River area","x":1452985,"y":5245576,"assetId":100035203,"dateLoadedToGIS":"Tue, 05 Aug 2025 08:38:08 GMT","GlobalID":"3b850cdf-c5ab-426c-a3b0-42b595ba2e2f"}},{"type":"Feature","id":577196,"geometry":{"type":"Point","coordinates":[1555509,5428627]},"properties":{"OBJECTID":577196,"name":"Crow Hut","place":"Kahurangi National Park","region":"Nelson/Tasman","bookable":"No","facilities":"Heating, Mattresses, Toilets - non-flush, Water from tap - not treated, boil before use, Water supply","hasAlerts":"Refer to DOC website for current alerts","introductionThumbnail":"https://www.doc.govt.nz/thumbs/large/link/4e4f35cd41cd4929959cadbdd7908ec1.jpg","staticLink":"https://www.doc.govt.nz/link/77043b1591754a579bb78cf849703331.aspx","locationString":"Kahurangi National Park","x":1555509,"y":5428627,"assetId":100081884,"dateLoadedToGIS":"Tue, 05 Aug 2025 08:38:08 GMT","GlobalID":"8101e554-35dd-4d68-ac91-a330e86d4611"}},{"type":"Feature","id":577197,"geometry":{"type":"Point","coordinates":[1463020.3385,5246749.6823]},"properties":{"OBJECTID":577197,"name":"Harman Hut","place":"Kelly Range – Styx River area","region":"West Coast","bookable":"No","facilities":"Heating, Mattresses, Toilets - non-flush, Water from tap - not treated, boil before use, Water supply","hasAlerts":"Refer to DOC website for current alerts","introductionThumbnail":"https://www.doc.govt.nz/thumbs/large/link/74ad42216e7f4fa690cdb0d7427d2f31.jpg","staticLink":"https://www.doc.govt.nz/link/c02c87dbf5684dc8917b7c78b9ec9f31.aspx","locationString":"Kelly Range – Styx River area","x":1463020,"y":5246750,"assetId":100062499,"dateLoadedToGIS":"Tue, 05 Aug 2025 08:38:08 GMT","GlobalID":"f883e27c-ffe5-4118-a1f2-2e8d79f7a295"}},{"type":"Feature","id":577198,"geometry":{"type":"Point","coordinates":[1233669,4778031]},"properties":{"OBJECTID":577198,"name":"Port Adventure Hunters Hut","place":"Rakiura National Park","region":"Southland","bookable":"Yes","facilities":"Heating, Mattresses, Toilets - non-flush, Water from tap - not treated, boil before use, Water supply","hasAlerts":"Refer to DOC website for current alerts","introductionThumbnail":"https://www.doc.govt.nz/thumbs/large/link/aa28d56483334dee9ac834ceb55756cd.jpg","staticLink":"https://www.doc.govt.nz/link/0a2f2d7b0c64400e87c02f844b81d987.aspx","locationString":"Rakiura National Park","x":1233669,"y":4778031,"assetId":100072277,"dateLoadedToGIS":"Tue, 05 Aug 2025 08:38:08 GMT","GlobalID":"ad05ec00-6846-4ebc-a4c2-48b931ab3a02"}},{"type":"Feature","id":577199,"geometry":{"type":"Point","coordinates":[1564140,5318100]},"properties":{"OBJECTID":577199,"name":"Christopher Hut","place":"St James Conservation Area","region":"Canterbury","bookable":"Yes","facilities":"Heating, Mattresses, Toilets - non-flush, Water from tap - not treated, boil before use, Water supply","hasAlerts":"Refer to DOC website for current alerts","introductionThumbnail":"https://www.doc.govt.nz/thumbs/large/link/8a68687cccad4a3fba9f1229bd0811e5.jpg","staticLink":"https://www.doc.govt.nz/link/37715c0b499e4cb3a714175e030a850d.aspx","locationString":"St James Conservation Area","x":1564140,"y":5318100,"assetId":100063066,"dateLoadedToGIS":"Tue, 05 Aug 2025 08:38:09 GMT","GlobalID":"779eb874-9eee-494d-b3b6-f226c3473388"}},{"type":"Feature","id":577200,"geometry":{"type":"Point","coordinates":[1634715,5410207]},"properties":{"OBJECTID":577200,"name":"Mt Fell Hut","place":"Mount Richmond Forest Park","region":"Marlborough","bookable":"No","facilities":"Heating, Mattresses, Toilets - non-flush, Water from tap - not treated, boil before use, Water supply","hasAlerts":"Refer to DOC website for current alerts","introductionThumbnail":"https://www.doc.govt.nz/thumbs/large/link/5879e696631b4c91bfbebacbcf9de43d.jpg","staticLink":"https://www.doc.govt.nz/link/d219f964123d4370b2a3fd3c7006d8a7.aspx","locationString":"Mount Richmond Forest Park","x":1634715,"y":5410207,"assetId":100060987,"dateLoadedToGIS":"Tue, 05 Aug 2025 08:38:09 GMT","GlobalID":"8815e0d8-91bf-4b24-885e-e73c85289b22"}},{"type":"Feature","id":577201,"geometry":{"type":"Point","coordinates":[1516461,5226232]},"properties":{"OBJECTID":577201,"name":"Puketeraki Bivvy","place":"Oxford Forest Conservation Area","region":"Canterbury","bookable":"No","facilities":"Heating, Toilets - non-flush, Water from stream, Water supply","hasAlerts":"Refer to DOC website for current alerts","introductionThumbnail":"https://www.doc.govt.nz/thumbs/large/link/db2c5336fc5a44b79f14ef3129354b08.aspx","staticLink":"https://www.doc.govt.nz/link/196ad2381f8e479a832971cd3b919e92.aspx","locationString":"Oxford Forest Conservation Area","x":1516461,"y":5226232,"assetId":100034521,"dateLoadedToGIS":"Tue, 05 Aug 2025 08:38:09 GMT","GlobalID":"67cb433d-9748-47e4-b921-a623fcc9a7ee"}},{"type":"Feature","id":577202,"geometry":{"type":"Point","coordinates":[1160519,4952725]},"properties":{"OBJECTID":577202,"name":"Freeman Burn Hut","place":"Fiordland National Park","region":"Fiordland","bookable":"No","facilities":"Heating, Mattresses, Toilets - non-flush, Water from stream, Water supply","hasAlerts":"Refer to DOC website for current alerts","introductionThumbnail":"https://www.doc.govt.nz/thumbs/large/link/c7d73ce2f73b4994ac48d2174f2a2fb8.aspx","staticLink":"https://www.doc.govt.nz/link/b3966fe23ce24c40a444fbae3be992a7.aspx","locationString":"Fiordland National Park","x":1160519,"y":4952725,"assetId":100074675,"dateLoadedToGIS":"Tue, 05 Aug 2025 08:38:09 GMT","GlobalID":"75bf39f6-d025-4e54-8949-fb6d9ae55486"}},{"type":"Feature","id":577203,"geometry":{"type":"Point","coordinates":[1813820.7436,5993096.9245]},"properties":{"OBJECTID":577203,"name":"Kaiaraara Hut","place":"Great Barrier Island/Aotea","region":"Auckland","bookable":"Yes","facilities":"Cooking, Heating, Mattresses, Toilets - non-flush, Water from tap - not treated, boil before use, Water supply","hasAlerts":"Refer to DOC website for current alerts","introductionThumbnail":"https://www.doc.govt.nz/thumbs/large/link/55f6fa13142b4682a2256b7c0af51a76.jpg","staticLink":"https://www.doc.govt.nz/link/9fe87fadf3cc4794a8b0a5cac6285e1e.aspx","locationString":"Great Barrier Island/Aotea","x":1813821,"y":5993097,"assetId":100073976,"dateLoadedToGIS":"Tue, 05 Aug 2025 08:38:09 GMT","GlobalID":"08b29cca-757f-4a10-bc3e-42cdf94f53f4"}},{"type":"Feature","id":577204,"geometry":{"type":"Point","coordinates":[1817391,5643259]},"properties":{"OBJECTID":577204,"name":"Lupton Hut","place":"Tongariro National Park","region":"Central North Island","bookable":"Yes","facilities":"Heating, Mattresses, Toilets - non-flush, Water from tap - not treated, boil before use, Water supply","hasAlerts":"Refer to DOC website for current alerts","introductionThumbnail":"https://www.doc.govt.nz/images/no-photo/no-photo-220x140.jpg","staticLink":"https://www.doc.govt.nz/link/9ad6cf5485b3472796cafcf3504a4e37.aspx","locationString":"Tongariro National Park","x":1817391,"y":5643259,"assetId":100055595,"dateLoadedToGIS":"Tue, 05 Aug 2025 08:38:09 GMT","GlobalID":"17d9e1bd-f454-4b4d-8cb9-df42a3269350"}},{"type":"Feature","id":577205,"geometry":{"type":"Point","coordinates":[1553072.0552,5425942.8787]},"properties":{"OBJECTID":577205,"name":"Venus Hut","place":"Kahurangi National Park","region":"Nelson/Tasman","bookable":"No","facilities":"Heating, Mattresses, Toilets - non-flush, Water from tap - not treated, boil before use, Water supply","hasAlerts":"Refer to DOC website for current alerts","introductionThumbnail":"https://www.doc.govt.nz/thumbs/large/link/d92cfb1a9e804050af1a8c0f9fcfdee8.aspx","staticLink":"https://www.doc.govt.nz/link/f47f2abd98f74b30bc0f33371c285883.aspx","locationString":"Kahurangi National Park","x":1553072,"y":5425943,"assetId":100082399,"dateLoadedToGIS":"Tue, 05 Aug 2025 08:38:09 GMT","GlobalID":"72e6101b-46e0-47cb-b9bb-f2ef9fa2d9e4"}},{"type":"Feature","id":577206,"geometry":{"type":"Point","coordinates":[1215864,5096469]},"properties":{"OBJECTID":577206,"name":"Gorge River Hut","place":"Jackson Bay - Gorge River area","region":"West Coast","bookable":"No","facilities":"Heating, Mattresses, Toilets - non-flush, Water from tap - not treated, boil before use, Water supply","hasAlerts":"Refer to DOC website for current alerts","introductionThumbnail":"https://www.doc.govt.nz/thumbs/large/link/1855d9d906544cfe82e208e0ddc8d3bc.jpg","staticLink":"https://www.doc.govt.nz/link/cadccf44fc2a4537b34a0a3483228996.aspx","locationString":"Jackson Bay - Gorge River area","x":1215864,"y":5096469,"assetId":100058994,"dateLoadedToGIS":"Tue, 05 Aug 2025 08:38:10 GMT","GlobalID":"6dd5f35f-0c55-43a2-93fc-b28593f9a9a0"}},{"type":"Feature","id":577207,"geometry":{"type":"Point","coordinates":[1966559,5727964]},"properties":{"OBJECTID":577207,"name":"Te Rangaakapua Hut","place":"Te Urewera","region":"East Coast","bookable":"No","facilities":"Heating, Mattresses, Toilets - non-flush, Water from tap - not treated, boil before use, Water supply","hasAlerts":"Refer to DOC website for current alerts","introductionThumbnail":"https://www.doc.govt.nz/images/no-photo/no-photo-220x140.jpg","staticLink":"https://www.doc.govt.nz/link/8e30ec824e3f42c3b8da383e3928f491.aspx","locationString":"Te Urewera","x":1966559,"y":5727964,"assetId":100075617,"dateLoadedToGIS":"Tue, 05 Aug 2025 08:38:10 GMT","GlobalID":"05b2e582-06e1-42bc-b777-32f12268acea"}},{"type":"Feature","id":577208,"geometry":{"type":"Point","coordinates":[1532552,5296803]},"properties":{"OBJECTID":577208,"name":"Top Robinson Hut","place":"Victoria Forest Park","region":"West Coast","bookable":"No","facilities":"Heating, Mattresses, Toilets - non-flush, Water from stream, Water supply","hasAlerts":"Refer to DOC website for current alerts","introductionThumbnail":"https://www.doc.govt.nz/thumbs/large/link/9cbb8d43cf5544f0a57a4e1828f91335.jpg","staticLink":"https://www.doc.govt.nz/link/bc08863c56f04af38e27b62239051705.aspx","locationString":"Victoria Forest Park","x":1532552,"y":5296803,"assetId":100062315,"dateLoadedToGIS":"Tue, 05 Aug 2025 08:38:10 GMT","GlobalID":"88ca9279-2251-49d9-9cfc-98922cfe605e"}},{"type":"Feature","id":577209,"geometry":{"type":"Point","coordinates":[1571028,5318288]},"properties":{"OBJECTID":577209,"name":"Lake Guyon Hut","place":"St James Conservation Area","region":"Canterbury","bookable":"No","facilities":"Heating, Mattresses, Toilets - non-flush, Water from stream, Water supply","hasAlerts":"Refer to DOC website for current alerts","introductionThumbnail":"https://www.doc.govt.nz/thumbs/large/link/8a0b613b13ad464490a75e5b819be485.jpg","staticLink":"https://www.doc.govt.nz/link/bf1a309592184fb79b19aa6f5d4b3592.aspx","locationString":"St James Conservation Area","x":1571028,"y":5318288,"assetId":100062868,"dateLoadedToGIS":"Tue, 05 Aug 2025 08:38:10 GMT","GlobalID":"eaae8ac0-04e0-4cb2-8c66-4a804ddc688b"}},{"type":"Feature","id":577210,"geometry":{"type":"Point","coordinates":[1927630,5697920]},"properties":{"OBJECTID":577210,"name":"Mangakahika Hut","place":"Whirinaki Te Pua-a-Tāne Conservation Park","region":"East Coast","bookable":"No","facilities":"Heating, Mattresses, Toilets - non-flush, Water from tap - not treated, boil before use, Water supply","hasAlerts":"Refer to DOC website for current alerts","introductionThumbnail":"https://www.doc.govt.nz/thumbs/large/link/0879d097a0c14e8c899ae35d1ea402e8.jpg","staticLink":"https://www.doc.govt.nz/link/a56612f0fdfc4dc2a9baf6a71b6b9c00.aspx","locationString":"Whirinaki Te Pua-a-Tāne Conservation Park","x":1927630,"y":5697920,"assetId":100056127,"dateLoadedToGIS":"Tue, 05 Aug 2025 08:38:10 GMT","GlobalID":"09ad059b-6bf5-4037-83a2-fd8acc46005a"}},{"type":"Feature","id":577211,"geometry":{"type":"Point","coordinates":[1799060,5488950]},"properties":{"OBJECTID":577211,"name":"Waiopehu Hut","place":"Tararua Forest Park","region":"Wellington/Kapiti","bookable":"No","facilities":"Mattresses, Toilets - non-flush, Water from tap - not treated, boil before use, Water supply","hasAlerts":"Refer to DOC website for current alerts","introductionThumbnail":"https://www.doc.govt.nz/thumbs/large/link/8e9609f0ff434bcc8b950426bd6aef6f.jpg","staticLink":"https://www.doc.govt.nz/link/803ae819bc854ab3b30b982adccc0fe9.aspx","locationString":"Tararua Forest Park","x":1799060,"y":5488950,"assetId":100040085,"dateLoadedToGIS":"Tue, 05 Aug 2025 08:38:10 GMT","GlobalID":"94dc311c-adcc-4b9c-8c94-36519e4a30cb"}},{"type":"Feature","id":577212,"geometry":{"type":"Point","coordinates":[1626700,5378200]},"properties":{"OBJECTID":577212,"name":"Turkeys Nest Bivvy","place":"Leatham Conservation Area","region":"Marlborough","bookable":"No","facilities":"Heating, Mattresses, Toilets - non-flush, Water from stream, Water supply","hasAlerts":"Refer to DOC website for current alerts","introductionThumbnail":"https://www.doc.govt.nz/thumbs/large/link/d986219e6c6f441bb3fa17e88a371f65.aspx","staticLink":"https://www.doc.govt.nz/link/c9ea430ff5b946afb2f6275b991b7b5b.aspx","locationString":"Leatham Conservation Area","x":1626700,"y":5378200,"assetId":100043221,"dateLoadedToGIS":"Tue, 05 Aug 2025 08:38:11 GMT","GlobalID":"5ed52368-cca2-4a0b-b332-ccf7f7135fd7"}},{"type":"Feature","id":577213,"geometry":{"type":"Point","coordinates":[1198552,4812145]},"properties":{"OBJECTID":577213,"name":"East Ruggedy Hut","place":"Rakiura National Park","region":"Southland","bookable":"No","facilities":"Heating, Mattresses, Toilets - non-flush, Water from tap - not treated, boil before use, Water supply","hasAlerts":"Refer to DOC website for current alerts","introductionThumbnail":"https://www.doc.govt.nz/thumbs/large/link/c26d1c2a2e2a4bc18ca455ac85bfbbf7.jpg","staticLink":"https://www.doc.govt.nz/link/45f90e681e0f41aa89380bfc63a0d725.aspx","locationString":"Rakiura National Park","x":1198552,"y":4812145,"assetId":100053970,"dateLoadedToGIS":"Tue, 05 Aug 2025 08:38:11 GMT","GlobalID":"6737cacb-a60c-4a0a-930e-a524ec624566"}},{"type":"Feature","id":577214,"geometry":{"type":"Point","coordinates":[1405203,4934953]},"properties":{"OBJECTID":577214,"name":"Philip J Cox Memorial Hut","place":"Silverpeaks Scenic Reserve","region":"Otago","bookable":"No","facilities":"Mattresses, Toilets - non-flush, Water from tap - not treated, boil before use, Water supply","hasAlerts":"Refer to DOC website for current alerts","introductionThumbnail":"https://www.doc.govt.nz/thumbs/large/link/eecddda7e59845fea30e808a14f1e9ab.jpg","staticLink":"https://www.doc.govt.nz/link/168ade89975044f388b4efbd5cc00dd8.aspx","locationString":"Silverpeaks Scenic Reserve","x":1405203,"y":4934953,"assetId":100091439,"dateLoadedToGIS":"Tue, 05 Aug 2025 08:38:11 GMT","GlobalID":"b846408e-6129-41a2-b767-57ebafec1293"}},{"type":"Feature","id":577215,"geometry":{"type":"Point","coordinates":[1525622,5250224]},"properties":{"OBJECTID":577215,"name":"Ant Stream Hut","place":"Lochinvar Forest Conservation Area","region":"Canterbury","bookable":"No","facilities":"Heating, Toilets - non-flush, Water from stream, Water supply","hasAlerts":"Refer to DOC website for current alerts","introductionThumbnail":"https://www.doc.govt.nz/thumbs/large/link/cdebece6cce14478b0bfe403846fba9c.aspx","staticLink":"https://www.doc.govt.nz/link/cb801ad107164f729401d72014b23757.aspx","locationString":"Lochinvar Forest Conservation Area","x":1525622,"y":5250224,"assetId":100034515,"dateLoadedToGIS":"Tue, 05 Aug 2025 08:38:11 GMT","GlobalID":"fa73a939-f344-44d6-875d-1cd712edb97f"}},{"type":"Feature","id":577216,"geometry":{"type":"Point","coordinates":[1517000,5264800]},"properties":{"OBJECTID":577216,"name":"Upper South Branch Hurunui Hut","place":"Lake Sumner Forest Park","region":"Canterbury","bookable":"No","facilities":"Heating, Toilets - non-flush, Water from stream, Water supply","hasAlerts":"Refer to DOC website for current alerts","introductionThumbnail":"https://www.doc.govt.nz/thumbs/large/link/e304a6a4abc4479d8b0c9aa007a7a363.aspx","staticLink":"https://www.doc.govt.nz/link/c28e9f8fe9a14bcf9d9c643ea859c91f.aspx","locationString":"Lake Sumner Forest Park","x":1517000,"y":5264800,"assetId":100075590,"dateLoadedToGIS":"Tue, 05 Aug 2025 08:38:11 GMT","GlobalID":"e6eed353-d773-4a85-8831-291fe5fe960e"}},{"type":"Feature","id":577217,"geometry":{"type":"Point","coordinates":[1488550,5223911]},"properties":{"OBJECTID":577217,"name":"Hamilton Hut","place":"Craigieburn Forest Park","region":"Canterbury","bookable":"Yes","facilities":"Heating, Mattresses, Toilets - non-flush, Water from tap - not treated, boil before use, Water supply","hasAlerts":"Refer to DOC website for current alerts","introductionThumbnail":"https://www.doc.govt.nz/thumbs/large/link/10f31274e9924f4fa4a3d6a6558c8775.aspx","staticLink":"https://www.doc.govt.nz/link/4a41150c50884c8aac115ac9f6e1038c.aspx","locationString":"Craigieburn Forest Park","x":1488550,"y":5223911,"assetId":100063461,"dateLoadedToGIS":"Tue, 05 Aug 2025 08:38:11 GMT","GlobalID":"46a88010-7fe2-4373-b16b-0bdcf254cc66"}},{"type":"Feature","id":577218,"geometry":{"type":"Point","coordinates":[1218142,5031519]},"properties":{"OBJECTID":577218,"name":"Lake Mackenzie Hut ","place":"Fiordland National Park","region":"Fiordland","bookable":"Yes","facilities":"Cooking, Heating, Mattresses, Lighting, Toilets - flush, Water from tap - not treated, boil before use, Water supply","hasAlerts":"Refer to DOC website for current alerts","introductionThumbnail":"https://www.doc.govt.nz/thumbs/large/link/83b0181610cd414887d7ab7988e2b949.jpg","staticLink":"https://www.doc.govt.nz/link/c19f6d024f754aba83004008fa0364e8.aspx","locationString":"Fiordland National Park","x":1218142,"y":5031519,"assetId":100058875,"dateLoadedToGIS":"Tue, 05 Aug 2025 08:38:11 GMT","GlobalID":"eda4fb71-a897-4b25-9606-077e2f8c1e72"}},{"type":"Feature","id":577219,"geometry":{"type":"Point","coordinates":[1470230,5259371]},"properties":{"OBJECTID":577219,"name":"Scottys Bivvy","place":"Kelly Range – Styx River area","region":"West Coast","bookable":"No","facilities":"Water from tap - not treated, boil before use, Water supply","hasAlerts":"Refer to DOC website for current alerts","introductionThumbnail":"https://www.doc.govt.nz/thumbs/large/link/fdbed032196c4155b32a888427b94ad2.aspx","staticLink":"https://www.doc.govt.nz/link/ba48c804a12146de8b25816bb8d6b15e.aspx","locationString":"Kelly Range – Styx River area","x":1470230,"y":5259371,"assetId":100053869,"dateLoadedToGIS":"Tue, 05 Aug 2025 08:38:11 GMT","GlobalID":"1749bff2-a4cb-458c-943c-497d2ec60ec9"}},{"type":"Feature","id":577220,"geometry":{"type":"Point","coordinates":[1789402,5395469]},"properties":{"OBJECTID":577220,"name":"Mangatoetoe Hut","place":"Aorangi Forest Park","region":"Wairarapa","bookable":"No","facilities":"Heating, Mattresses, Toilets - non-flush, Water from tap - not treated, boil before use, Water supply","hasAlerts":"Refer to DOC website for current alerts","introductionThumbnail":"https://www.doc.govt.nz/thumbs/large/link/5e4f6962218e47af8f571ecb58df7bf4.aspx","staticLink":"https://www.doc.govt.nz/link/204af8bdde6b432799eee7b1ed1218fa.aspx","locationString":"Aorangi Forest Park","x":1789402,"y":5395469,"assetId":100063172,"dateLoadedToGIS":"Tue, 05 Aug 2025 08:38:12 GMT","GlobalID":"cb87fe08-c7bf-459b-9e8d-1861451ccda6"}},{"type":"Feature","id":577221,"geometry":{"type":"Point","coordinates":[1291833,5140693]},"properties":{"OBJECTID":577221,"name":"Coppermine Creek Hut","place":"Haast, Paringa and Moeraki rivers area","region":"West Coast","bookable":"No","facilities":"Heating, Mattresses, Toilets - non-flush, Water from tap - not treated, boil before use, Water supply","hasAlerts":"Refer to DOC website for current alerts","introductionThumbnail":"https://www.doc.govt.nz/thumbs/large/link/6ea618f6239f496796b97caf84dd7905.jpg","staticLink":"https://www.doc.govt.nz/link/df7e7d621501403fa3c5fa37bac7ef89.aspx","locationString":"Haast, Paringa and Moeraki rivers area","x":1291833,"y":5140693,"assetId":100035141,"dateLoadedToGIS":"Tue, 05 Aug 2025 08:38:12 GMT","GlobalID":"6fb65d6f-6919-476e-849f-969d2b156455"}},{"type":"Feature","id":577222,"geometry":{"type":"Point","coordinates":[1573667.3676,5434802.8322]},"properties":{"OBJECTID":577222,"name":"Ellis Hut","place":"Kahurangi National Park","region":"Nelson/Tasman","bookable":"No","facilities":"Heating, Mattresses, Toilets - non-flush, Water from stream, Water supply","hasAlerts":"Refer to DOC website for current alerts","introductionThumbnail":"https://www.doc.govt.nz/thumbs/large/link/e701f63898564411b463c063e0a083b3.aspx","staticLink":"https://www.doc.govt.nz/link/63e73168615748b3808fb22cd22b647e.aspx","locationString":"Kahurangi National Park","x":1573667,"y":5434803,"assetId":100075831,"dateLoadedToGIS":"Tue, 05 Aug 2025 08:38:12 GMT","GlobalID":"20ebd5c2-c674-4ec3-a65a-1e67311656f5"}},{"type":"Feature","id":577223,"geometry":{"type":"Point","coordinates":[1202665,4789763]},"properties":{"OBJECTID":577223,"name":"Mason Bay Hut","place":"Rakiura National Park","region":"Southland","bookable":"No","facilities":"Heating, Mattresses, Toilets - non-flush, Water from tap - not treated, boil before use, Water supply","hasAlerts":"Refer to DOC website for current alerts","introductionThumbnail":"https://www.doc.govt.nz/thumbs/large/link/d1e9b425e57848c980c4103f968d3582.jpg","staticLink":"https://www.doc.govt.nz/link/4d811eb48e3a4a6d97b87852e05b1b7b.aspx","locationString":"Rakiura National Park","x":1202665,"y":4789763,"assetId":100054075,"dateLoadedToGIS":"Tue, 05 Aug 2025 08:38:12 GMT","GlobalID":"2f9026b2-634d-47cd-a632-3a3f56b34ac3"}},{"type":"Feature","id":577224,"geometry":{"type":"Point","coordinates":[1570616,5360626]},"properties":{"OBJECTID":577224,"name":"D'urville Hut","place":"Nelson Lakes National Park","region":"Nelson/Tasman","bookable":"No","facilities":"Heating, Mattresses, Toilets - non-flush, Water from tap - not treated, boil before use, Water supply","hasAlerts":"Refer to DOC website for current alerts","introductionThumbnail":"https://www.doc.govt.nz/thumbs/large/link/3941e2ab86ea4a50ba75a2a32b390860.aspx","staticLink":"https://www.doc.govt.nz/link/f9317bc5a8ee47f394703c69087ab6ce.aspx","locationString":"Nelson Lakes National Park","x":1570616,"y":5360626,"assetId":100059908,"dateLoadedToGIS":"Tue, 05 Aug 2025 08:38:12 GMT","GlobalID":"3becc625-24fa-4aaa-9881-4050c894eebb"}},{"type":"Feature","id":577225,"geometry":{"type":"Point","coordinates":[1318290,5076629]},"properties":{"OBJECTID":577225,"name":"Bush Hut","place":"Hāwea Conservation Park","region":"Otago","bookable":"No","facilities":"Heating, Mattresses, Toilets - non-flush, Water from tap - not treated, boil before use, Water supply","hasAlerts":"Refer to DOC website for current alerts","introductionThumbnail":"https://www.doc.govt.nz/thumbs/large/link/c87c3bce38464e6ebee755862813ccf8.jpg","staticLink":"https://www.doc.govt.nz/link/67dda714554349c894aab6c34fa1be9d.aspx","locationString":"Hāwea Conservation Park","x":1318290,"y":5076629,"assetId":100059476,"dateLoadedToGIS":"Tue, 05 Aug 2025 08:38:12 GMT","GlobalID":"0a5bce9c-001c-4d8b-a6bb-04cd7790f6d2"}},{"type":"Feature","id":577226,"geometry":{"type":"Point","coordinates":[1523400,5277900]},"properties":{"OBJECTID":577226,"name":"Mackenzie Bivvy (East Branch) ","place":"Lake Sumner Forest Park","region":"Canterbury","bookable":"No","facilities":"Heating, Toilets - non-flush, Water from stream, Water supply","hasAlerts":"Refer to DOC website for current alerts","introductionThumbnail":"https://www.doc.govt.nz/thumbs/large/link/b8a68e89d0b44c4fb59a85aa71517b58.aspx","staticLink":"https://www.doc.govt.nz/link/f22d609d747c46a8a8e48d19c66e2ebd.aspx","locationString":"Lake Sumner Forest Park","x":1523400,"y":5277900,"assetId":100075589,"dateLoadedToGIS":"Tue, 05 Aug 2025 08:38:13 GMT","GlobalID":"32383932-0bb9-4f9c-b1ee-c5a551a20244"}},{"type":"Feature","id":577227,"geometry":{"type":"Point","coordinates":[1922898,5694428]},"properties":{"OBJECTID":577227,"name":"Upper Te Hoe Hut","place":"Whirinaki Te Pua-a-Tāne Conservation Park","region":"East Coast","bookable":"No","facilities":"Heating, Mattresses, Toilets - non-flush, Water from tap - not treated, boil before use, Water supply","hasAlerts":"Refer to DOC website for current alerts","introductionThumbnail":"https://www.doc.govt.nz/thumbs/large/link/7946e4e0aabe4653b4f4a1a25c9c1507.aspx","staticLink":"https://www.doc.govt.nz/link/cb0520aef3a74ddbbed9e270ff9c0567.aspx","locationString":"Whirinaki Te Pua-a-Tāne Conservation Park","x":1922898,"y":5694428,"assetId":100056619,"dateLoadedToGIS":"Tue, 05 Aug 2025 08:38:13 GMT","GlobalID":"badb2017-1166-47f7-a3b8-4d400e04c5bb"}},{"type":"Feature","id":577228,"geometry":{"type":"Point","coordinates":[1228165,4957356]},"properties":{"OBJECTID":577228,"name":"Upper Windley Hut","place":"Eyre Mountains/Taka Rā Haka Conservation Park","region":"Southland","bookable":"No","facilities":"Mattresses, Toilets - non-flush, Water from stream, Water supply","hasAlerts":"Refer to DOC website for current alerts","introductionThumbnail":"https://www.doc.govt.nz/thumbs/large/link/e9505241efab496796c84ef290f9453d.jpg","staticLink":"https://www.doc.govt.nz/link/5220123e91d9422193833b203267bf17.aspx","locationString":"Eyre Mountains/Taka Rā Haka Conservation Park","x":1228165,"y":4957356,"assetId":100035406,"dateLoadedToGIS":"Tue, 05 Aug 2025 08:38:13 GMT","GlobalID":"98dd986b-4097-464e-991e-453250ed05e6"}},{"type":"Feature","id":577229,"geometry":{"type":"Point","coordinates":[1520200,5257709]},"properties":{"OBJECTID":577229,"name":"Candlesticks Bivvy","place":"Arthur's Pass National Park","region":"Canterbury","bookable":"No","facilities":"Heating, Toilets - non-flush, Water from stream, Water supply","hasAlerts":"Refer to DOC website for current alerts","introductionThumbnail":"https://www.doc.govt.nz/thumbs/large/link/d9874047074d49af8f6f6728b00f3a3a.jpg","staticLink":"https://www.doc.govt.nz/link/dcb36c2c19794d5ebb709476603a22a3.aspx","locationString":"Arthur's Pass National Park","x":1520200,"y":5257709,"assetId":100043375,"dateLoadedToGIS":"Tue, 05 Aug 2025 08:38:13 GMT","GlobalID":"9199ced1-065d-4e58-9fca-185a0baf8878"}},{"type":"Feature","id":577230,"geometry":{"type":"Point","coordinates":[1873882,5593787]},"properties":{"OBJECTID":577230,"name":"Gold Creek Hut","place":"Ruahine Forest Park","region":"Manawatu/Whanganui","bookable":"No","facilities":"Heating, Mattresses, Toilets - non-flush, Water from stream, Water supply","hasAlerts":"Refer to DOC website for current alerts","introductionThumbnail":"https://www.doc.govt.nz/thumbs/large/link/26da84f921d44d90975db89cb65e1094.jpg","staticLink":"https://www.doc.govt.nz/link/11aaf060503d4ee891ebcdf25cca84e3.aspx","locationString":"Ruahine Forest Park","x":1873882,"y":5593787,"assetId":100055186,"dateLoadedToGIS":"Tue, 05 Aug 2025 08:38:13 GMT","GlobalID":"129b0744-9614-4444-b049-e8c34d1a2992"}},{"type":"Feature","id":577231,"geometry":{"type":"Point","coordinates":[1545480,5270067]},"properties":{"OBJECTID":577231,"name":"Jolliebrook Hut","place":"Lake Sumner Forest Park","region":"Canterbury","bookable":"No","facilities":"Heating, Mattresses, Toilets - non-flush, Water from stream, Water supply","hasAlerts":"Refer to DOC website for current alerts","introductionThumbnail":"https://www.doc.govt.nz/thumbs/large/link/16bd61eb20504afb9519421e4ccf0005.aspx","staticLink":"https://www.doc.govt.nz/link/32f536bb8cd64f17999d7025645e962f.aspx","locationString":"Lake Sumner Forest Park","x":1545480,"y":5270067,"assetId":100062864,"dateLoadedToGIS":"Tue, 05 Aug 2025 08:38:13 GMT","GlobalID":"880e0ec6-1301-4416-82c5-2c2eb4d17f5c"}},{"type":"Feature","id":577232,"geometry":{"type":"Point","coordinates":[1579400,5366600]},"properties":{"OBJECTID":577232,"name":"Speargrass Hut","place":"Nelson Lakes National Park","region":"Nelson/Tasman","bookable":"Yes","facilities":"Heating, Mattresses, Toilets - non-flush, Water from tap - not treated, boil before use, Water supply","hasAlerts":"Refer to DOC website for current alerts","introductionThumbnail":"https://www.doc.govt.nz/thumbs/large/link/c8fd02d987e84c82b0bf9b41a96792ab.aspx","staticLink":"https://www.doc.govt.nz/link/2be981dc0ba74ba991bc690139b81282.aspx","locationString":"Nelson Lakes National Park","x":1579400,"y":5366600,"assetId":100039734,"dateLoadedToGIS":"Tue, 05 Aug 2025 08:38:14 GMT","GlobalID":"6c33793d-4182-4a7d-a0dd-b9857f4042b5"}},{"type":"Feature","id":577233,"geometry":{"type":"Point","coordinates":[1141241,4931912]},"properties":{"OBJECTID":577233,"name":"Kintail Hut","place":"Fiordland National Park","region":"Fiordland","bookable":"No","facilities":"Heating, Mattresses, Toilets - non-flush, Water from tap - not treated, boil before use, Water supply","hasAlerts":"Refer to DOC website for current alerts","introductionThumbnail":"https://www.doc.govt.nz/thumbs/large/link/c4fd4ee70eb54528b67a5c18500abdd4.aspx","staticLink":"https://www.doc.govt.nz/link/8007c4b754e842a8b4c42d8bb1279bbe.aspx","locationString":"Fiordland National Park","x":1141241,"y":4931912,"assetId":100058195,"dateLoadedToGIS":"Tue, 05 Aug 2025 08:38:14 GMT","GlobalID":"642cddfb-3444-4bf4-a412-af608fc00078"}},{"type":"Feature","id":577234,"geometry":{"type":"Point","coordinates":[1350947,5042369]},"properties":{"OBJECTID":577234,"name":"Boundary Creek Hut","place":"Oteake Conservation Park","region":"Otago","bookable":"No","facilities":"Heating, Mattresses, Toilets - non-flush, Water from stream, Water supply","hasAlerts":"Refer to DOC website for current alerts","introductionThumbnail":"https://www.doc.govt.nz/thumbs/large/link/886168bffd68436c8c14739ad190b3bf.jpg","staticLink":"https://www.doc.govt.nz/link/bcc053db44ef4d7790351e95e855a217.aspx","locationString":"Oteake Conservation Park","x":1350947,"y":5042369,"assetId":100038217,"dateLoadedToGIS":"Tue, 05 Aug 2025 08:38:14 GMT","GlobalID":"65cd8968-1e5c-45be-b21c-1590eb6472a4"}},{"type":"Feature","id":577235,"geometry":{"type":"Point","coordinates":[1525193,5462350]},"properties":{"OBJECTID":577235,"name":"Heaphy Hut","place":"Kahurangi National Park","region":"Nelson/Tasman","bookable":"Yes","facilities":"Cooking, Heating, Mattresses, Lighting, Toilets - flush, Water from tap - not treated, boil before use, Water supply","hasAlerts":"Refer to DOC website for current alerts","introductionThumbnail":"https://www.doc.govt.nz/thumbs/large/link/9be16580d2e64b9d9c210e1d0c92b16a.jpg","staticLink":"https://www.doc.govt.nz/link/c7ebf8dfa6374779a35da1dbc3d0308f.aspx","locationString":"Kahurangi National Park","x":1525193,"y":5462350,"assetId":100094975,"dateLoadedToGIS":"Tue, 05 Aug 2025 08:38:14 GMT","GlobalID":"7b4e166e-1751-445b-8f03-2ef6d2aedc83"}},{"type":"Feature","id":577236,"geometry":{"type":"Point","coordinates":[1297921,4973162]},"properties":{"OBJECTID":577236,"name":"Boundary Hut","place":"Kopuwai Conservation Area","region":"Otago","bookable":"No","facilities":"Mattresses, Toilets - non-flush, Water from stream, Water supply","hasAlerts":"Refer to DOC website for current alerts","introductionThumbnail":"https://www.doc.govt.nz/thumbs/large/link/bf0964ed61e7451788d03d3c7ee6214b.jpg","staticLink":"https://www.doc.govt.nz/link/765d8df68e5f4161aa7db2ea7d310d29.aspx","locationString":"Kopuwai Conservation Area","x":1297921,"y":4973162,"assetId":100043893,"dateLoadedToGIS":"Tue, 05 Aug 2025 08:38:14 GMT","GlobalID":"814fd335-e389-4b99-85fb-84a8cf1a7ecc"}},{"type":"Feature","id":577237,"geometry":{"type":"Point","coordinates":[1528174,5342003]},"properties":{"OBJECTID":577237,"name":"Wheel Creek Hut","place":"Victoria Forest Park","region":"West Coast","bookable":"No","facilities":"Heating, Mattresses, Toilets - non-flush, Water from stream, Water supply","hasAlerts":"Refer to DOC website for current alerts","introductionThumbnail":"https://www.doc.govt.nz/thumbs/large/link/6415ce75daac46869611faa770b92bed.jpg","staticLink":"https://www.doc.govt.nz/link/f3f7802064a74b9f9b5d4726f65e2626.aspx","locationString":"Victoria Forest Park","x":1528174,"y":5342003,"assetId":100034329,"dateLoadedToGIS":"Tue, 05 Aug 2025 08:38:14 GMT","GlobalID":"b363d0b8-78d5-4e38-b649-03752f8e4417"}},{"type":"Feature","id":577238,"geometry":{"type":"Point","coordinates":[1721205,6106995]},"properties":{"OBJECTID":577238,"name":"Cape Brett Hut","place":"Cape Brett and Whangamumu area","region":"Northland","bookable":"Yes","facilities":"Cooking, Mattresses, Toilets - non-flush, Water from tap - not treated, boil before use, Water supply","hasAlerts":"Refer to DOC website for current alerts","introductionThumbnail":"https://www.doc.govt.nz/thumbs/large/link/598b1187eef54e3d8dfc92e1bb5c2fe3.jpg","staticLink":"https://www.doc.govt.nz/link/8f047c469bd64185a73cbdeef023a2c2.aspx","locationString":"Cape Brett and Whangamumu area","x":1721205,"y":6106995,"assetId":100073818,"dateLoadedToGIS":"Tue, 05 Aug 2025 08:38:15 GMT","GlobalID":"300acfd8-5750-4e58-bf7d-69f0c89bd23d"}},{"type":"Feature","id":577239,"geometry":{"type":"Point","coordinates":[1301412,5141230]},"properties":{"OBJECTID":577239,"name":"Mataketake Hut","place":"Haast, Paringa and Moeraki rivers area","region":"West Coast","bookable":"Yes","facilities":"Heating, Mattresses","hasAlerts":"Refer to DOC website for current alerts","introductionThumbnail":"https://www.doc.govt.nz/thumbs/large/link/e68bc776b70643d695def747481ce1f3.aspx","staticLink":"https://www.doc.govt.nz/link/f5a08f45f59f44e8b1390b8be1bd2dcf.aspx","locationString":"Haast, Paringa and Moeraki rivers area","x":1301412,"y":5141230,"assetId":100129571,"dateLoadedToGIS":"Tue, 05 Aug 2025 08:38:15 GMT","GlobalID":"31f4eaa5-79bc-4ac9-9caf-d93db9ba1d1e"}},{"type":"Feature","id":577240,"geometry":{"type":"Point","coordinates":[1464789,5240986]},"properties":{"OBJECTID":577240,"name":"Park Morpeth Hut","place":"Arthur's Pass National Park","region":"Canterbury","bookable":"No","facilities":"Mattresses, Lighting, Toilets - non-flush, Water from tap - not treated, boil before use, Water supply","hasAlerts":"Refer to DOC website for current alerts","introductionThumbnail":"https://www.doc.govt.nz/thumbs/large/link/fad98ed57552410c80edb3de1c7fa969.aspx","staticLink":"https://www.doc.govt.nz/link/b26ea2a40abf47719cc8d0a0fe32fe41.aspx","locationString":"Arthur's Pass National Park","x":1464789,"y":5240986,"assetId":100064755,"dateLoadedToGIS":"Tue, 05 Aug 2025 08:38:15 GMT","GlobalID":"fe802933-aa18-491c-8b8c-eb082d118a53"}},{"type":"Feature","id":577241,"geometry":{"type":"Point","coordinates":[1873799,5590232]},"properties":{"OBJECTID":577241,"name":"Triplex Hut","place":"Ruahine Forest Park","region":"Hawke’s Bay","bookable":"Yes","facilities":"Heating, Mattresses, Toilets - non-flush, Water from tap - not treated, boil before use, Water supply","hasAlerts":"Refer to DOC website for current alerts","introductionThumbnail":"https://www.doc.govt.nz/thumbs/large/link/ac148be4b8bb4c80ac2a08ffc4701452.aspx","staticLink":"https://www.doc.govt.nz/link/34734c6631a445fc84e0c241e790ef6b.aspx","locationString":"Ruahine Forest Park","x":1873799,"y":5590232,"assetId":100064495,"dateLoadedToGIS":"Tue, 05 Aug 2025 08:38:15 GMT","GlobalID":"6f269d1c-0f4e-474f-831a-07a65fbfad91"}},{"type":"Feature","id":577242,"geometry":{"type":"Point","coordinates":[1534844,5485877]},"properties":{"OBJECTID":577242,"name":"Kahurangi Keepers House","place":"Kahurangi National Park","region":"Nelson/Tasman","bookable":"No","facilities":"Heating, Mattresses, Toilets - non-flush, Water from tap - not treated, boil before use, Water supply","hasAlerts":"Refer to DOC website for current alerts","introductionThumbnail":"https://www.doc.govt.nz/thumbs/large/link/59bccb38e3264ebea41584d5445d9364.jpg","staticLink":"https://www.doc.govt.nz/link/4cfc25f704064baa877cd58fa0d7ee69.aspx","locationString":"Kahurangi National Park","x":1534844,"y":5485877,"assetId":100060060,"dateLoadedToGIS":"Tue, 05 Aug 2025 08:38:15 GMT","GlobalID":"beebd1b7-2adf-4e95-9628-333f4e39d91a"}},{"type":"Feature","id":577243,"geometry":{"type":"Point","coordinates":[1494675,5254200]},"properties":{"OBJECTID":577243,"name":"Otehake Hut","place":"Arthur's Pass National Park","region":"West Coast","bookable":"No","facilities":"Heating, Mattresses, Toilets - non-flush, Water from stream, Water supply","hasAlerts":"Refer to DOC website for current alerts","introductionThumbnail":"https://www.doc.govt.nz/thumbs/large/link/579abbc3fac5446bb47cf1d26fa539be.jpg","staticLink":"https://www.doc.govt.nz/link/4602c447749e47be914572b80999ed01.aspx","locationString":"Arthur's Pass National Park","x":1494675,"y":5254200,"assetId":100034522,"dateLoadedToGIS":"Tue, 05 Aug 2025 08:38:15 GMT","GlobalID":"50b52326-3aee-4036-8f4b-05c338325682"}},{"type":"Feature","id":577244,"geometry":{"type":"Point","coordinates":[1558607,5288994]},"properties":{"OBJECTID":577244,"name":"Carlyle Hut","place":"Lake Sumner Forest Park","region":"Canterbury","bookable":"No","facilities":"Heating, Mattresses, Toilets - non-flush, Water from stream, Water supply","hasAlerts":"Refer to DOC website for current alerts","introductionThumbnail":"https://www.doc.govt.nz/thumbs/large/link/b0fd4c44541746ffbfcc1bdfe7080cfa.aspx","staticLink":"https://www.doc.govt.nz/link/f7361a66b9ab442388a881f80f5f7ba4.aspx","locationString":"Lake Sumner Forest Park","x":1558607,"y":5288994,"assetId":100059864,"dateLoadedToGIS":"Tue, 05 Aug 2025 08:38:16 GMT","GlobalID":"a22fa8d5-9a56-4c3e-9c7f-30971d77ea54"}},{"type":"Feature","id":577245,"geometry":{"type":"Point","coordinates":[1659133,5339375]},"properties":{"OBJECTID":577245,"name":"Jam Hut","place":"Ka Whata Tu o Rakihouia Clarence","region":"Marlborough","bookable":"No","facilities":"Heating, Mattresses, Toilets - non-flush, Water from stream, Water supply","hasAlerts":"Refer to DOC website for current alerts","introductionThumbnail":"https://www.doc.govt.nz/thumbs/large/link/6869ed4819804926b0b922ee26506171.jpg","staticLink":"https://www.doc.govt.nz/link/c857332fd6124e2b9380f2c9f68e1ea6.aspx","locationString":"Ka Whata Tu o Rakihouia Clarence","x":1659133,"y":5339375,"assetId":100061617,"dateLoadedToGIS":"Tue, 05 Aug 2025 08:38:16 GMT","GlobalID":"b87f5cdf-39ec-4295-8649-00f32a3a4ddb"}},{"type":"Feature","id":577246,"geometry":{"type":"Point","coordinates":[1197896,5061354]},"properties":{"OBJECTID":577246,"name":"Kaipo Hut","place":"Fiordland National Park","region":"Fiordland","bookable":"No","facilities":"Heating, Mattresses, Toilets - non-flush, Water from tap - not treated, boil before use, Water supply","hasAlerts":"Refer to DOC website for current alerts","introductionThumbnail":"https://www.doc.govt.nz/thumbs/large/link/d528636978104c31b38526e8936f8f05.jpg","staticLink":"https://www.doc.govt.nz/link/cc1f9f2181e44f5f8acfb6319b35ef43.aspx","locationString":"Fiordland National Park","x":1197896,"y":5061354,"assetId":100044686,"dateLoadedToGIS":"Tue, 05 Aug 2025 08:38:16 GMT","GlobalID":"4f06b14f-6e35-41e0-b3e8-2b14356baf46"}},{"type":"Feature","id":577247,"geometry":{"type":"Point","coordinates":[1518134,5338304]},"properties":{"OBJECTID":577247,"name":"Kirwans Hut","place":"Victoria Forest Park","region":"West Coast","bookable":"Yes","facilities":"Heating, Mattresses, Toilets - non-flush, Water from tap - not treated, boil before use, Water supply","hasAlerts":"Refer to DOC website for current alerts","introductionThumbnail":"https://www.doc.govt.nz/thumbs/large/link/a137bc5c5fe44ecab15f82894aa3d135.jpg","staticLink":"https://www.doc.govt.nz/link/7d0f545020d14a5f863f2ef50100f029.aspx","locationString":"Victoria Forest Park","x":1518134,"y":5338304,"assetId":100062710,"dateLoadedToGIS":"Tue, 05 Aug 2025 08:38:16 GMT","GlobalID":"8af93fab-3470-4d40-82d3-54fe294154c3"}},{"type":"Feature","id":577248,"geometry":{"type":"Point","coordinates":[1629877,5415463]},"properties":{"OBJECTID":577248,"name":"Roebuck Hut","place":"Mount Richmond Forest Park","region":"Marlborough","bookable":"No","facilities":"Heating, Mattresses, Toilets - non-flush, Water from stream, Water supply","hasAlerts":"Refer to DOC website for current alerts","introductionThumbnail":"https://www.doc.govt.nz/thumbs/large/link/6c4d824d4c7c42d98b193d3622eeb178.jpg","staticLink":"https://www.doc.govt.nz/link/c6c6606adf4d452caf93b363daeeb0d2.aspx","locationString":"Mount Richmond Forest Park","x":1629877,"y":5415463,"assetId":100059888,"dateLoadedToGIS":"Tue, 05 Aug 2025 08:38:16 GMT","GlobalID":"ba879e85-6dc0-4af2-9d22-563ab7b5eeca"}},{"type":"Feature","id":577249,"geometry":{"type":"Point","coordinates":[1533437,5236045]},"properties":{"OBJECTID":577249,"name":"Youngman Stream Hut","place":"Puketeraki Forest Conservation Area","region":"Canterbury","bookable":"No","facilities":"Heating, Mattresses, Toilets - non-flush, Water from stream, Water supply","hasAlerts":"Refer to DOC website for current alerts","introductionThumbnail":"https://www.doc.govt.nz/thumbs/large/link/3eace8786a74497cbdb20bfd441a6282.aspx","staticLink":"https://www.doc.govt.nz/link/e8ffee6d871e4bc8ba61a74005edb23c.aspx","locationString":"Puketeraki Forest Conservation Area","x":1533437,"y":5236045,"assetId":100059803,"dateLoadedToGIS":"Tue, 05 Aug 2025 08:38:16 GMT","GlobalID":"a82ca0e1-eab2-48ae-af37-0b5306a401e0"}},{"type":"Feature","id":577250,"geometry":{"type":"Point","coordinates":[1346033,5131918]},"properties":{"OBJECTID":577250,"name":"Cullers Hut","place":"Ruataniwha Conservation Park","region":"Canterbury","bookable":"No","facilities":"Heating, Mattresses, Toilets - non-flush, Water from stream, Water supply","hasAlerts":"Refer to DOC website for current alerts","introductionThumbnail":"https://www.doc.govt.nz/thumbs/large/link/83f35b7176ae4aa783362b394c25fa94.aspx","staticLink":"https://www.doc.govt.nz/link/f9f1357298ac47f8a4f948884209ce94.aspx","locationString":"Ruataniwha Conservation Park","x":1346033,"y":5131918,"assetId":100060560,"dateLoadedToGIS":"Tue, 05 Aug 2025 08:38:16 GMT","GlobalID":"2b568396-e889-4549-855b-e515fe427ebc"}},{"type":"Feature","id":577251,"geometry":{"type":"Point","coordinates":[1614013,5399968]},"properties":{"OBJECTID":577251,"name":"Tarn Hut","place":"Mount Richmond Forest Park","region":"Marlborough","bookable":"No","facilities":"Heating, Mattresses, Toilets - non-flush, Water from tap - not treated, boil before use, Water supply","hasAlerts":"Refer to DOC website for current alerts","introductionThumbnail":"https://www.doc.govt.nz/thumbs/large/link/f9181d9ecdc0463daa0f94a3f4d10596.jpg","staticLink":"https://www.doc.govt.nz/link/d7d5f551bb584272bea9a9177d59927c.aspx","locationString":"Mount Richmond Forest Park","x":1614013,"y":5399968,"assetId":100060986,"dateLoadedToGIS":"Tue, 05 Aug 2025 08:38:17 GMT","GlobalID":"97781b27-bc6b-41a9-807d-7f786ab24aba"}},{"type":"Feature","id":577252,"geometry":{"type":"Point","coordinates":[1382600,5167900]},"properties":{"OBJECTID":577252,"name":"Onslow Hut (Steffan Memorial Hut)","place":"Aoraki/Mount Cook National Park","region":"Canterbury","bookable":"No","facilities":"Mattresses, Lighting, Toilets - non-flush, Water from stream, Water supply","hasAlerts":"Refer to DOC website for current alerts","introductionThumbnail":"https://www.doc.govt.nz/images/no-photo/no-photo-220x140.jpg","staticLink":"https://www.doc.govt.nz/link/70da3e2543dd46289c1cb750362b9008.aspx","locationString":"Aoraki/Mount Cook National Park","x":1382600,"y":5167900,"assetId":100043242,"dateLoadedToGIS":"Tue, 05 Aug 2025 08:38:17 GMT","GlobalID":"952d98ce-b7c4-4abb-a34f-54f0b1fe6e42"}},{"type":"Feature","id":577253,"geometry":{"type":"Point","coordinates":[1336060,5028789]},"properties":{"OBJECTID":577253,"name":"Lauder Basin Hut","place":"Lauder Basin Conservation Area","region":"Otago","bookable":"No","facilities":"Mattresses, Toilets - non-flush, Water from stream, Water supply","hasAlerts":"Refer to DOC website for current alerts","introductionThumbnail":"https://www.doc.govt.nz/thumbs/large/link/804417cf0876455fb6a6fa244ec860b9.jpg","staticLink":"https://www.doc.govt.nz/link/98eeba37bef24fac98e9f2f2c024a1c3.aspx","locationString":"Lauder Basin Conservation Area","x":1336060,"y":5028789,"assetId":100059692,"dateLoadedToGIS":"Tue, 05 Aug 2025 08:38:17 GMT","GlobalID":"32ef47fd-3f5b-418b-8836-2e7aa32b1cdc"}},{"type":"Feature","id":577254,"geometry":{"type":"Point","coordinates":[1510987,5243483]},"properties":{"OBJECTID":577254,"name":"Turnbull Bivvy","place":"Lochinvar Forest Conservation Area","region":"Canterbury","bookable":"No","facilities":"Heating, Toilets - non-flush, Water from stream, Water supply","hasAlerts":"Refer to DOC website for current alerts","introductionThumbnail":"https://www.doc.govt.nz/thumbs/large/link/bc53eedee4b0408297d3ee6111076711.aspx","staticLink":"https://www.doc.govt.nz/link/1aa55a722a604831b70006c2bc0c90b5.aspx","locationString":"Lochinvar Forest Conservation Area","x":1510987,"y":5243483,"assetId":100059548,"dateLoadedToGIS":"Tue, 05 Aug 2025 08:38:17 GMT","GlobalID":"901d185e-dfef-4374-a028-81e05e7e63fb"}},{"type":"Feature","id":577255,"geometry":{"type":"Point","coordinates":[1177430,4936051]},"properties":{"OBJECTID":577255,"name":"Back Valley Hut","place":"Fiordland National Park","region":"Fiordland","bookable":"No","facilities":"Heating, Mattresses, Toilets - non-flush, Water from stream, Water supply","hasAlerts":"Refer to DOC website for current alerts","introductionThumbnail":"https://www.doc.govt.nz/thumbs/large/link/fdfe8890cfbc4bc783c450965a1d9059.jpg","staticLink":"https://www.doc.govt.nz/link/17ace59d7c29406aa2faf2cf1ef72107.aspx","locationString":"Fiordland National Park","x":1177430,"y":4936051,"assetId":100061869,"dateLoadedToGIS":"Tue, 05 Aug 2025 08:38:17 GMT","GlobalID":"34dacf40-5258-481c-a01a-2e4506f420c8"}},{"type":"Feature","id":577256,"geometry":{"type":"Point","coordinates":[1464331,5257672]},"properties":{"OBJECTID":577256,"name":"Top Olderog Bivvy ","place":"Kelly Range – Styx River area","region":"West Coast","bookable":"No","facilities":"Mattresses, Toilets - non-flush, Water from stream, Water supply","hasAlerts":"Refer to DOC website for current alerts","introductionThumbnail":"https://www.doc.govt.nz/thumbs/large/link/ccd2b1e4d8514f85ab6155e9f60aa9a9.jpg","staticLink":"https://www.doc.govt.nz/link/ca7a5cd1d9db48cb8150aac58716f48b.aspx","locationString":"Kelly Range – Styx River area","x":1464331,"y":5257672,"assetId":100055449,"dateLoadedToGIS":"Tue, 05 Aug 2025 08:38:17 GMT","GlobalID":"9a8d4d5e-f644-49f1-ac69-8c7252694a08"}},{"type":"Feature","id":577257,"geometry":{"type":"Point","coordinates":[1776485,5430628]},"properties":{"OBJECTID":577257,"name":"Waiorongomai Hut","place":"Remutaka Forest Park","region":"Wairarapa","bookable":"No","facilities":"Heating, Mattresses, Toilets - non-flush, Water from stream, Water supply","hasAlerts":"Refer to DOC website for current alerts","introductionThumbnail":"https://www.doc.govt.nz/thumbs/large/link/6632d4a19db2481e853f4d99b4d8b830.jpg","staticLink":"https://www.doc.govt.nz/link/157093c1c7014f18847274e42c7b77dd.aspx","locationString":"Remutaka Forest Park","x":1776485,"y":5430628,"assetId":100062930,"dateLoadedToGIS":"Tue, 05 Aug 2025 08:38:17 GMT","GlobalID":"9c1d1fbb-d646-4b4d-9c47-b86e456d2b42"}},{"type":"Feature","id":577258,"geometry":{"type":"Point","coordinates":[1449561,5236043]},"properties":{"OBJECTID":577258,"name":"Top Toaroha Hut","place":"Kokatahi River - Whitcombe River area","region":"West Coast","bookable":"No","facilities":"Heating, Mattresses, Toilets - non-flush, Water from stream, Water supply","hasAlerts":"Refer to DOC website for current alerts","introductionThumbnail":"https://www.doc.govt.nz/thumbs/large/link/d3c8d06654d743f684e3f8e236998fbf.jpg","staticLink":"https://www.doc.govt.nz/link/ebb8879052ad4226ab078fb386ebcdcf.aspx","locationString":"Kokatahi River - Whitcombe River area","x":1449561,"y":5236043,"assetId":100062301,"dateLoadedToGIS":"Tue, 05 Aug 2025 08:38:18 GMT","GlobalID":"bc4a5ebe-5d9e-4557-8889-8dfe7e30d7bb"}},{"type":"Feature","id":577259,"geometry":{"type":"Point","coordinates":[1878877,5647873]},"properties":{"OBJECTID":577259,"name":"Otutu Hut","place":"Kaweka Forest Park","region":"Hawke’s Bay","bookable":"No","facilities":"Heating, Mattresses, Toilets - non-flush, Water from tap - not treated, boil before use, Water supply","hasAlerts":"Refer to DOC website for current alerts","introductionThumbnail":"https://www.doc.govt.nz/thumbs/large/link/3bcdd27d7c5e4d729b02091aaac452bc.jpg","staticLink":"https://www.doc.govt.nz/link/658cc70b8d5f4e23b9076a94c38112cb.aspx","locationString":"Kaweka Forest Park","x":1878877,"y":5647873,"assetId":100033710,"dateLoadedToGIS":"Tue, 05 Aug 2025 08:38:18 GMT","GlobalID":"e32f269f-fb9b-4d6c-942d-a81324d24e6e"}},{"type":"Feature","id":577260,"geometry":{"type":"Point","coordinates":[1475348,5187450]},"properties":{"OBJECTID":577260,"name":"Tribulation Hut","place":"Hakatere Conservation Park","region":"Canterbury","bookable":"No","facilities":"Mattresses, Toilets - non-flush, Water from stream, Water supply","hasAlerts":"Refer to DOC website for current alerts","introductionThumbnail":"https://www.doc.govt.nz/thumbs/large/link/0fced503f2794b37a009171aeb4a77df.jpg","staticLink":"https://www.doc.govt.nz/link/00fb063f43ab4529b6596455719f44b8.aspx","locationString":"Hakatere Conservation Park","x":1475348,"y":5187450,"assetId":100084247,"dateLoadedToGIS":"Tue, 05 Aug 2025 08:38:18 GMT","GlobalID":"fe37bb67-46c8-43bb-b819-fba028c51d9c"}},{"type":"Feature","id":577261,"geometry":{"type":"Point","coordinates":[1560721,5335328]},"properties":{"OBJECTID":577261,"name":"Downies Hut","place":"Nelson Lakes National Park","region":"Nelson/Tasman","bookable":"No","facilities":"Heating, Mattresses, Toilets - non-flush, Water from stream, Water supply","hasAlerts":"Refer to DOC website for current alerts","introductionThumbnail":"https://www.doc.govt.nz/thumbs/large/link/a6aa0699e2c44bf5bbbb758937e14684.aspx","staticLink":"https://www.doc.govt.nz/link/3aa17b79fa9b49218ca4e784feb23430.aspx","locationString":"Nelson Lakes National Park","x":1560721,"y":5335328,"assetId":100059905,"dateLoadedToGIS":"Tue, 05 Aug 2025 08:38:18 GMT","GlobalID":"d95c7bcc-7711-4124-98b1-a4dffae2d8d6"}},{"type":"Feature","id":577262,"geometry":{"type":"Point","coordinates":[1970674,5732571]},"properties":{"OBJECTID":577262,"name":"Makakoere Hut","place":"Te Urewera","region":"East Coast","bookable":"No","facilities":"Heating, Mattresses, Toilets - non-flush, Water from tap - not treated, boil before use, Water supply","hasAlerts":"Refer to DOC website for current alerts","introductionThumbnail":"https://www.doc.govt.nz/images/no-photo/no-photo-220x140.jpg","staticLink":"https://www.doc.govt.nz/link/8e30ec824e3f42c3b8da383e3928f491.aspx","locationString":"Te Urewera","x":1970674,"y":5732571,"assetId":100042282,"dateLoadedToGIS":"Tue, 05 Aug 2025 08:38:18 GMT","GlobalID":"055a9dee-0c48-4715-be5f-401ef1f5e1f6"}},{"type":"Feature","id":577263,"geometry":{"type":"Point","coordinates":[1951846,5696237]},"properties":{"OBJECTID":577263,"name":"Panekire Hut","place":"Te Urewera","region":"East Coast","bookable":"Yes","facilities":"Heating, Mattresses, Toilets - non-flush, Water from tap - not treated, boil before use, Water supply","hasAlerts":"Refer to DOC website for current alerts","introductionThumbnail":"https://www.doc.govt.nz/thumbs/large/link/4955f88b37a24b96932d86c9447a9913.jpg","staticLink":"https://www.doc.govt.nz/link/cebe53b6a8c04892bc8c94e9993987c6.aspx","locationString":"Te Urewera","x":1951846,"y":5696237,"assetId":100035208,"dateLoadedToGIS":"Tue, 05 Aug 2025 08:38:18 GMT","GlobalID":"c34e07fd-0e4f-4e7a-92dc-50a74f19cafe"}},{"type":"Feature","id":577264,"geometry":{"type":"Point","coordinates":[1525081,5380493]},"properties":{"OBJECTID":577264,"name":"Lyell Saddle Hut","place":"Lyell area","region":"West Coast","bookable":"Yes","facilities":"Cooking, Heating, Mattresses, Lighting, Toilets - non-flush, Water from tap - not treated, boil before use, Water supply","hasAlerts":"Refer to DOC website for current alerts","introductionThumbnail":"https://www.doc.govt.nz/thumbs/large/link/eb7a8b33fce44f64be4afce50d83dd0e.aspx","staticLink":"https://www.doc.govt.nz/link/138d0ef36a174e4285ed4d1ed1ad4970.aspx","locationString":"Lyell area","x":1525081,"y":5380493,"assetId":100097401,"dateLoadedToGIS":"Tue, 05 Aug 2025 08:38:18 GMT","GlobalID":"138c85d8-414e-4cc8-b318-707efc70dbce"}},{"type":"Feature","id":577265,"geometry":{"type":"Point","coordinates":[1515762,5250537]},"properties":{"OBJECTID":577265,"name":"Bull Creek Hut","place":"Arthur's Pass National Park","region":"Canterbury","bookable":"No","facilities":"Heating, Toilets - non-flush, Water from stream, Water supply","hasAlerts":"Refer to DOC website for current alerts","introductionThumbnail":"https://www.doc.govt.nz/thumbs/large/link/6b768fc4c50f424a9cda973ab12792a0.jpg","staticLink":"https://www.doc.govt.nz/link/293c15cd2ee04bf79a3ee44efc9f99f3.aspx","locationString":"Arthur's Pass National Park","x":1515762,"y":5250537,"assetId":100000034,"dateLoadedToGIS":"Tue, 05 Aug 2025 08:38:19 GMT","GlobalID":"fb6e7453-c78b-481e-a9a6-d1d5c7289975"}},{"type":"Feature","id":577266,"geometry":{"type":"Point","coordinates":[1224033,5028360]},"properties":{"OBJECTID":577266,"name":"Kay Creek Hut","place":"Greenstone and Caples Conservation Areas","region":"Otago","bookable":"No","facilities":"Heating, Toilets - non-flush, Water from tap - not treated, boil before use, Water supply","hasAlerts":"Refer to DOC website for current alerts","introductionThumbnail":"https://www.doc.govt.nz/thumbs/large/link/6cc9f11c1fae4c49a1e247d85f8fbe55.jpg","staticLink":"https://www.doc.govt.nz/link/7b4ae686b7f540ca91d62332233c842e.aspx","locationString":"Greenstone and Caples Conservation Areas","x":1224033,"y":5028360,"assetId":100031571,"dateLoadedToGIS":"Tue, 05 Aug 2025 08:38:19 GMT","GlobalID":"f31f9ad8-3cad-4306-8872-d80e8c4b0b9f"}},{"type":"Feature","id":577267,"geometry":{"type":"Point","coordinates":[1620436,5414975]},"properties":{"OBJECTID":577267,"name":"Hacket Hut","place":"Mount Richmond Forest Park","region":"Nelson/Tasman","bookable":"No","facilities":"Heating, Mattresses, Toilets - non-flush, Water from stream, Water supply","hasAlerts":"Refer to DOC website for current alerts","introductionThumbnail":"https://www.doc.govt.nz/thumbs/large/link/5b1cc470b1ae48e0b343daba18841303.jpg","staticLink":"https://www.doc.govt.nz/link/8a7754d26feb413ea177fa006ce6ec5b.aspx","locationString":"Mount Richmond Forest Park","x":1620436,"y":5414975,"assetId":100061147,"dateLoadedToGIS":"Tue, 05 Aug 2025 08:38:19 GMT","GlobalID":"8fcf8961-ab57-4586-9139-0d7358dbc03a"}},{"type":"Feature","id":577268,"geometry":{"type":"Point","coordinates":[1872222,5608360]},"properties":{"OBJECTID":577268,"name":"Ruahine Corner Hut","place":"Ruahine Forest Park","region":"Manawatu/Whanganui","bookable":"No","facilities":"Heating, Mattresses, Toilets - non-flush, Water from tap - not treated, boil before use, Water supply","hasAlerts":"Refer to DOC website for current alerts","introductionThumbnail":"https://www.doc.govt.nz/thumbs/large/link/f3f557bca2c04b33906df3e296073f8e.jpg","staticLink":"https://www.doc.govt.nz/link/5bec82dbb4004be08b1d0f4f7df0d672.aspx","locationString":"Ruahine Forest Park","x":1872222,"y":5608360,"assetId":100056529,"dateLoadedToGIS":"Tue, 05 Aug 2025 08:38:19 GMT","GlobalID":"3e3cdc58-27ac-418d-8f35-28993b3dbcaa"}},{"type":"Feature","id":577269,"geometry":{"type":"Point","coordinates":[1168605,4906780]},"properties":{"OBJECTID":577269,"name":"Rodger Inlet Hut (Historic)","place":"Fiordland National Park","region":"Fiordland","bookable":"No","facilities":"Mattresses, Toilets - non-flush, Water from stream, Water supply","hasAlerts":"Refer to DOC website for current alerts","introductionThumbnail":"https://www.doc.govt.nz/thumbs/large/link/619f46964b43444a9a73475c55c1599f.jpg","staticLink":"https://www.doc.govt.nz/link/1e8f4386a49b4fa79db2579e09480e35.aspx","locationString":"Fiordland National Park","x":1168605,"y":4906780,"assetId":100058417,"dateLoadedToGIS":"Tue, 05 Aug 2025 08:38:19 GMT","GlobalID":"90e97c0b-38ed-4469-be9d-bf20817569dc"}},{"type":"Feature","id":577270,"geometry":{"type":"Point","coordinates":[1444682,5228753]},"properties":{"OBJECTID":577270,"name":"Frew Saddle Bivvy","place":"Kokatahi River - Whitcombe River area","region":"West Coast","bookable":"No","facilities":"Mattresses, Toilets - non-flush, Water from stream, Water supply","hasAlerts":"Refer to DOC website for current alerts","introductionThumbnail":"https://www.doc.govt.nz/thumbs/large/link/e9998642ace64594a8db6afa98b813f8.aspx","staticLink":"https://www.doc.govt.nz/link/5e00ab97b21040e7b96ce9c6dcece60f.aspx","locationString":"Kokatahi River - Whitcombe River area","x":1444682,"y":5228753,"assetId":100054136,"dateLoadedToGIS":"Tue, 05 Aug 2025 08:38:19 GMT","GlobalID":"f007bbac-7366-468b-aa4e-4f9653ad360b"}},{"type":"Feature","id":577271,"geometry":{"type":"Point","coordinates":[1243129,5023520]},"properties":{"OBJECTID":577271,"name":"Wallers Hut","place":"Whakaari Conservation Area","region":"Otago","bookable":"No","facilities":"Water from stream, Water supply","hasAlerts":"Refer to DOC website for current alerts","introductionThumbnail":"https://www.doc.govt.nz/images/no-photo/no-photo-220x140.jpg","staticLink":"https://www.doc.govt.nz/link/e1d0f0dd10b344aaa463b973596ffd28.aspx","locationString":"Whakaari Conservation Area","x":1243129,"y":5023520,"assetId":100038361,"dateLoadedToGIS":"Tue, 05 Aug 2025 08:38:19 GMT","GlobalID":"780c4766-4c6b-4fd2-85ad-2ad74a73ccb8"}},{"type":"Feature","id":577272,"geometry":{"type":"Point","coordinates":[1203526,4935452]},"properties":{"OBJECTID":577272,"name":"Upper Princhester Hut","place":"Takitimu Conservation Area","region":"Southland","bookable":"No","facilities":"Heating, Mattresses, Toilets - non-flush, Water from stream, Water supply","hasAlerts":"Refer to DOC website for current alerts","introductionThumbnail":"https://www.doc.govt.nz/images/no-photo/no-photo-220x140.jpg","staticLink":"https://www.doc.govt.nz/link/3ccae2a3886d488f83c59f8df82d0567.aspx","locationString":"Takitimu Conservation Area","x":1203526,"y":4935452,"assetId":100072446,"dateLoadedToGIS":"Tue, 05 Aug 2025 08:38:20 GMT","GlobalID":"c0981d6a-202c-4d36-8237-eaf515fc5ad6"}},{"type":"Feature","id":577273,"geometry":{"type":"Point","coordinates":[1546623.9876,5414861.7019]},"properties":{"OBJECTID":577273,"name":"Helicopter Flat Hut","place":"Kahurangi National Park","region":"Nelson/Tasman","bookable":"No","facilities":"Heating, Mattresses, Toilets - non-flush, Water from stream, Water supply","hasAlerts":"Refer to DOC website for current alerts","introductionThumbnail":"https://www.doc.govt.nz/thumbs/large/link/06b4676318e64e7a8ab39827a913603e.jpg","staticLink":"https://www.doc.govt.nz/link/63c0ed3ac37a49a49a8db998fa830ae6.aspx","locationString":"Kahurangi National Park","x":1546624,"y":5414862,"assetId":100034876,"dateLoadedToGIS":"Tue, 05 Aug 2025 08:38:20 GMT","GlobalID":"75961d39-6050-4a97-9f12-b21e192757f4"}},{"type":"Feature","id":577274,"geometry":{"type":"Point","coordinates":[1960815,5734187]},"properties":{"OBJECTID":577274,"name":"Te Pua Hut","place":"Te Urewera","region":"East Coast","bookable":"No","facilities":"Heating, Mattresses, Toilets - non-flush, Water from tap - not treated, boil before use, Water supply","hasAlerts":"Refer to DOC website for current alerts","introductionThumbnail":"https://www.doc.govt.nz/images/no-photo/no-photo-220x140.jpg","staticLink":"https://www.doc.govt.nz/link/8e30ec824e3f42c3b8da383e3928f491.aspx","locationString":"Te Urewera","x":1960815,"y":5734187,"assetId":100065465,"dateLoadedToGIS":"Tue, 05 Aug 2025 08:38:20 GMT","GlobalID":"3ba12701-c2b5-47ec-8ec3-c37d0b8ceffd"}},{"type":"Feature","id":577275,"geometry":{"type":"Point","coordinates":[1178767,4960153]},"properties":{"OBJECTID":577275,"name":"Luxmore Hut  ","place":"Fiordland National Park","region":"Fiordland","bookable":"Yes","facilities":"Cooking, Heating, Mattresses, Lighting, Toilets - flush, Water from tap - not treated, boil before use, Water supply","hasAlerts":"Refer to DOC website for current alerts","introductionThumbnail":"https://www.doc.govt.nz/thumbs/large/link/262b915193334eaba5bd07f74999b664.jpg","staticLink":"https://www.doc.govt.nz/link/dc756fa57891438b8f3fa03813fb7260.aspx","locationString":"Fiordland National Park","x":1178767,"y":4960153,"assetId":100033374,"dateLoadedToGIS":"Tue, 05 Aug 2025 08:38:20 GMT","GlobalID":"97f8085a-696a-48be-84e2-f6610cd7c5ab"}},{"type":"Feature","id":577276,"geometry":{"type":"Point","coordinates":[1458967,5178225]},"properties":{"OBJECTID":577276,"name":"Manuka Hut","place":"Hakatere Conservation Park","region":"Canterbury","bookable":"No","facilities":"Heating, Mattresses, Toilets - non-flush, Water from stream, Water supply","hasAlerts":"Refer to DOC website for current alerts","introductionThumbnail":"https://www.doc.govt.nz/thumbs/large/link/1c4eb0eb5286463e9427ca584e94e58b.jpg","staticLink":"https://www.doc.govt.nz/link/5e9f00e5868243a1a0e1244f18ee8b26.aspx","locationString":"Hakatere Conservation Park","x":1458967,"y":5178225,"assetId":100030127,"dateLoadedToGIS":"Tue, 05 Aug 2025 08:38:20 GMT","GlobalID":"57fbb0ab-d573-42d5-9188-bc60abe08ca8"}},{"type":"Feature","id":577277,"geometry":{"type":"Point","coordinates":[1412138,5184616]},"properties":{"OBJECTID":577277,"name":"Murphy's Bivvy","place":"Rangitata and Rakaia Rivers area","region":"Canterbury","bookable":"No","facilities":"Heating, Mattresses, Toilets - non-flush, Water from stream, Water supply","hasAlerts":"Refer to DOC website for current alerts","introductionThumbnail":"https://www.doc.govt.nz/thumbs/large/link/3cf4b166113a41b9919ebe28a4480fbd.aspx","staticLink":"https://www.doc.govt.nz/link/a07ae570acba43d7ad278b82b41a5383.aspx","locationString":"Rangitata and Rakaia Rivers area","x":1412138,"y":5184616,"assetId":100065472,"dateLoadedToGIS":"Tue, 05 Aug 2025 08:38:21 GMT","GlobalID":"da1320b8-3754-4ad7-ae2d-6b2f47c682fb"}},{"type":"Feature","id":577278,"geometry":{"type":"Point","coordinates":[1854989,5813745]},"properties":{"OBJECTID":577278,"name":"Mangamuka Hut","place":"Kaimai Mamaku Conservation Park","region":"Bay of Plenty","bookable":"No","facilities":"Heating, Mattresses, Toilets - non-flush, Water from stream, Water supply","hasAlerts":"Refer to DOC website for current alerts","introductionThumbnail":"https://www.doc.govt.nz/thumbs/large/link/1938359daa1f49eb8fc05cbca4f2868c.jpg","staticLink":"https://www.doc.govt.nz/link/fbbd623cc3234c42b3d3ac973376d79a.aspx","locationString":"Kaimai Mamaku Conservation Park","x":1854989,"y":5813745,"assetId":100057086,"dateLoadedToGIS":"Tue, 05 Aug 2025 08:38:21 GMT","GlobalID":"a9472a70-2d31-455f-83da-6554792b89f8"}},{"type":"Feature","id":577279,"geometry":{"type":"Point","coordinates":[1337638,5125700]},"properties":{"OBJECTID":577279,"name":"Brodrick Hut","place":"Ruataniwha Conservation Park","region":"Canterbury","bookable":"No","facilities":"Heating, Mattresses, Toilets - non-flush, Water from tap - not treated, boil before use, Water supply","hasAlerts":"Refer to DOC website for current alerts","introductionThumbnail":"https://www.doc.govt.nz/thumbs/large/link/81c996a5993648719f8adaaf280dcb7e.jpg","staticLink":"https://www.doc.govt.nz/link/4d86ca4c3bf44e258c8aa4fde84fb6b1.aspx","locationString":"Ruataniwha Conservation Park","x":1337638,"y":5125700,"assetId":100060561,"dateLoadedToGIS":"Tue, 05 Aug 2025 08:38:21 GMT","GlobalID":"d686e521-b203-4921-818f-52c1d3e651ec"}},{"type":"Feature","id":577280,"geometry":{"type":"Point","coordinates":[1530030,5383192]},"properties":{"OBJECTID":577280,"name":"Ghost Lake Hut","place":"Lyell area","region":"West Coast","bookable":"Yes","facilities":"Cooking, Heating, Mattresses, Lighting, Toilets - non-flush, Water from tap - not treated, boil before use, Water supply","hasAlerts":"Refer to DOC website for current alerts","introductionThumbnail":"https://www.doc.govt.nz/thumbs/large/link/a50e5f4e62e4453182728a66266071ad.aspx","staticLink":"https://www.doc.govt.nz/link/822aa830e6f8408b9882ab977d216464.aspx","locationString":"Lyell area","x":1530030,"y":5383192,"assetId":100097391,"dateLoadedToGIS":"Tue, 05 Aug 2025 08:38:21 GMT","GlobalID":"2137ccbe-ac94-47b3-8237-0ea81a94e6e6"}},{"type":"Feature","id":577281,"geometry":{"type":"Point","coordinates":[1552509,5439122]},"properties":{"OBJECTID":577281,"name":"Roaring Lion Hut","place":"Kahurangi National Park","region":"Nelson/Tasman","bookable":"No","facilities":"Heating, Mattresses, Toilets - non-flush, Water from stream, Water supply","hasAlerts":"Refer to DOC website for current alerts","introductionThumbnail":"https://www.doc.govt.nz/thumbs/large/link/aa9aff8ba1604469aaec4dd574c45535.jpg","staticLink":"https://www.doc.govt.nz/link/dd66588e5eef49e1a828e9841d184ed3.aspx","locationString":"Kahurangi National Park","x":1552509,"y":5439122,"assetId":100061168,"dateLoadedToGIS":"Tue, 05 Aug 2025 08:38:22 GMT","GlobalID":"bcebfce7-dc7d-4e9c-94d4-ead57493ee8f"}},{"type":"Feature","id":577282,"geometry":{"type":"Point","coordinates":[1791337,5399778]},"properties":{"OBJECTID":577282,"name":"Kawakawa Hut","place":"Aorangi Forest Park","region":"Wairarapa","bookable":"No","facilities":"Heating, Mattresses, Toilets - non-flush, Water from tap - not treated, boil before use, Water supply","hasAlerts":"Refer to DOC website for current alerts","introductionThumbnail":"https://www.doc.govt.nz/thumbs/large/link/4f8071515ea7454184f81ac17a5c60ea.jpg","staticLink":"https://www.doc.govt.nz/link/17a2db4003a14625afc953613ee64e7b.aspx","locationString":"Aorangi Forest Park","x":1791337,"y":5399778,"assetId":100034807,"dateLoadedToGIS":"Tue, 05 Aug 2025 08:38:22 GMT","GlobalID":"3e95218d-6de8-44a4-bf30-d73a67264c10"}},{"type":"Feature","id":577283,"geometry":{"type":"Point","coordinates":[1467436,5316347]},"properties":{"OBJECTID":577283,"name":"Ces Clark Hut","place":"Paparoa National Park","region":"West Coast","bookable":"Yes","facilities":"Cooking, Heating, Mattresses, Toilets - non-flush, Water from tap - not treated, boil before use, Water supply","hasAlerts":"Refer to DOC website for current alerts","introductionThumbnail":"https://www.doc.govt.nz/thumbs/large/link/3516252e94ac4c32bef5762cd08a19b9.aspx","staticLink":"https://www.doc.govt.nz/link/65f0d53a84a94a68b887582f5930c6e9.aspx","locationString":"Paparoa National Park","x":1467436,"y":5316347,"assetId":100060940,"dateLoadedToGIS":"Tue, 05 Aug 2025 08:38:22 GMT","GlobalID":"43140981-030b-4793-800c-d500188efac3"}},{"type":"Feature","id":577284,"geometry":{"type":"Point","coordinates":[1198000,5014800]},"properties":{"OBJECTID":577284,"name":"Clinton Hut","place":"Fiordland National Park","region":"Fiordland","bookable":"Yes","facilities":"Cooking, Heating, Mattresses, Lighting, Toilets - flush, Water from tap - not treated, boil before use, Water supply","hasAlerts":"Refer to DOC website for current alerts","introductionThumbnail":"https://www.doc.govt.nz/thumbs/large/link/d147e24c2c6448dc907bbd713f08c2cf.jpg","staticLink":"https://www.doc.govt.nz/link/95b97909f4e748df8ec60e9d3ebf0d02.aspx","locationString":"Fiordland National Park","x":1198000,"y":5014800,"assetId":100065076,"dateLoadedToGIS":"Tue, 05 Aug 2025 08:38:22 GMT","GlobalID":"4dc9f170-59fc-4e84-a2c5-e773964d0ca0"}},{"type":"Feature","id":577285,"geometry":{"type":"Point","coordinates":[1320483,4851504]},"properties":{"OBJECTID":577285,"name":"Maclennan Hut","place":"Catlins coastal area","region":"Otago","bookable":"No","facilities":"Mattresses","hasAlerts":"Refer to DOC website for current alerts","introductionThumbnail":"https://www.doc.govt.nz/images/no-photo/no-photo-220x140.jpg","staticLink":"https://www.doc.govt.nz/link/4f9a9b22ce63497cb189c91ceff741a0.aspx","locationString":"Catlins coastal area","x":1320483,"y":4851504,"assetId":100058799,"dateLoadedToGIS":"Tue, 05 Aug 2025 08:38:22 GMT","GlobalID":"3acc218a-53ac-4712-88e6-150ad32dba0f"}},{"type":"Feature","id":577286,"geometry":{"type":"Point","coordinates":[1685520,6125778]},"properties":{"OBJECTID":577286,"name":"Motukawanui Hut","place":"Motukawanui Island Scenic Reserve","region":"Northland","bookable":"Yes","facilities":"Mattresses, Toilets - non-flush, Water from tap - not treated, boil before use, Water supply","hasAlerts":"Refer to DOC website for current alerts","introductionThumbnail":"https://www.doc.govt.nz/thumbs/large/link/5a321023413f4f94856ec983b469fcda.aspx","staticLink":"https://www.doc.govt.nz/link/bcac0ca072ea4f98a18aa9c98ef04b02.aspx","locationString":"Motukawanui Island Scenic Reserve","x":1685520,"y":6125778,"assetId":100040743,"dateLoadedToGIS":"Tue, 05 Aug 2025 08:38:23 GMT","GlobalID":"65e37101-97e4-4f51-9bbb-d8890ca67587"}},{"type":"Feature","id":577287,"geometry":{"type":"Point","coordinates":[1946830,5696844]},"properties":{"OBJECTID":577287,"name":"Waiopaoa Hut","place":"Te Urewera","region":"East Coast","bookable":"Yes","facilities":"Heating, Mattresses, Toilets - non-flush, Water from tap - not treated, boil before use, Water supply","hasAlerts":"Refer to DOC website for current alerts","introductionThumbnail":"https://www.doc.govt.nz/thumbs/large/link/47b8c28810884f3aa9f60e36405b40c8.jpg","staticLink":"https://www.doc.govt.nz/link/852143ece48443a39e1da214d01fdcce.aspx","locationString":"Te Urewera","x":1946830,"y":5696844,"assetId":100055336,"dateLoadedToGIS":"Tue, 05 Aug 2025 08:38:23 GMT","GlobalID":"4f043bea-25cd-4c57-ae91-9372e5d49736"}},{"type":"Feature","id":577288,"geometry":{"type":"Point","coordinates":[1476572,5247193]},"properties":{"OBJECTID":577288,"name":"Waimakariri Falls Hut","place":"Arthur's Pass National Park","region":"Canterbury","bookable":"No","facilities":"Mattresses, Toilets - non-flush, Water from stream, Water supply","hasAlerts":"Refer to DOC website for current alerts","introductionThumbnail":"https://www.doc.govt.nz/thumbs/large/link/96546645ddec439cb53611da869252a8.aspx","staticLink":"https://www.doc.govt.nz/link/f1a71eedc456422cb11bf998ec99c695.aspx","locationString":"Arthur's Pass National Park","x":1476572,"y":5247193,"assetId":100059955,"dateLoadedToGIS":"Tue, 05 Aug 2025 08:38:23 GMT","GlobalID":"2689e417-f90d-4b27-b8ed-1e7b7a2415f6"}},{"type":"Feature","id":577289,"geometry":{"type":"Point","coordinates":[1440176,5208462]},"properties":{"OBJECTID":577289,"name":"Evans Hut","place":"Rangitata and Rakaia Rivers area","region":"Canterbury","bookable":"No","facilities":"Heating, Mattresses, Toilets - non-flush, Water from tap - not treated, boil before use, Water supply","hasAlerts":"Refer to DOC website for current alerts","introductionThumbnail":"https://www.doc.govt.nz/thumbs/large/link/810b31416af742d28f3ace1fd4d05c8f.aspx","staticLink":"https://www.doc.govt.nz/link/1255a09ba5f84bf9bb75113495021092.aspx","locationString":"Rangitata and Rakaia Rivers area","x":1440176,"y":5208462,"assetId":100062414,"dateLoadedToGIS":"Tue, 05 Aug 2025 08:38:23 GMT","GlobalID":"b725a339-6a02-497d-b96c-c8f61a725bd1"}},{"type":"Feature","id":577290,"geometry":{"type":"Point","coordinates":[1349340,5134938]},"properties":{"OBJECTID":577290,"name":"Dodger Hut","place":"Ruataniwha Conservation Park","region":"Canterbury","bookable":"No","facilities":"Heating, Mattresses, Toilets - non-flush, Water from tap - not treated, boil before use, Water supply","hasAlerts":"Refer to DOC website for current alerts","introductionThumbnail":"https://www.doc.govt.nz/thumbs/large/link/2e7c0f07f2ef40cba97ead4e07c4e54f.aspx","staticLink":"https://www.doc.govt.nz/link/d6739097b1644ee492abb475f13476db.aspx","locationString":"Ruataniwha Conservation Park","x":1349340,"y":5134938,"assetId":100034563,"dateLoadedToGIS":"Tue, 05 Aug 2025 08:38:23 GMT","GlobalID":"e7c38485-d9a5-4243-b329-f6cc2664a9b7"}},{"type":"Feature","id":577291,"geometry":{"type":"Point","coordinates":[1796558,5468359]},"properties":{"OBJECTID":577291,"name":"Maungahuka Hut","place":"Tararua Forest Park","region":"Wairarapa","bookable":"No","facilities":"Mattresses, Toilets - non-flush, Water from tap - not treated, boil before use, Water supply","hasAlerts":"Refer to DOC website for current alerts","introductionThumbnail":"https://www.doc.govt.nz/thumbs/large/link/960c453d7523409084835169a1cf500d.jpg","staticLink":"https://www.doc.govt.nz/link/35f2ee6fe53442adb7f184e7c87e16b9.aspx","locationString":"Tararua Forest Park","x":1796558,"y":5468359,"assetId":100063308,"dateLoadedToGIS":"Tue, 05 Aug 2025 08:38:24 GMT","GlobalID":"b5247ce2-712e-4396-96c8-01423fda5840"}},{"type":"Feature","id":577292,"geometry":{"type":"Point","coordinates":[1862346,5569586]},"properties":{"OBJECTID":577292,"name":"Toka Bivvy","place":"Ruahine Forest Park","region":"Manawatu/Whanganui","bookable":"No","facilities":"Mattresses, Toilets - non-flush, Water from stream, Water supply","hasAlerts":"Refer to DOC website for current alerts","introductionThumbnail":"https://www.doc.govt.nz/thumbs/large/link/cb2d431e368943a5be1c2370c50904fd.aspx","staticLink":"https://www.doc.govt.nz/link/215f73896668458ebb55ca78dc9a8ca0.aspx","locationString":"Ruahine Forest Park","x":1862346,"y":5569586,"assetId":100072833,"dateLoadedToGIS":"Tue, 05 Aug 2025 08:38:24 GMT","GlobalID":"c61c40de-3a28-4c98-9da7-511fbe548f0d"}},{"type":"Feature","id":577293,"geometry":{"type":"Point","coordinates":[1237338,4954010]},"properties":{"OBJECTID":577293,"name":"Cromel Branch Hut","place":"Eyre Mountains/Taka Rā Haka Conservation Park","region":"Southland","bookable":"No","facilities":"Heating, Mattresses, Toilets - non-flush, Water from stream, Water supply","hasAlerts":"Refer to DOC website for current alerts","introductionThumbnail":"https://www.doc.govt.nz/thumbs/large/link/9dfab6a1ac9647e59a046af3f94e093b.aspx","staticLink":"https://www.doc.govt.nz/link/b28fd104fe204798b095a18cd63ff3ce.aspx","locationString":"Eyre Mountains/Taka Rā Haka Conservation Park","x":1237338,"y":4954010,"assetId":100033536,"dateLoadedToGIS":"Tue, 05 Aug 2025 08:38:24 GMT","GlobalID":"d894a37e-3105-4bff-ba03-a33d7f660a93"}},{"type":"Feature","id":577294,"geometry":{"type":"Point","coordinates":[1540176,5297837]},"properties":{"OBJECTID":577294,"name":"Upper Nina Bivvy","place":"Lake Sumner Forest Park","region":"Canterbury","bookable":"No","facilities":"Heating, Mattresses, Toilets - non-flush, Water from stream, Water supply","hasAlerts":"Refer to DOC website for current alerts","introductionThumbnail":"https://www.doc.govt.nz/thumbs/large/link/a685a319643d46d7b71809004ee19fd5.aspx","staticLink":"https://www.doc.govt.nz/link/984e8ec6343d4f6ab7e9c28ddc987420.aspx","locationString":"Lake Sumner Forest Park","x":1540176,"y":5297837,"assetId":100063490,"dateLoadedToGIS":"Tue, 05 Aug 2025 08:38:24 GMT","GlobalID":"fab47a24-18f0-4290-a783-caa0ef5b7419"}},{"type":"Feature","id":577295,"geometry":{"type":"Point","coordinates":[1541439,5316121]},"properties":{"OBJECTID":577295,"name":"Kōhanga Atawhai – Manson Nicholls Hut","place":"Lewis Pass Scenic Reserve","region":"West Coast","bookable":"Yes","facilities":"Heating, Mattresses, Toilets - non-flush, Water from tap - not treated, boil before use, Water supply","hasAlerts":"Refer to DOC website for current alerts","introductionThumbnail":"https://www.doc.govt.nz/thumbs/large/link/0fa1d12205964fac99e79d1275059553.aspx","staticLink":"https://www.doc.govt.nz/link/029fb55b0dda4696b5cf13246884536c.aspx","locationString":"Lewis Pass Scenic Reserve","x":1541439,"y":5316121,"assetId":100131709,"dateLoadedToGIS":"Tue, 05 Aug 2025 08:38:24 GMT","GlobalID":"f77ca43f-33d3-439c-916b-befc3ea31314"}},{"type":"Feature","id":577296,"geometry":{"type":"Point","coordinates":[1568229,5446111]},"properties":{"OBJECTID":577296,"name":"Myttons Hut","place":"Cobb Valley","region":"Nelson/Tasman","bookable":"No","facilities":"Heating, Mattresses, Toilets - non-flush, Water from tap - not treated, boil before use, Water supply","hasAlerts":"Refer to DOC website for current alerts","introductionThumbnail":"https://www.doc.govt.nz/thumbs/large/link/a25f972dc573431a82cad67a832f31c6.jpg","staticLink":"https://www.doc.govt.nz/link/1071c6aad5df49aa8520c946c70bcedf.aspx","locationString":"Cobb Valley","x":1568229,"y":5446111,"assetId":100034865,"dateLoadedToGIS":"Tue, 05 Aug 2025 08:38:24 GMT","GlobalID":"4e23bc53-9eec-47b7-8723-ac21fd7aa07a"}},{"type":"Feature","id":577297,"geometry":{"type":"Point","coordinates":[1336505,5091387]},"properties":{"OBJECTID":577297,"name":"Snowy Gorge Hut","place":"Ahuriri Conservation Park","region":"Canterbury","bookable":"No","facilities":"Mattresses, Toilets - non-flush, Water from stream, Water supply","hasAlerts":"Refer to DOC website for current alerts","introductionThumbnail":"https://www.doc.govt.nz/thumbs/large/link/a004cb8c109743948c2e52deb5547543.aspx","staticLink":"https://www.doc.govt.nz/link/b40ddb5e31f145f281c7c06512c2ac68.aspx","locationString":"Ahuriri Conservation Park","x":1336505,"y":5091387,"assetId":100044463,"dateLoadedToGIS":"Tue, 05 Aug 2025 08:38:25 GMT","GlobalID":"3362e559-237d-4986-86f1-9eae0b724909"}},{"type":"Feature","id":577298,"geometry":{"type":"Point","coordinates":[1554500,5332700]},"properties":{"OBJECTID":577298,"name":"Burn Creek Hut","place":"Nelson Lakes National Park","region":"Nelson/Tasman","bookable":"No","facilities":"Heating, Mattresses, Water from stream, Water supply","hasAlerts":"Refer to DOC website for current alerts","introductionThumbnail":"https://www.doc.govt.nz/thumbs/large/link/ba41af22682e4d318cc4040c5cc40c1e.aspx","staticLink":"https://www.doc.govt.nz/link/7dc3bfcff52b40c1b9c5682c869b80cf.aspx","locationString":"Nelson Lakes National Park","x":1554500,"y":5332700,"assetId":100060142,"dateLoadedToGIS":"Tue, 05 Aug 2025 08:38:25 GMT","GlobalID":"db011c87-23f6-45e4-8dc8-d437dd7e4a8c"}},{"type":"Feature","id":577299,"geometry":{"type":"Point","coordinates":[1567022.9968,5467918.9419]},"properties":{"OBJECTID":577299,"name":"Anatoki Forks Hut","place":"Kahurangi National Park","region":"Nelson/Tasman","bookable":"No","facilities":"Heating, Mattresses, Toilets - non-flush, Water from tap - not treated, boil before use, Water supply","hasAlerts":"Refer to DOC website for current alerts","introductionThumbnail":"https://www.doc.govt.nz/thumbs/large/link/704f95a4f07945e3be7494e0721de667.aspx","staticLink":"https://www.doc.govt.nz/link/94bcbf42bda944bbb5d3a504e6ea68a1.aspx","locationString":"Kahurangi National Park","x":1567023,"y":5467919,"assetId":100064302,"dateLoadedToGIS":"Tue, 05 Aug 2025 08:38:25 GMT","GlobalID":"b06be800-99b1-409a-8ff2-d80dc171ffd7"}},{"type":"Feature","id":577300,"geometry":{"type":"Point","coordinates":[1305615,5099414]},"properties":{"OBJECTID":577300,"name":"Cameron Hut","place":"Makarora area","region":"Otago","bookable":"No","facilities":"Heating, Mattresses, Toilets - non-flush, Water from stream, Water supply","hasAlerts":"Refer to DOC website for current alerts","introductionThumbnail":"https://www.doc.govt.nz/thumbs/large/link/79ebded1191e4427acdd0e2a492cef54.jpg","staticLink":"https://www.doc.govt.nz/link/b4eb04c5f5a54e5b8ec4c59d5874127f.aspx","locationString":"Makarora area","x":1305615,"y":5099414,"assetId":100059248,"dateLoadedToGIS":"Tue, 05 Aug 2025 08:38:25 GMT","GlobalID":"8571f534-9dab-4009-a5ca-63d8f1574b42"}},{"type":"Feature","id":577301,"geometry":{"type":"Point","coordinates":[1352119,5140565]},"properties":{"OBJECTID":577301,"name":"Erceg Hut","place":"Ruataniwha Conservation Park","region":"Canterbury","bookable":"No","facilities":"Mattresses, Toilets - non-flush, Water from tap - not treated, boil before use, Water supply","hasAlerts":"Refer to DOC website for current alerts","introductionThumbnail":"https://www.doc.govt.nz/thumbs/large/link/ce3d11d05a6e4619b56d8f4b0d3312b6.aspx","staticLink":"https://www.doc.govt.nz/link/e0b3af7d2d384c339a6690b76bc8beb1.aspx","locationString":"Ruataniwha Conservation Park","x":1352119,"y":5140565,"assetId":100065479,"dateLoadedToGIS":"Tue, 05 Aug 2025 08:38:25 GMT","GlobalID":"a862de1c-d849-48e8-aba0-1176fc886d88"}},{"type":"Feature","id":577302,"geometry":{"type":"Point","coordinates":[1142313,4862472]},"properties":{"OBJECTID":577302,"name":"Waitutu Hut","place":"Fiordland National Park","region":"Fiordland","bookable":"No","facilities":"Heating, Mattresses, Toilets - non-flush, Water from tap - not treated, boil before use, Water supply","hasAlerts":"Refer to DOC website for current alerts","introductionThumbnail":"https://www.doc.govt.nz/thumbs/large/link/cbe8a7c7bb0f4b8691b7afc8f0e1d0fd.aspx","staticLink":"https://www.doc.govt.nz/link/fa4c01e62bf14f13b2e7306bf62573f9.aspx","locationString":"Fiordland National Park","x":1142313,"y":4862472,"assetId":100058859,"dateLoadedToGIS":"Tue, 05 Aug 2025 08:38:26 GMT","GlobalID":"f85d66e0-a230-41da-95cd-b3f648633828"}},{"type":"Feature","id":577303,"geometry":{"type":"Point","coordinates":[1472160,5232076]},"properties":{"OBJECTID":577303,"name":"Avoca Hut","place":"Craigieburn Forest Park","region":"Canterbury","bookable":"No","facilities":"Heating, Mattresses, Toilets - non-flush, Water from tap - not treated, boil before use, Water supply","hasAlerts":"Refer to DOC website for current alerts","introductionThumbnail":"https://www.doc.govt.nz/thumbs/large/link/4c6d73669aad4bb8a0d3b9eb31c6969c.aspx","staticLink":"https://www.doc.govt.nz/link/9c5b31f74b204d2da78f578045e6a75a.aspx","locationString":"Craigieburn Forest Park","x":1472160,"y":5232076,"assetId":100064753,"dateLoadedToGIS":"Tue, 05 Aug 2025 08:38:26 GMT","GlobalID":"e01f941a-0619-4bcb-b68e-03068de903d7"}},{"type":"Feature","id":577304,"geometry":{"type":"Point","coordinates":[1556524.7919,5409262.8736]},"properties":{"OBJECTID":577304,"name":"Cecil Kings Hut","place":"Kahurangi National Park","region":"Nelson/Tasman","bookable":"No","facilities":"Heating, Mattresses, Toilets - non-flush, Water from stream, Water supply","hasAlerts":"Refer to DOC website for current alerts","introductionThumbnail":"https://www.doc.govt.nz/thumbs/large/link/65d4741914154e66929cf84df76644cc.jpg","staticLink":"https://www.doc.govt.nz/link/b1cd86cffc6d4dd79db79eb2c3ac23a4.aspx","locationString":"Kahurangi National Park","x":1556525,"y":5409263,"assetId":100034881,"dateLoadedToGIS":"Tue, 05 Aug 2025 08:38:26 GMT","GlobalID":"4a3e06ab-cc5b-477e-a7e5-57171a7b55d0"}},{"type":"Feature","id":577305,"geometry":{"type":"Point","coordinates":[1555272,5316286]},"properties":{"OBJECTID":577305,"name":"Ada Pass Hut","place":"Lewis Pass Scenic Reserve","region":"West Coast","bookable":"Yes","facilities":"Heating, Mattresses, Toilets - non-flush, Water from tap - not treated, boil before use, Water supply","hasAlerts":"Refer to DOC website for current alerts","introductionThumbnail":"https://www.doc.govt.nz/thumbs/large/link/c1fe4e65200149cc9b1a7f7c81109aeb.aspx","staticLink":"https://www.doc.govt.nz/link/3ef43190e71441e2ac7e007c520f3049.aspx","locationString":"Lewis Pass Scenic Reserve","x":1555272,"y":5316286,"assetId":100059406,"dateLoadedToGIS":"Tue, 05 Aug 2025 08:38:26 GMT","GlobalID":"f9d2f787-4fd4-4410-972f-bdc7339347eb"}},{"type":"Feature","id":577306,"geometry":{"type":"Point","coordinates":[1169644,4999714]},"properties":{"OBJECTID":577306,"name":"Lake Thomson Hut","place":"Fiordland National Park","region":"Fiordland","bookable":"No","facilities":"Heating, Mattresses, Toilets - non-flush, Water from tap - not treated, boil before use, Water supply","hasAlerts":"Refer to DOC website for current alerts","introductionThumbnail":"https://www.doc.govt.nz/thumbs/large/link/1f064d05b2fe4011959c300db8019a36.jpg","staticLink":"https://www.doc.govt.nz/link/3c4734c39a7442789af76aa495511bac.aspx","locationString":"Fiordland National Park","x":1169644,"y":4999714,"assetId":100058632,"dateLoadedToGIS":"Tue, 05 Aug 2025 08:38:26 GMT","GlobalID":"2c5a9cbd-feb7-4430-ab12-61ec150d8b4d"}},{"type":"Feature","id":577307,"geometry":{"type":"Point","coordinates":[1765769,5421370]},"properties":{"OBJECTID":577307,"name":"Jans Hut","place":"Catchpool Valley & Ōrongorongo Valley","region":"Wellington/Kapiti","bookable":"Yes","facilities":"Cooking, Heating, Mattresses, Toilets - non-flush, Water from tap - not treated, boil before use, Water supply","hasAlerts":"Refer to DOC website for current alerts","introductionThumbnail":"https://www.doc.govt.nz/thumbs/large/link/0dfa5d57bd404d15892ce5734719c5af.jpg","staticLink":"https://www.doc.govt.nz/link/e593e3bda7eb4f56b3e0e9bc94a38c0c.aspx","locationString":"Catchpool Valley & Ōrongorongo Valley","x":1765769,"y":5421370,"assetId":100034793,"dateLoadedToGIS":"Tue, 05 Aug 2025 08:38:27 GMT","GlobalID":"3556c2a3-63e5-45e7-b21e-7deefe5c6951"}},{"type":"Feature","id":577308,"geometry":{"type":"Point","coordinates":[1323996,5109050]},"properties":{"OBJECTID":577308,"name":"Ferguson Hut","place":"Hāwea Conservation Park","region":"Otago","bookable":"No","facilities":"Heating, Mattresses, Toilets - non-flush, Water from tap - not treated, boil before use, Water supply","hasAlerts":"Refer to DOC website for current alerts","introductionThumbnail":"https://www.doc.govt.nz/thumbs/large/link/d148fa57cfb14259b3f1391e45eaf121.jpg","staticLink":"https://www.doc.govt.nz/link/a9bb578c20dd4f5f8bc279b80055c60c.aspx","locationString":"Hāwea Conservation Park","x":1323996,"y":5109050,"assetId":100059028,"dateLoadedToGIS":"Tue, 05 Aug 2025 08:38:27 GMT","GlobalID":"6a128470-03c6-421b-a35d-35f8c123f418"}},{"type":"Feature","id":577309,"geometry":{"type":"Point","coordinates":[1197800,4777744]},"properties":{"OBJECTID":577309,"name":"Doughboy Bay Hut","place":"Rakiura National Park","region":"Southland","bookable":"No","facilities":"Heating, Mattresses, Toilets - non-flush, Water from tap - not treated, boil before use, Water supply","hasAlerts":"Refer to DOC website for current alerts","introductionThumbnail":"https://www.doc.govt.nz/thumbs/large/link/f2b93f3bfb344a13b636998dd5c09072.jpg","staticLink":"https://www.doc.govt.nz/link/9083acc7b01f4a6e96f62a451442643a.aspx","locationString":"Rakiura National Park","x":1197800,"y":4777744,"assetId":100071867,"dateLoadedToGIS":"Tue, 05 Aug 2025 08:38:27 GMT","GlobalID":"d80e43ce-28dd-4a5c-bc70-4e1719719b9e"}},{"type":"Feature","id":577310,"geometry":{"type":"Point","coordinates":[1338921,5122123]},"properties":{"OBJECTID":577310,"name":"Huxley Forks Hut","place":"Ruataniwha Conservation Park","region":"Canterbury","bookable":"No","facilities":"Heating, Mattresses, Toilets - non-flush, Water from tap - not treated, boil before use, Water supply","hasAlerts":"Refer to DOC website for current alerts","introductionThumbnail":"https://www.doc.govt.nz/thumbs/large/link/fd6735e9f9604c899138777eabbeae15.aspx","staticLink":"https://www.doc.govt.nz/link/66a882bbc86448b9adcd2c7406832f08.aspx","locationString":"Ruataniwha Conservation Park","x":1338921,"y":5122123,"assetId":100034564,"dateLoadedToGIS":"Tue, 05 Aug 2025 08:38:27 GMT","GlobalID":"22c37399-c49e-4c27-acea-9242d8d57f4e"}},{"type":"Feature","id":577311,"geometry":{"type":"Point","coordinates":[1219148,5067694]},"properties":{"OBJECTID":577311,"name":"Olivine Hut","place":"Fiordland National Park","region":"Fiordland","bookable":"No","facilities":"Heating, Mattresses, Toilets - non-flush, Water from tap - not treated, boil before use, Water supply","hasAlerts":"Refer to DOC website for current alerts","introductionThumbnail":"https://www.doc.govt.nz/thumbs/large/link/10ce07b9adf040b696932e7d3dd65825.jpg","staticLink":"https://www.doc.govt.nz/link/58d63ee83828448aacf7fa916222412a.aspx","locationString":"Fiordland National Park","x":1219148,"y":5067694,"assetId":100058074,"dateLoadedToGIS":"Tue, 05 Aug 2025 08:38:27 GMT","GlobalID":"520d7d93-e78a-442d-944b-3536a51c5341"}},{"type":"Feature","id":577312,"geometry":{"type":"Point","coordinates":[1564508,5354396]},"properties":{"OBJECTID":577312,"name":"Mole Hut","place":"Nelson Lakes National Park","region":"Nelson/Tasman","bookable":"No","facilities":"Mattresses, Toilets - non-flush, Water from stream, Water supply","hasAlerts":"Refer to DOC website for current alerts","introductionThumbnail":"https://www.doc.govt.nz/thumbs/large/link/ec6fd166f2b84ff6b4a69214dfc318bd.aspx","staticLink":"https://www.doc.govt.nz/link/ecdb59f2999d4287a1e72ce3cda05224.aspx","locationString":"Nelson Lakes National Park","x":1564508,"y":5354396,"assetId":100064347,"dateLoadedToGIS":"Tue, 05 Aug 2025 08:38:28 GMT","GlobalID":"87ad723f-ed3a-46be-9fb6-d3a219333003"}},{"type":"Feature","id":577313,"geometry":{"type":"Point","coordinates":[1801854,5489816]},"properties":{"OBJECTID":577313,"name":"South Ohau Hut","place":"Tararua Forest Park","region":"Wellington/Kapiti","bookable":"No","facilities":"Heating, Mattresses, Toilets - non-flush, Water from tap - not treated, boil before use, Water supply","hasAlerts":"Refer to DOC website for current alerts","introductionThumbnail":"https://www.doc.govt.nz/thumbs/large/link/ec1a764db11e4d4c9a491b76deb25c32.jpg","staticLink":"https://www.doc.govt.nz/link/61258814dbfd43419f8e90d0b4bf134d.aspx","locationString":"Tararua Forest Park","x":1801854,"y":5489816,"assetId":100038299,"dateLoadedToGIS":"Tue, 05 Aug 2025 08:38:28 GMT","GlobalID":"97e1e680-929b-4241-8055-11c7a4547088"}},{"type":"Feature","id":577314,"geometry":{"type":"Point","coordinates":[1216730,4992836]},"properties":{"OBJECTID":577314,"name":"Forks Hut","place":"Mavora Lakes Conservation Park","region":"Southland","bookable":"No","facilities":"Heating, Mattresses, Toilets - non-flush, Water from stream, Water supply","hasAlerts":"Refer to DOC website for current alerts","introductionThumbnail":"https://www.doc.govt.nz/thumbs/large/link/564580b8149145c4bac42b472c8e81e9.aspx","staticLink":"https://www.doc.govt.nz/link/99be7adaccb2485b9a590af6593af103.aspx","locationString":"Mavora Lakes Conservation Park","x":1216730,"y":4992836,"assetId":100065936,"dateLoadedToGIS":"Tue, 05 Aug 2025 08:38:28 GMT","GlobalID":"6a73e625-8a6f-4d59-86f1-0156cb47fd66"}},{"type":"Feature","id":577315,"geometry":{"type":"Point","coordinates":[1590497,5349623]},"properties":{"OBJECTID":577315,"name":"Connors Creek Hut","place":"Upper Wairau River area","region":"Nelson/Tasman","bookable":"No","facilities":"Heating, Mattresses, Toilets - non-flush, Water from stream, Water supply","hasAlerts":"Refer to DOC website for current alerts","introductionThumbnail":"https://www.doc.govt.nz/thumbs/large/link/a966367dcddc4e44922a827588d34a07.aspx","staticLink":"https://www.doc.govt.nz/link/7381a73fb0844bb6a520d816055e02ba.aspx","locationString":"Upper Wairau River area","x":1590497,"y":5349623,"assetId":100064171,"dateLoadedToGIS":"Tue, 05 Aug 2025 08:38:28 GMT","GlobalID":"a54d6a7a-9c00-4af7-a930-92d22b448831"}},{"type":"Feature","id":577316,"geometry":{"type":"Point","coordinates":[1283469,5093901]},"properties":{"OBJECTID":577316,"name":"Kerin Forks Hut ","place":"Mount Aspiring National Park","region":"Otago","bookable":"No","facilities":"Heating, Mattresses, Toilets - non-flush, Water from tap - not treated, boil before use, Water supply","hasAlerts":"Refer to DOC website for current alerts","introductionThumbnail":"https://www.doc.govt.nz/thumbs/large/link/3e23bf294cec4531ab1b9081d2cbe555.aspx","staticLink":"https://www.doc.govt.nz/link/8aa473f49fb4401d8b19a3b57abfc336.aspx","locationString":"Mount Aspiring National Park","x":1283469,"y":5093901,"assetId":100059144,"dateLoadedToGIS":"Tue, 05 Aug 2025 08:38:29 GMT","GlobalID":"690a5464-efd6-4957-9dd4-d25fb6975c5c"}},{"type":"Feature","id":577317,"geometry":{"type":"Point","coordinates":[1238605,4948280]},"properties":{"OBJECTID":577317,"name":"Mt Bee Bunkrooms","place":"Eyre Mountains/Taka Rā Haka Conservation Park","region":"Southland","bookable":"No","facilities":"Mattresses, Toilets - non-flush, Water from tap - not treated, boil before use, Water supply","hasAlerts":"Refer to DOC website for current alerts","introductionThumbnail":"https://www.doc.govt.nz/thumbs/large/link/ea93c07b368041b4aba91c0b495a8fd8.jpg","staticLink":"https://www.doc.govt.nz/link/619cc903c89546be92550353263ce3ba.aspx","locationString":"Eyre Mountains/Taka Rā Haka Conservation Park","x":1238605,"y":4948280,"assetId":100058756,"dateLoadedToGIS":"Tue, 05 Aug 2025 08:38:29 GMT","GlobalID":"c69b10d7-5e0b-4a9f-a49e-42208ef0d8c5"}},{"type":"Feature","id":577318,"geometry":{"type":"Point","coordinates":[1620105,5410303]},"properties":{"OBJECTID":577318,"name":"Starveall Hut","place":"Mount Richmond Forest Park","region":"Nelson/Tasman","bookable":"No","facilities":"Heating, Mattresses, Toilets - non-flush, Water from tap - not treated, boil before use, Water supply","hasAlerts":"Refer to DOC website for current alerts","introductionThumbnail":"https://www.doc.govt.nz/thumbs/large/link/c1c4189a4196486b85502625cb078c2a.jpg","staticLink":"https://www.doc.govt.nz/link/8b403b57449f4588b55ea676a01d47b4.aspx","locationString":"Mount Richmond Forest Park","x":1620105,"y":5410303,"assetId":100061740,"dateLoadedToGIS":"Tue, 05 Aug 2025 08:38:29 GMT","GlobalID":"f592f0ca-c435-431d-94db-eba40be18122"}},{"type":"Feature","id":577319,"geometry":{"type":"Point","coordinates":[1231849,4954212]},"properties":{"OBJECTID":577319,"name":"Islands Hut","place":"Eyre Mountains/Taka Rā Haka Conservation Park","region":"Southland","bookable":"No","facilities":"Heating, Mattresses, Toilets - non-flush, Water from stream, Water supply","hasAlerts":"Refer to DOC website for current alerts","introductionThumbnail":"https://www.doc.govt.nz/images/no-photo/no-photo-220x140.jpg","staticLink":"https://www.doc.govt.nz/link/31f690e0a94c4c5bbec4a220be76337b.aspx","locationString":"Eyre Mountains/Taka Rā Haka Conservation Park","x":1231849,"y":4954212,"assetId":100056332,"dateLoadedToGIS":"Tue, 05 Aug 2025 08:38:29 GMT","GlobalID":"212f7172-0878-4a78-8a8f-f1c938566f38"}},{"type":"Feature","id":577320,"geometry":{"type":"Point","coordinates":[1370700,5184900]},"properties":{"OBJECTID":577320,"name":"Castle Rocks Hut","place":"Franz Josef Glacier/Kā Roimata o Hine Hukatere","region":"West Coast","bookable":"No","facilities":"Mattresses, Toilets - non-flush, Water from tap - not treated, boil before use, Water supply","hasAlerts":"Refer to DOC website for current alerts","introductionThumbnail":"https://www.doc.govt.nz/thumbs/large/link/89b46b8d5d0d436a89abefc2b3349b9e.aspx","staticLink":"https://www.doc.govt.nz/link/e39f797cde514106984f10620913ff80.aspx","locationString":"Franz Josef Glacier/Kā Roimata o Hine Hukatere","x":1370700,"y":5184900,"assetId":100060357,"dateLoadedToGIS":"Tue, 05 Aug 2025 08:38:29 GMT","GlobalID":"2d6775a0-6c93-4339-bc13-d4b5f4b5daad"}},{"type":"Feature","id":577321,"geometry":{"type":"Point","coordinates":[1257496,5026741]},"properties":{"OBJECTID":577321,"name":"Crystal Hut","place":"Skippers area","region":"Otago","bookable":"No","facilities":"Heating, Mattresses, Water from tap - not treated, boil before use, Water supply","hasAlerts":"Refer to DOC website for current alerts","introductionThumbnail":"https://www.doc.govt.nz/thumbs/large/link/f1ef493308664d27bf9ecc53b4b3b3db.jpg","staticLink":"https://www.doc.govt.nz/link/19ed2b722bb547c58dd64447e96b87bc.aspx","locationString":"Skippers area","x":1257496,"y":5026741,"assetId":100043139,"dateLoadedToGIS":"Tue, 05 Aug 2025 08:38:29 GMT","GlobalID":"c5cf099a-69bf-486a-87a4-9dd64849e684"}},{"type":"Feature","id":577322,"geometry":{"type":"Point","coordinates":[1530518,5276659]},"properties":{"OBJECTID":577322,"name":"Three Mile Stream Hut","place":"Lake Sumner Forest Park","region":"Canterbury","bookable":"No","facilities":"Heating, Mattresses, Toilets - non-flush, Water from stream, Water supply","hasAlerts":"Refer to DOC website for current alerts","introductionThumbnail":"https://www.doc.govt.nz/thumbs/large/link/d1a274a4275241e5b415753f0d703261.jpg","staticLink":"https://www.doc.govt.nz/link/4e120fdcbc064b52929f08b27ca0d3e0.aspx","locationString":"Lake Sumner Forest Park","x":1530518,"y":5276659,"assetId":100063296,"dateLoadedToGIS":"Tue, 05 Aug 2025 08:38:30 GMT","GlobalID":"f3e349a8-2c42-45d0-9cae-fa4392c41d6b"}},{"type":"Feature","id":577323,"geometry":{"type":"Point","coordinates":[1316853,5061491]},"properties":{"OBJECTID":577323,"name":"Stodys Hut","place":"Hāwea Conservation Park","region":"Otago","bookable":"No","facilities":"Heating, Mattresses, Toilets - non-flush, Water from stream, Water supply","hasAlerts":"Refer to DOC website for current alerts","introductionThumbnail":"https://www.doc.govt.nz/thumbs/large/link/6c330824d39b44b784d8199268d8f7c3.jpg","staticLink":"https://www.doc.govt.nz/link/6605c1f266eb4978a9062add12089e1d.aspx","locationString":"Hāwea Conservation Park","x":1316853,"y":5061491,"assetId":100085582,"dateLoadedToGIS":"Tue, 05 Aug 2025 08:38:30 GMT","GlobalID":"f8324621-ee02-426c-bbc0-a589cbdc212c"}},{"type":"Feature","id":577324,"geometry":{"type":"Point","coordinates":[1410998,5181425]},"properties":{"OBJECTID":577324,"name":"Carney's Bivvy No. 1","place":"Rangitata and Rakaia Rivers area","region":"Canterbury","bookable":"No","facilities":"Mattresses, Toilets - non-flush, Water from stream, Water supply","hasAlerts":"Refer to DOC website for current alerts","introductionThumbnail":"https://www.doc.govt.nz/thumbs/large/link/f1dd972aeeed4c44860cefff291aab74.jpg","staticLink":"https://www.doc.govt.nz/link/efa3bb5b0aeb451090618f9008090818.aspx","locationString":"Rangitata and Rakaia Rivers area","x":1410998,"y":5181425,"assetId":100043236,"dateLoadedToGIS":"Tue, 05 Aug 2025 08:38:30 GMT","GlobalID":"64cc13c7-8448-4ee0-9a99-ee729c195cdb"}},{"type":"Feature","id":577325,"geometry":{"type":"Point","coordinates":[1416038,5219627]},"properties":{"OBJECTID":577325,"name":"Scamper Torrent Hut","place":"Waitaha River area","region":"West Coast","bookable":"No","facilities":"Mattresses, Toilets - non-flush, Water from tap - not treated, boil before use, Water supply","hasAlerts":"Refer to DOC website for current alerts","introductionThumbnail":"https://www.doc.govt.nz/thumbs/large/link/fa88ce8b9dd34d09ad7e150f771e1deb.aspx","staticLink":"https://www.doc.govt.nz/link/94727163ebce490d864226f81c18ea48.aspx","locationString":"Waitaha River area","x":1416038,"y":5219627,"assetId":100054669,"dateLoadedToGIS":"Tue, 05 Aug 2025 08:38:30 GMT","GlobalID":"d53bc1b3-ce48-4f0c-b632-b3dd349fffbb"}},{"type":"Feature","id":577326,"geometry":{"type":"Point","coordinates":[1225567,4964212]},"properties":{"OBJECTID":577326,"name":"Upper Oreti Hut","place":"Eyre Mountains/Taka Rā Haka Conservation Park","region":"Southland","bookable":"No","facilities":"Mattresses, Toilets - non-flush, Water from stream, Water supply","hasAlerts":"Refer to DOC website for current alerts","introductionThumbnail":"https://www.doc.govt.nz/thumbs/large/link/b9da24e11be8413cadc8fdc3f9fbd6ae.aspx","staticLink":"https://www.doc.govt.nz/link/58dfd267d7be422283cbe9391f951c63.aspx","locationString":"Eyre Mountains/Taka Rā Haka Conservation Park","x":1225567,"y":4964212,"assetId":100030327,"dateLoadedToGIS":"Tue, 05 Aug 2025 08:38:30 GMT","GlobalID":"5cbe5ed6-e13e-4b6f-9341-93effd6aab1d"}},{"type":"Feature","id":577327,"geometry":{"type":"Point","coordinates":[1894796.3569,5648565.0231]},"properties":{"OBJECTID":577327,"name":"Kaweka Flats Bivvy","place":"Kaweka Forest Park","region":"Hawke’s Bay","bookable":"No","facilities":"Mattresses, Toilets - non-flush, Water from stream, Water supply","hasAlerts":"Refer to DOC website for current alerts","introductionThumbnail":"https://www.doc.govt.nz/thumbs/large/link/6a3b5f31154a4b85b8f4ddf55c71e0f2.jpg","staticLink":"https://www.doc.govt.nz/link/a797be4097064e50b80b27b577388797.aspx","locationString":"Kaweka Forest Park","x":1894796,"y":5648565,"assetId":100072291,"dateLoadedToGIS":"Tue, 05 Aug 2025 08:38:31 GMT","GlobalID":"cee82716-5221-4d04-9b1f-620190ab52fb"}},{"type":"Feature","id":577328,"geometry":{"type":"Point","coordinates":[1395723,5151098]},"properties":{"OBJECTID":577328,"name":"Middle Gorge Hut","place":"Godley Peaks Conservation Area","region":"Canterbury","bookable":"No","facilities":"Heating, Mattresses, Toilets - non-flush, Water from stream, Water supply","hasAlerts":"Refer to DOC website for current alerts","introductionThumbnail":"https://www.doc.govt.nz/thumbs/large/link/c97a3e5cab0a43159b192cde5e9d6a1e.aspx","staticLink":"https://www.doc.govt.nz/link/bd475e99d0ba4dbdb62f21fd5f4133b7.aspx","locationString":"Godley Peaks Conservation Area","x":1395723,"y":5151098,"assetId":100039155,"dateLoadedToGIS":"Tue, 05 Aug 2025 08:38:31 GMT","GlobalID":"3d1eaa8f-71ab-4d4d-9aa3-0365949f14b7"}},{"type":"Feature","id":577329,"geometry":{"type":"Point","coordinates":[1488202,5246866]},"properties":{"OBJECTID":577329,"name":"Mingha Bivvy","place":"Arthur's Pass National Park","region":"Canterbury","bookable":"No","facilities":"Heating, Mattresses, Toilets - non-flush, Water from stream, Water supply","hasAlerts":"Refer to DOC website for current alerts","introductionThumbnail":"https://www.doc.govt.nz/thumbs/large/link/317aa12d4d2244a4bbe5736bd3d2670f.aspx","staticLink":"https://www.doc.govt.nz/link/d9bca4c384cd4dde80dd34c0a44f7246.aspx","locationString":"Arthur's Pass National Park","x":1488202,"y":5246866,"assetId":100061497,"dateLoadedToGIS":"Tue, 05 Aug 2025 08:38:31 GMT","GlobalID":"45dfc2fe-b9f9-4834-b3cb-46f8db3f08cb"}},{"type":"Feature","id":577330,"geometry":{"type":"Point","coordinates":[1133165,4863215]},"properties":{"OBJECTID":577330,"name":"Westies Hut","place":"Fiordland National Park","region":"Fiordland","bookable":"No","facilities":"Heating, Mattresses, Toilets - non-flush, Water from tap - not treated, boil before use, Water supply","hasAlerts":"Refer to DOC website for current alerts","introductionThumbnail":"https://www.doc.govt.nz/thumbs/large/link/8769ff5cd1ff4c1db6f96b795facb328.aspx","staticLink":"https://www.doc.govt.nz/link/d8bd26d19ae9419b89eca8bc178e0033.aspx","locationString":"Fiordland National Park","x":1133165,"y":4863215,"assetId":100038202,"dateLoadedToGIS":"Tue, 05 Aug 2025 08:38:31 GMT","GlobalID":"cfcf7b24-31c9-4a34-a203-49e131bebc36"}},{"type":"Feature","id":577331,"geometry":{"type":"Point","coordinates":[1881460,5603865]},"properties":{"OBJECTID":577331,"name":"Sentry Box Hut (Historic)","place":"Ruahine Forest Park","region":"Hawke’s Bay","bookable":"No","facilities":"Heating, Toilets - non-flush, Water from stream, Water supply","hasAlerts":"Refer to DOC website for current alerts","introductionThumbnail":"https://www.doc.govt.nz/thumbs/large/link/18b775ec8205429d988f0c5bd7f4f862.aspx","staticLink":"https://www.doc.govt.nz/link/6dee1c5cb0e84bac896519bf99efc460.aspx","locationString":"Ruahine Forest Park","x":1881460,"y":5603865,"assetId":100071787,"dateLoadedToGIS":"Tue, 05 Aug 2025 08:38:31 GMT","GlobalID":"d472b6bb-a0d6-4c7f-98d5-f395242a3384"}},{"type":"Feature","id":577332,"geometry":{"type":"Point","coordinates":[1565291,5304007]},"properties":{"OBJECTID":577332,"name":"Jervois Hut","place":"St James Conservation Area","region":"Canterbury","bookable":"No","facilities":"Heating, Water from stream, Water supply","hasAlerts":"Refer to DOC website for current alerts","introductionThumbnail":"https://www.doc.govt.nz/thumbs/large/link/f8faebd21e3d4870ba7c591c845a2f61.aspx","staticLink":"https://www.doc.govt.nz/link/f1f7873e9f5445dbb3881429e50694f0.aspx","locationString":"St James Conservation Area","x":1565291,"y":5304007,"assetId":100075584,"dateLoadedToGIS":"Tue, 05 Aug 2025 08:38:32 GMT","GlobalID":"070ee18a-4a57-4459-ba2e-331464879af5"}},{"type":"Feature","id":577333,"geometry":{"type":"Point","coordinates":[1567165,5446715]},"properties":{"OBJECTID":577333,"name":"Trilobite Hut","place":"Cobb Valley","region":"Nelson/Tasman","bookable":"No","facilities":"Heating, Mattresses, Toilets - non-flush, Water from tap - not treated, boil before use, Water supply","hasAlerts":"Refer to DOC website for current alerts","introductionThumbnail":"https://www.doc.govt.nz/thumbs/large/link/e9bfb2839f9c4f7dbcd421b403d76871.jpg","staticLink":"https://www.doc.govt.nz/link/48128f3d34e94aca96872a5dca8b0d21.aspx","locationString":"Cobb Valley","x":1567165,"y":5446715,"assetId":100061116,"dateLoadedToGIS":"Tue, 05 Aug 2025 08:38:32 GMT","GlobalID":"d453025b-49fe-48fe-99a1-a5c940d71013"}},{"type":"Feature","id":577334,"geometry":{"type":"Point","coordinates":[1547013.2513,5395828.1657]},"properties":{"OBJECTID":577334,"name":"Mcconchies Hut","place":"Kahurangi National Park","region":"Nelson/Tasman","bookable":"No","facilities":"Heating, Mattresses, Toilets - non-flush, Water from tap - not treated, boil before use, Water supply","hasAlerts":"Refer to DOC website for current alerts","introductionThumbnail":"https://www.doc.govt.nz/thumbs/large/link/8c118409ca274791ab24360fa3b0375c.jpg","staticLink":"https://www.doc.govt.nz/link/4a005d39a23043e181e364257a8e7b98.aspx","locationString":"Kahurangi National Park","x":1547013,"y":5395828,"assetId":100059906,"dateLoadedToGIS":"Tue, 05 Aug 2025 08:38:32 GMT","GlobalID":"1f5a36b8-ec2c-433b-9b31-fdd889ae3c6b"}},{"type":"Feature","id":577335,"geometry":{"type":"Point","coordinates":[1563538,5318690]},"properties":{"OBJECTID":577335,"name":"Christopher (Ada) Cullers Hut","place":"St James Conservation Area","region":"Canterbury","bookable":"No","facilities":"Toilets - non-flush, Water from stream, Water supply","hasAlerts":"Refer to DOC website for current alerts","introductionThumbnail":"https://www.doc.govt.nz/thumbs/large/link/51a7045d228f4d79b8a313e7d79d7d91.jpg","staticLink":"https://www.doc.govt.nz/link/f61e5cf3abc642b89851966f6f375c89.aspx","locationString":"St James Conservation Area","x":1563538,"y":5318690,"assetId":100063065,"dateLoadedToGIS":"Tue, 05 Aug 2025 08:38:32 GMT","GlobalID":"7462b9a1-17d8-4db7-8aff-648c1baa2a47"}},{"type":"Feature","id":577336,"geometry":{"type":"Point","coordinates":[1880375,5652176]},"properties":{"OBJECTID":577336,"name":"Ngaawapurua Hut","place":"Kaweka Forest Park","region":"Hawke’s Bay","bookable":"No","facilities":"Heating, Mattresses, Toilets - non-flush, Water from stream, Water supply","hasAlerts":"Refer to DOC website for current alerts","introductionThumbnail":"https://www.doc.govt.nz/thumbs/large/link/b44bc2c357a14d528fe19e00a05969cd.jpg","staticLink":"https://www.doc.govt.nz/link/f471f01f2f7e4e2c87f2f40bfe111066.aspx","locationString":"Kaweka Forest Park","x":1880375,"y":5652176,"assetId":100033709,"dateLoadedToGIS":"Tue, 05 Aug 2025 08:38:32 GMT","GlobalID":"914b796d-6310-4db6-93ff-fe26dc445af3"}},{"type":"Feature","id":577337,"geometry":{"type":"Point","coordinates":[1201281,4788265]},"properties":{"OBJECTID":577337,"name":"Martins Creek Hunters Hut","place":"Rakiura National Park","region":"Southland","bookable":"Yes","facilities":"Heating, Mattresses, Toilets - non-flush, Water from tap - not treated, boil before use, Water supply","hasAlerts":"Refer to DOC website for current alerts","introductionThumbnail":"https://www.doc.govt.nz/thumbs/large/link/fdb074b79fb4423db66caeb62e4f9d46.jpg","staticLink":"https://www.doc.govt.nz/link/7547310e4eea4a4687054d93b428dcbb.aspx","locationString":"Rakiura National Park","x":1201281,"y":4788265,"assetId":100081528,"dateLoadedToGIS":"Tue, 05 Aug 2025 08:38:32 GMT","GlobalID":"255ee41c-0d2e-46fb-b979-1e4909cfe55a"}},{"type":"Feature","id":577338,"geometry":{"type":"Point","coordinates":[1831398,5896862]},"properties":{"OBJECTID":577338,"name":"Crosbies Hut","place":"Coromandel Forest Park","region":"Coromandel","bookable":"Yes","facilities":"Heating, Mattresses, Toilets - non-flush, Water from tap - not treated, boil before use, Water supply","hasAlerts":"Refer to DOC website for current alerts","introductionThumbnail":"https://www.doc.govt.nz/thumbs/large/link/2c69bc13cd8546389d03ecd9fba7e5a3.jpg","staticLink":"https://www.doc.govt.nz/link/1e30356c4bb446feb46ff2f548ca0543.aspx","locationString":"Coromandel Forest Park","x":1831398,"y":5896862,"assetId":100083011,"dateLoadedToGIS":"Tue, 05 Aug 2025 08:38:33 GMT","GlobalID":"596372f3-6095-49e3-bb99-9bb11899dfbb"}},{"type":"Feature","id":577339,"geometry":{"type":"Point","coordinates":[1889569,5647158]},"properties":{"OBJECTID":577339,"name":"Back Ridge Hut","place":"Kaweka Forest Park","region":"Hawke’s Bay","bookable":"No","facilities":"Heating, Mattresses, Toilets - non-flush, Water from stream, Water supply","hasAlerts":"Refer to DOC website for current alerts","introductionThumbnail":"https://www.doc.govt.nz/thumbs/large/link/13ffe28de5254ed889fcb3bc63270e07.aspx","staticLink":"https://www.doc.govt.nz/link/d9cb0f3b85dc4ed4830ed2f36cf05461.aspx","locationString":"Kaweka Forest Park","x":1889569,"y":5647158,"assetId":100033715,"dateLoadedToGIS":"Tue, 05 Aug 2025 08:38:33 GMT","GlobalID":"5e011028-8588-47b5-97f3-190bf01e7385"}},{"type":"Feature","id":577340,"geometry":{"type":"Point","coordinates":[1466730,5251773]},"properties":{"OBJECTID":577340,"name":"Mudflats Hut","place":"Kelly Range – Styx River area","region":"West Coast","bookable":"No","facilities":"Heating, Mattresses, Toilets - non-flush, Water from tap - not treated, boil before use, Water supply","hasAlerts":"Refer to DOC website for current alerts","introductionThumbnail":"https://www.doc.govt.nz/images/no-photo/no-photo-220x140.jpg","staticLink":"https://www.doc.govt.nz/link/4c9c1160365143bebf7b8a51ea4bb333.aspx","locationString":"Kelly Range – Styx River area","x":1466730,"y":5251773,"assetId":100062051,"dateLoadedToGIS":"Tue, 05 Aug 2025 08:38:33 GMT","GlobalID":"42c28a8c-de21-4d65-9a4c-afbd4e603941"}},{"type":"Feature","id":577341,"geometry":{"type":"Point","coordinates":[1209930,4976319]},"properties":{"OBJECTID":577341,"name":"Army Hut","place":"Snowdon Forest Conservation Area","region":"Southland","bookable":"No","facilities":"Heating, Mattresses, Toilets - non-flush, Water from stream, Water supply","hasAlerts":"Refer to DOC website for current alerts","introductionThumbnail":"https://www.doc.govt.nz/thumbs/large/link/0d74d6476f7947f7a1e98a7ee4ad4a93.aspx","staticLink":"https://www.doc.govt.nz/link/30eafcdaecb5459eb3525089de93fdb1.aspx","locationString":"Snowdon Forest Conservation Area","x":1209930,"y":4976319,"assetId":100054491,"dateLoadedToGIS":"Tue, 05 Aug 2025 08:38:33 GMT","GlobalID":"eb6cd94e-3328-4526-97e4-e58599aea64d"}},{"type":"Feature","id":577342,"geometry":{"type":"Point","coordinates":[1606204,5363520]},"properties":{"OBJECTID":577342,"name":"Siberia Hut","place":"Leatham Conservation Area","region":"Marlborough","bookable":"No","facilities":"Heating, Mattresses, Toilets - non-flush, Water from stream, Water supply","hasAlerts":"Refer to DOC website for current alerts","introductionThumbnail":"https://www.doc.govt.nz/thumbs/large/link/50663ab1ea0e4987999905e7a3ad8027.jpg","staticLink":"https://www.doc.govt.nz/link/c9fc00aeab4c4c3bbacfa638b62e6049.aspx","locationString":"Leatham Conservation Area","x":1606204,"y":5363520,"assetId":100059971,"dateLoadedToGIS":"Tue, 05 Aug 2025 08:38:33 GMT","GlobalID":"40751678-3322-43de-8c6d-f0aa1ef982cf"}},{"type":"Feature","id":577343,"geometry":{"type":"Point","coordinates":[1389517.9659,5196439.2142]},"properties":{"OBJECTID":577343,"name":"Stan's Hut","place":"Whataroa area","region":"West Coast","bookable":"No","facilities":"Mattresses, Toilets - non-flush, Water from stream, Water supply","hasAlerts":"Refer to DOC website for current alerts","introductionThumbnail":"https://www.doc.govt.nz/thumbs/large/link/6d3972679f0f4c6ebfb8649dabe635db.jpg","staticLink":"https://www.doc.govt.nz/link/6e2ed2754630494f8dcc120fc6aa2cae.aspx","locationString":"Whataroa area","x":1389518,"y":5196439,"assetId":100041205,"dateLoadedToGIS":"Tue, 05 Aug 2025 08:38:34 GMT","GlobalID":"961d7fb6-34a4-4105-aeef-256d0d8740ff"}},{"type":"Feature","id":577344,"geometry":{"type":"Point","coordinates":[1410874,5148336]},"properties":{"OBJECTID":577344,"name":"Camp Stream Hut","place":"Te Kahui Kaupeka Conservation Park","region":"Canterbury","bookable":"No","facilities":"Heating, Mattresses, Toilets - non-flush, Water from stream, Water supply","hasAlerts":"Refer to DOC website for current alerts","introductionThumbnail":"https://www.doc.govt.nz/thumbs/large/link/c293f95c07d74fb4b3196ce660bb2d99.jpg","staticLink":"https://www.doc.govt.nz/link/e5d000389c314df7818d0e01d71c96ef.aspx","locationString":"Te Kahui Kaupeka Conservation Park","x":1410874,"y":5148336,"assetId":100060645,"dateLoadedToGIS":"Tue, 05 Aug 2025 08:38:34 GMT","GlobalID":"961ca86e-d979-4701-a6f1-f4ca75e4a687"}},{"type":"Feature","id":577345,"geometry":{"type":"Point","coordinates":[1331277,5105375]},"properties":{"OBJECTID":577345,"name":"Hagens Hut","place":"Ahuriri Conservation Park","region":"Canterbury","bookable":"No","facilities":"Heating, Mattresses, Toilets - non-flush, Water from stream, Water supply","hasAlerts":"Refer to DOC website for current alerts","introductionThumbnail":"https://www.doc.govt.nz/thumbs/large/link/a96ad6c1063c4072b55bbb9a1b432ba7.aspx","staticLink":"https://www.doc.govt.nz/link/f5a2a2dec38a413797c12870429d3e8b.aspx","locationString":"Ahuriri Conservation Park","x":1331277,"y":5105375,"assetId":100060564,"dateLoadedToGIS":"Tue, 05 Aug 2025 08:38:34 GMT","GlobalID":"0718132e-c8cf-4b66-96e5-723498fb5d34"}},{"type":"Feature","id":577346,"geometry":{"type":"Point","coordinates":[1412422,5193502]},"properties":{"OBJECTID":577346,"name":"Veil Biv","place":"Rangitata and Rakaia Rivers area","region":"Canterbury","bookable":"No","facilities":"Toilets - non-flush, Water from tap - not treated, boil before use, Water supply","hasAlerts":"Refer to DOC website for current alerts","introductionThumbnail":"https://www.doc.govt.nz/thumbs/large/link/8ba66600f8f4490390a54463974eae97.aspx","staticLink":"https://www.doc.govt.nz/link/b34341070e64444e89c0ae3ccf1e8a97.aspx","locationString":"Rangitata and Rakaia Rivers area","x":1412422,"y":5193502,"assetId":100122736,"dateLoadedToGIS":"Tue, 05 Aug 2025 08:38:34 GMT","GlobalID":"553f6661-973b-4f6f-aa65-64ec20e66ce6"}},{"type":"Feature","id":577347,"geometry":{"type":"Point","coordinates":[1504414,5271869]},"properties":{"OBJECTID":577347,"name":"Top Trent Hut/lagoon Hut","place":"Ahaura River and Lake Brunner catchments area","region":"West Coast","bookable":"No","facilities":"Mattresses, Toilets - non-flush, Water from stream, Water supply","hasAlerts":"Refer to DOC website for current alerts","introductionThumbnail":"https://www.doc.govt.nz/thumbs/large/link/05480bb1689c41b593b418709fcaabd4.aspx","staticLink":"https://www.doc.govt.nz/link/94a542a555ad47498102c610c996bbe7.aspx","locationString":"Ahaura River and Lake Brunner catchments area","x":1504414,"y":5271869,"assetId":100059346,"dateLoadedToGIS":"Tue, 05 Aug 2025 08:38:34 GMT","GlobalID":"b7ff2906-ca34-41cc-bbed-3133553a40d7"}},{"type":"Feature","id":577348,"geometry":{"type":"Point","coordinates":[1325318,5091234]},"properties":{"OBJECTID":577348,"name":"Top Dingle Hut","place":"Hāwea Conservation Park","region":"Otago","bookable":"No","facilities":"Heating, Mattresses, Toilets - non-flush, Water from stream, Water supply","hasAlerts":"Refer to DOC website for current alerts","introductionThumbnail":"https://www.doc.govt.nz/thumbs/large/link/24693324204344d7a215aa945667356d.jpg","staticLink":"https://www.doc.govt.nz/link/a2106092fa5c41d88f701ca77fce0f38.aspx","locationString":"Hāwea Conservation Park","x":1325318,"y":5091234,"assetId":100059474,"dateLoadedToGIS":"Tue, 05 Aug 2025 08:38:35 GMT","GlobalID":"2bd431b3-074b-4f08-85bf-433c76754786"}},{"type":"Feature","id":577349,"geometry":{"type":"Point","coordinates":[1455931,5242075]},"properties":{"OBJECTID":577349,"name":"Crawford Junction Hut","place":"Kokatahi River - Whitcombe River area","region":"West Coast","bookable":"No","facilities":"Heating, Mattresses, Toilets - non-flush, Water from tap - not treated, boil before use, Water supply","hasAlerts":"Refer to DOC website for current alerts","introductionThumbnail":"https://www.doc.govt.nz/thumbs/large/link/2160917c07c9448095b105f89f480df2.aspx","staticLink":"https://www.doc.govt.nz/link/05bde6b04c5e4dda890fea758cfcb231.aspx","locationString":"Kokatahi River - Whitcombe River area","x":1455931,"y":5242075,"assetId":100033868,"dateLoadedToGIS":"Tue, 05 Aug 2025 08:38:35 GMT","GlobalID":"863e0a92-19b4-4d8e-9b68-9b6fa8a20531"}},{"type":"Feature","id":577350,"geometry":{"type":"Point","coordinates":[1896486,5644096]},"properties":{"OBJECTID":577350,"name":"Black Birch Bivouac","place":"Kaweka Forest Park","region":"Hawke’s Bay","bookable":"No","facilities":"Mattresses","hasAlerts":"Refer to DOC website for current alerts","introductionThumbnail":"https://www.doc.govt.nz/thumbs/large/link/5e8492f00424422c80604898a962e69a.jpg","staticLink":"https://www.doc.govt.nz/link/e85dd142627344cba9616eebce664c6e.aspx","locationString":"Kaweka Forest Park","x":1896486,"y":5644096,"assetId":100055180,"dateLoadedToGIS":"Tue, 05 Aug 2025 08:38:35 GMT","GlobalID":"c442b41b-8db3-4415-adbf-052c94a2bfe1"}},{"type":"Feature","id":577351,"geometry":{"type":"Point","coordinates":[1578379,5456164]},"properties":{"OBJECTID":577351,"name":"Riordans Hut","place":"Kahurangi National Park","region":"Nelson/Tasman","bookable":"No","facilities":"Heating, Mattresses, Toilets - non-flush, Water from stream, Water supply","hasAlerts":"Refer to DOC website for current alerts","introductionThumbnail":"https://www.doc.govt.nz/thumbs/large/link/0a6b947e857e4060957c1f5ddabb2865.jpg","staticLink":"https://www.doc.govt.nz/link/3e66c7a2bf36423da660ff40586c5be3.aspx","locationString":"Kahurangi National Park","x":1578379,"y":5456164,"assetId":100061113,"dateLoadedToGIS":"Tue, 05 Aug 2025 08:38:35 GMT","GlobalID":"8d848611-26f1-4de0-b299-7ff0efe026a9"}},{"type":"Feature","id":577352,"geometry":{"type":"Point","coordinates":[1936761,5705923]},"properties":{"OBJECTID":577352,"name":"Te Totara Hut","place":"Te Urewera","region":"East Coast","bookable":"No","facilities":"Heating, Mattresses, Toilets - non-flush, Water from tap - not treated, boil before use, Water supply","hasAlerts":"Refer to DOC website for current alerts","introductionThumbnail":"https://www.doc.govt.nz/thumbs/large/link/257728cec5a74083a2a26860d2a388e5.aspx","staticLink":"https://www.doc.govt.nz/link/392b62aa3e824af8bee3759d27bc6565.aspx","locationString":"Te Urewera","x":1936761,"y":5705923,"assetId":100033506,"dateLoadedToGIS":"Tue, 05 Aug 2025 08:38:35 GMT","GlobalID":"307b3a97-1ddd-414f-97f7-cd66fc9e407d"}},{"type":"Feature","id":577353,"geometry":{"type":"Point","coordinates":[1689537.033,5656612.84]},"properties":{"OBJECTID":577353,"name":"Pouākai Hut","place":"Te Papa-Kura-o-Taranaki","region":"Taranaki","bookable":"Yes","facilities":"Heating, Mattresses, Toilets - non-flush, Water from tap - not treated, boil before use, Water supply","hasAlerts":"Refer to DOC website for current alerts","introductionThumbnail":"https://www.doc.govt.nz/thumbs/large/link/05db8a564d7248948fe72a4e2a6096ca.aspx","staticLink":"https://www.doc.govt.nz/link/ee481cec97854a39b0188ad7587a4f06.aspx","locationString":"Te Papa-Kura-o-Taranaki","x":1689537,"y":5656613,"assetId":100061641,"dateLoadedToGIS":"Tue, 05 Aug 2025 08:38:35 GMT","GlobalID":"d84ff862-8e8e-4122-8e04-5173f021fc30"}},{"type":"Feature","id":577354,"geometry":{"type":"Point","coordinates":[1469367,5239163]},"properties":{"OBJECTID":577354,"name":"Barker Hut","place":"Arthur's Pass National Park","region":"Canterbury","bookable":"No","facilities":"Toilets - non-flush, Water from tap - not treated, boil before use, Water supply","hasAlerts":"Refer to DOC website for current alerts","introductionThumbnail":"https://www.doc.govt.nz/thumbs/large/link/64eb2aab8b3640ab92d22601fb118af7.aspx","staticLink":"https://www.doc.govt.nz/link/2adb5e4157ca4d699f20e20340f5f965.aspx","locationString":"Arthur's Pass National Park","x":1469367,"y":5239163,"assetId":100064754,"dateLoadedToGIS":"Tue, 05 Aug 2025 08:38:36 GMT","GlobalID":"865d6fcb-5c67-47ab-9c70-4bace8360eae"}},{"type":"Feature","id":577355,"geometry":{"type":"Point","coordinates":[1553678,5265191]},"properties":{"OBJECTID":577355,"name":"Glenrae Hut","place":"Lake Sumner Forest Park","region":"Canterbury","bookable":"No","facilities":"Mattresses, Toilets - non-flush, Water from stream, Water supply","hasAlerts":"Refer to DOC website for current alerts","introductionThumbnail":"https://www.doc.govt.nz/thumbs/large/link/02f134b498ce4e95ad14aec4b1a74ef6.aspx","staticLink":"https://www.doc.govt.nz/link/390e3f67dd4f491c806eda762318b00b.aspx","locationString":"Lake Sumner Forest Park","x":1553678,"y":5265191,"assetId":100060797,"dateLoadedToGIS":"Tue, 05 Aug 2025 08:38:36 GMT","GlobalID":"e576f7be-fab4-4bc7-966b-43ed264dbff2"}},{"type":"Feature","id":577356,"geometry":{"type":"Point","coordinates":[1186439,5024924]},"properties":{"OBJECTID":577356,"name":"Mintaro Hut","place":"Fiordland National Park","region":"Fiordland","bookable":"Yes","facilities":"Cooking, Heating, Mattresses, Lighting, Toilets - flush, Water from tap - not treated, boil before use, Water supply","hasAlerts":"Refer to DOC website for current alerts","introductionThumbnail":"https://www.doc.govt.nz/thumbs/large/link/b2fd2cf2c58a42ad978a37c17aeec5e5.aspx","staticLink":"https://www.doc.govt.nz/link/d9e9faa1d48c48da8450019920aa542b.aspx","locationString":"Fiordland National Park","x":1186439,"y":5024924,"assetId":100133953,"dateLoadedToGIS":"Tue, 05 Aug 2025 08:38:36 GMT","GlobalID":"4b67865e-b94e-42fe-b9e3-9fa4bf2cc768"}},{"type":"Feature","id":577357,"geometry":{"type":"Point","coordinates":[1371245,4964476]},"properties":{"OBJECTID":577357,"name":"Big Hut","place":"Rock and Pillar Conservation Area","region":"Otago","bookable":"Yes","facilities":"Cooking, Mattresses, Lighting, Toilets - non-flush, Water from stream, Water from tap - not treated, boil before use, Water supply","hasAlerts":"Refer to DOC website for current alerts","introductionThumbnail":"https://www.doc.govt.nz/thumbs/large/link/4a1b895ea04740039f6cd7cd18275430.jpg","staticLink":"https://www.doc.govt.nz/link/8253ead8009e4a09917efbaa40e7bb62.aspx","locationString":"Rock and Pillar Conservation Area","x":1371245,"y":4964476,"assetId":100030935,"dateLoadedToGIS":"Tue, 05 Aug 2025 08:38:36 GMT","GlobalID":"25de661a-107d-4a46-acee-c69a141fbece"}},{"type":"Feature","id":577358,"geometry":{"type":"Point","coordinates":[1440660,5231821]},"properties":{"OBJECTID":577358,"name":"Frew Hut","place":"Kokatahi River - Whitcombe River area","region":"West Coast","bookable":"No","facilities":"Heating, Mattresses, Toilets - non-flush, Water from tap - not treated, boil before use, Water supply","hasAlerts":"Refer to DOC website for current alerts","introductionThumbnail":"https://www.doc.govt.nz/thumbs/large/link/5f8c2c314f624871837fd8a2aeed30fe.aspx","staticLink":"https://www.doc.govt.nz/link/04db9633d9344cfea60e43aba460eea0.aspx","locationString":"Kokatahi River - Whitcombe River area","x":1440660,"y":5231821,"assetId":100030360,"dateLoadedToGIS":"Tue, 05 Aug 2025 08:38:37 GMT","GlobalID":"d3da2bfa-3b8e-489c-981f-41026e7a2fb2"}},{"type":"Feature","id":577359,"geometry":{"type":"Point","coordinates":[1619631,5396769]},"properties":{"OBJECTID":577359,"name":"Mid Goulter Hut","place":"Mount Richmond Forest Park","region":"Marlborough","bookable":"No","facilities":"Heating, Mattresses, Toilets - non-flush, Water from stream, Water supply","hasAlerts":"Refer to DOC website for current alerts","introductionThumbnail":"https://www.doc.govt.nz/thumbs/large/link/eb34b9963cff4b6fa8cfedf233232c3e.aspx","staticLink":"https://www.doc.govt.nz/link/d3126c367aae4d3e98b02baa1f1e9aeb.aspx","locationString":"Mount Richmond Forest Park","x":1619631,"y":5396769,"assetId":100059970,"dateLoadedToGIS":"Tue, 05 Aug 2025 08:38:37 GMT","GlobalID":"7904b968-9602-40fe-bf35-1e487d047e1d"}},{"type":"Feature","id":577360,"geometry":{"type":"Point","coordinates":[1206434,5069458]},"properties":{"OBJECTID":577360,"name":"Hokuri Hut","place":"Fiordland National Park","region":"Fiordland","bookable":"No","facilities":"Heating, Mattresses, Toilets - non-flush, Water from tap - not treated, boil before use, Water supply","hasAlerts":"Refer to DOC website for current alerts","introductionThumbnail":"https://www.doc.govt.nz/thumbs/large/link/1241fd99640c47afbb2e9bfb5e5425d7.aspx","staticLink":"https://www.doc.govt.nz/link/d1641367726442a18d4aa9337637920b.aspx","locationString":"Fiordland National Park","x":1206434,"y":5069458,"assetId":100038504,"dateLoadedToGIS":"Tue, 05 Aug 2025 08:38:37 GMT","GlobalID":"a40f4ed6-39e7-4628-b37f-687c758e3532"}},{"type":"Feature","id":577361,"geometry":{"type":"Point","coordinates":[1893932,5645844]},"properties":{"OBJECTID":577361,"name":"Makahu Saddle Hut","place":"Kaweka Forest Park","region":"Hawke’s Bay","bookable":"No","facilities":"Heating, Mattresses, Toilets - non-flush, Water from stream, Water supply","hasAlerts":"Refer to DOC website for current alerts","introductionThumbnail":"https://www.doc.govt.nz/thumbs/large/link/8714e2f424d34cde8df9d2101179a520.aspx","staticLink":"https://www.doc.govt.nz/link/390c4a70ddc84d418427fe606f3f44cc.aspx","locationString":"Kaweka Forest Park","x":1893932,"y":5645844,"assetId":100073073,"dateLoadedToGIS":"Tue, 05 Aug 2025 08:38:37 GMT","GlobalID":"cd937cc1-e104-463b-a93b-2b362976dc2a"}},{"type":"Feature","id":577362,"geometry":{"type":"Point","coordinates":[1330190,5099595]},"properties":{"OBJECTID":577362,"name":"Shamrock Hut","place":"Ahuriri Conservation Park","region":"Canterbury","bookable":"No","facilities":"Heating, Mattresses, Toilets - non-flush, Water from stream, Water supply","hasAlerts":"Refer to DOC website for current alerts","introductionThumbnail":"https://www.doc.govt.nz/thumbs/large/link/8ec26a6edd9a44e695c07b4dce600383.aspx","staticLink":"https://www.doc.govt.nz/link/bbd85dc22ddf4710a85787edfa619817.aspx","locationString":"Ahuriri Conservation Park","x":1330190,"y":5099595,"assetId":100060563,"dateLoadedToGIS":"Tue, 05 Aug 2025 08:38:38 GMT","GlobalID":"981a7d0e-0370-485e-a146-451a17668391"}},{"type":"Feature","id":577363,"geometry":{"type":"Point","coordinates":[1817626,5643362]},"properties":{"OBJECTID":577363,"name":"Blyth Hut","place":"Tongariro National Park","region":"Central North Island","bookable":"No","facilities":"Heating, Mattresses, Toilets - non-flush, Water from tap - not treated, boil before use, Water supply","hasAlerts":"Refer to DOC website for current alerts","introductionThumbnail":"https://www.doc.govt.nz/thumbs/large/link/d3de447e6ddf499394ccdf3adb88b0a7.aspx","staticLink":"https://www.doc.govt.nz/link/0ca39d7f38e045778d4cbd32856e5e8e.aspx","locationString":"Tongariro National Park","x":1817626,"y":5643362,"assetId":100072710,"dateLoadedToGIS":"Tue, 05 Aug 2025 08:38:38 GMT","GlobalID":"fb50036f-24d4-48d6-b208-e97486142fe5"}},{"type":"Feature","id":577364,"geometry":{"type":"Point","coordinates":[1988053,5754720]},"properties":{"OBJECTID":577364,"name":"Manganuku Hut","place":"Ōpōtiki area","region":"East Coast","bookable":"No","facilities":"Heating, Mattresses, Water from stream, Water supply","hasAlerts":"Refer to DOC website for current alerts","introductionThumbnail":"https://www.doc.govt.nz/images/no-photo/no-photo-220x140.jpg","staticLink":"https://www.doc.govt.nz/link/5e3b180ab71e45649545eb6900bdcf0b.aspx","locationString":"Ōpōtiki area","x":1988053,"y":5754720,"assetId":100031265,"dateLoadedToGIS":"Tue, 05 Aug 2025 08:38:38 GMT","GlobalID":"475b98d1-f060-43a0-bee7-5ef275b2ce1f"}},{"type":"Feature","id":577365,"geometry":{"type":"Point","coordinates":[1791222,5465098]},"properties":{"OBJECTID":577365,"name":"Kime Hut","place":"Ōtaki Forks area","region":"Wairarapa","bookable":"No","facilities":"Mattresses, Toilets - non-flush, Water from tap - not treated, boil before use, Water supply","hasAlerts":"Refer to DOC website for current alerts","introductionThumbnail":"https://www.doc.govt.nz/thumbs/large/link/be576a92361d4f9780223da61b1c1e88.jpg","staticLink":"https://www.doc.govt.nz/link/288179e330904c9cb61d276910e0189d.aspx","locationString":"Ōtaki Forks area","x":1791222,"y":5465098,"assetId":100094539,"dateLoadedToGIS":"Tue, 05 Aug 2025 08:38:38 GMT","GlobalID":"720aeeba-e57d-4a64-aacf-b3b746e03c53"}},{"type":"Feature","id":577366,"geometry":{"type":"Point","coordinates":[1648894,5314079]},"properties":{"OBJECTID":577366,"name":"Mt Fyffe Hut","place":"Ka Whata Tu o Rakihouia Clarence","region":"Marlborough","bookable":"Yes","facilities":"Heating, Mattresses, Toilets - non-flush, Water from tap - not treated, boil before use, Water supply","hasAlerts":"Refer to DOC website for current alerts","introductionThumbnail":"https://www.doc.govt.nz/thumbs/large/link/402cda1bfaab4ebb893e83a6cbc22721.jpg","staticLink":"https://www.doc.govt.nz/link/7d3d12895671452ab2e0adb4d5b363a6.aspx","locationString":"Ka Whata Tu o Rakihouia Clarence","x":1648894,"y":5314079,"assetId":100063735,"dateLoadedToGIS":"Tue, 05 Aug 2025 08:38:38 GMT","GlobalID":"f29b7050-f807-4bdc-b1e6-b74ecfba8477"}},{"type":"Feature","id":577367,"geometry":{"type":"Point","coordinates":[1497159,5265416]},"properties":{"OBJECTID":577367,"name":"Kiwi Hut – West Coast","place":"Arthur's Pass National Park","region":"West Coast","bookable":"No","facilities":"Heating, Mattresses, Toilets - non-flush, Water from tap - not treated, boil before use, Water supply","hasAlerts":"Refer to DOC website for current alerts","introductionThumbnail":"https://www.doc.govt.nz/thumbs/large/link/eb86148f038c4689b2cf1d6bb642638f.aspx","staticLink":"https://www.doc.govt.nz/link/9f385509c69a4f2888cc4e44126e4614.aspx","locationString":"Arthur's Pass National Park","x":1497159,"y":5265416,"assetId":100034579,"dateLoadedToGIS":"Tue, 05 Aug 2025 08:38:39 GMT","GlobalID":"48bf55ac-2f80-436c-9fc6-a09e146e66b7"}},{"type":"Feature","id":577368,"geometry":{"type":"Point","coordinates":[1816961.2222,5991910.5244]},"properties":{"OBJECTID":577368,"name":"Mt Heale Hut","place":"Great Barrier Island/Aotea","region":"Auckland","bookable":"Yes","facilities":"Cooking, Mattresses, Toilets - non-flush, Water from tap - not treated, boil before use, Water supply","hasAlerts":"Refer to DOC website for current alerts","introductionThumbnail":"https://www.doc.govt.nz/thumbs/large/link/163a4b8423104fc39070307dd55e149d.jpg","staticLink":"https://www.doc.govt.nz/link/5dfeee0cf1e8411eace45337fe7920a9.aspx","locationString":"Great Barrier Island/Aotea","x":1816961,"y":5991911,"assetId":100086125,"dateLoadedToGIS":"Tue, 05 Aug 2025 08:38:39 GMT","GlobalID":"e1d891c8-7bf3-4cb0-a963-f006ffede069"}},{"type":"Feature","id":577369,"geometry":{"type":"Point","coordinates":[1865232,5602993]},"properties":{"OBJECTID":577369,"name":"Iron Bark Hut","place":"Ruahine Forest Park","region":"Manawatu/Whanganui","bookable":"No","facilities":"Heating, Mattresses, Toilets - non-flush, Water from stream, Water supply","hasAlerts":"Refer to DOC website for current alerts","introductionThumbnail":"https://www.doc.govt.nz/thumbs/large/link/8d417ba55d6742be9d91cf8922e28e4c.aspx","staticLink":"https://www.doc.govt.nz/link/8e302676fa9944d282720718156b7d09.aspx","locationString":"Ruahine Forest Park","x":1865232,"y":5602993,"assetId":100072001,"dateLoadedToGIS":"Tue, 05 Aug 2025 08:38:39 GMT","GlobalID":"d21890fb-81ae-49bb-9b99-32cb670b2956"}},{"type":"Feature","id":577370,"geometry":{"type":"Point","coordinates":[1246716,5060574]},"properties":{"OBJECTID":577370,"name":"Dart Hut","place":"Mount Aspiring National Park","region":"Otago","bookable":"No","facilities":"Heating, Mattresses, Toilets - flush, Water from tap - not treated, boil before use, Water supply","hasAlerts":"Refer to DOC website for current alerts","introductionThumbnail":"https://www.doc.govt.nz/thumbs/large/link/0e0ae9a85c55497bb5e4492e74721793.jpg","staticLink":"https://www.doc.govt.nz/link/47120c138c47446a923dc5a76dd8b806.aspx","locationString":"Mount Aspiring National Park","x":1246716,"y":5060574,"assetId":100074858,"dateLoadedToGIS":"Tue, 05 Aug 2025 08:38:39 GMT","GlobalID":"e53f0980-d9ad-4614-a340-2da4a23e86d9"}},{"type":"Feature","id":577371,"geometry":{"type":"Point","coordinates":[1807257,5484409]},"properties":{"OBJECTID":577371,"name":"Arete Forks Hut","place":"Tararua Forest Park","region":"Wairarapa","bookable":"No","facilities":"Heating, Mattresses, Toilets - non-flush, Water from stream, Water supply","hasAlerts":"Refer to DOC website for current alerts","introductionThumbnail":"https://www.doc.govt.nz/thumbs/large/link/81bcf572322c4f00a528c3aee2926d38.jpg","staticLink":"https://www.doc.govt.nz/link/3ff00b63a3e747d4af3e201c3a2501ce.aspx","locationString":"Tararua Forest Park","x":1807257,"y":5484409,"assetId":100063387,"dateLoadedToGIS":"Tue, 05 Aug 2025 08:38:39 GMT","GlobalID":"52173612-b29a-48a9-9fb5-55302eeada5e"}},{"type":"Feature","id":577372,"geometry":{"type":"Point","coordinates":[1864595,5600580]},"properties":{"OBJECTID":577372,"name":"Otukota Hut","place":"Ruahine Forest Park","region":"Manawatu/Whanganui","bookable":"No","facilities":"Heating, Mattresses, Toilets - non-flush, Water from tap - not treated, boil before use, Water supply","hasAlerts":"Refer to DOC website for current alerts","introductionThumbnail":"https://www.doc.govt.nz/thumbs/large/link/311863e701c54a62aa97579509d9956e.aspx","staticLink":"https://www.doc.govt.nz/link/a80dd49618354afa903a8db1669e67da.aspx","locationString":"Ruahine Forest Park","x":1864595,"y":5600580,"assetId":100054932,"dateLoadedToGIS":"Tue, 05 Aug 2025 08:38:39 GMT","GlobalID":"b59ecb9a-c531-41e5-b2c3-ea37036b0d5f"}},{"type":"Feature","id":577373,"geometry":{"type":"Point","coordinates":[1653500,5413200]},"properties":{"OBJECTID":577373,"name":"Fosters Hut","place":"Mount Richmond Forest Park","region":"Marlborough","bookable":"No","facilities":"Heating, Mattresses, Toilets - non-flush, Water from tap - not treated, boil before use, Water supply","hasAlerts":"Refer to DOC website for current alerts","introductionThumbnail":"https://www.doc.govt.nz/thumbs/large/link/a84d0c65cf1c4f05b8a9904d9be00654.jpg","staticLink":"https://www.doc.govt.nz/link/ec56ccaa68f44210adafdcf89bd9aaf7.aspx","locationString":"Mount Richmond Forest Park","x":1653500,"y":5413200,"assetId":100034927,"dateLoadedToGIS":"Tue, 05 Aug 2025 08:38:40 GMT","GlobalID":"b1347e8e-7aa7-4674-aea4-bc00a063b00c"}},{"type":"Feature","id":577374,"geometry":{"type":"Point","coordinates":[1436530,5219779]},"properties":{"OBJECTID":577374,"name":"Wilkinson Hut","place":"Kokatahi River - Whitcombe River area","region":"West Coast","bookable":"No","facilities":"Heating, Mattresses, Toilets - non-flush, Water from stream, Water supply","hasAlerts":"Refer to DOC website for current alerts","introductionThumbnail":"https://www.doc.govt.nz/thumbs/large/link/f841b472d36a4d3f9ffa0a05574a5775.jpg","staticLink":"https://www.doc.govt.nz/link/1cc850da81914980bdd9ba45b9758ecd.aspx","locationString":"Kokatahi River - Whitcombe River area","x":1436530,"y":5219779,"assetId":100059506,"dateLoadedToGIS":"Tue, 05 Aug 2025 08:38:40 GMT","GlobalID":"f9ed6f89-4ebf-43e4-bcb1-0df96b1238d1"}},{"type":"Feature","id":577375,"geometry":{"type":"Point","coordinates":[1882194,5617953]},"properties":{"OBJECTID":577375,"name":"Dianes Hut","place":"Ruahine Forest Park","region":"Hawke’s Bay","bookable":"No","facilities":"Heating, Mattresses, Toilets - non-flush, Water from stream, Water supply","hasAlerts":"Refer to DOC website for current alerts","introductionThumbnail":"https://www.doc.govt.nz/thumbs/large/link/4e53c30b63d546fe84c79124823d28a2.aspx","staticLink":"https://www.doc.govt.nz/link/a6eced425cb4485f8ac2c025ae05d4b3.aspx","locationString":"Ruahine Forest Park","x":1882194,"y":5617953,"assetId":100055433,"dateLoadedToGIS":"Tue, 05 Aug 2025 08:38:40 GMT","GlobalID":"e7dfd6d9-42aa-4dc7-8297-34d767d5b15b"}},{"type":"Feature","id":577376,"geometry":{"type":"Point","coordinates":[1437831,5224979]},"properties":{"OBJECTID":577376,"name":"Price Flat Hut","place":"Kokatahi River - Whitcombe River area","region":"West Coast","bookable":"No","facilities":"Heating, Mattresses, Toilets - non-flush, Water from tap - not treated, boil before use, Water supply","hasAlerts":"Refer to DOC website for current alerts","introductionThumbnail":"https://www.doc.govt.nz/thumbs/large/link/3babd42788574d9186988c145acfae00.aspx","staticLink":"https://www.doc.govt.nz/link/60ebd85ddc7b406487ff89495f128f76.aspx","locationString":"Kokatahi River - Whitcombe River area","x":1437831,"y":5224979,"assetId":100062277,"dateLoadedToGIS":"Tue, 05 Aug 2025 08:38:40 GMT","GlobalID":"97a76b2a-f581-4aaa-babe-2cafcd454473"}},{"type":"Feature","id":577377,"geometry":{"type":"Point","coordinates":[1599707,5368819]},"properties":{"OBJECTID":577377,"name":"Bull Paddock Creek Hut","place":"Upper Wairau River area","region":"Nelson/Tasman","bookable":"No","facilities":"Mattresses, Water from stream, Water supply","hasAlerts":"Refer to DOC website for current alerts","introductionThumbnail":"https://www.doc.govt.nz/thumbs/large/link/c7926674d12346dc8f3d296bb3b1ac2c.aspx","staticLink":"https://www.doc.govt.nz/link/faa8b3c72ad8454ba6045a75b240098a.aspx","locationString":"Upper Wairau River area","x":1599707,"y":5368819,"assetId":100043687,"dateLoadedToGIS":"Tue, 05 Aug 2025 08:38:40 GMT","GlobalID":"0e80051e-bbf5-4a69-bb48-5e56874f2b68"}},{"type":"Feature","id":577378,"geometry":{"type":"Point","coordinates":[1496552,5248282]},"properties":{"OBJECTID":577378,"name":"Hawdon Hut","place":"Arthur's Pass National Park","region":"Canterbury","bookable":"No","facilities":"Heating, Mattresses, Toilets - non-flush, Water from tap - not treated, boil before use, Water supply","hasAlerts":"Refer to DOC website for current alerts","introductionThumbnail":"https://www.doc.govt.nz/thumbs/large/link/ee896dd3a0c940c28695b84745d31703.jpg","staticLink":"https://www.doc.govt.nz/link/024a190a2041400eaaef7bdf0e5a7486.aspx","locationString":"Arthur's Pass National Park","x":1496552,"y":5248282,"assetId":100038137,"dateLoadedToGIS":"Tue, 05 Aug 2025 08:38:40 GMT","GlobalID":"9d4ac3ff-9abb-4e43-a322-989bc7669a6c"}},{"type":"Feature","id":577379,"geometry":{"type":"Point","coordinates":[1428202,5227064]},"properties":{"OBJECTID":577379,"name":"Top Tuke Hut","place":"Mikonui River - Kakapotahi River area","region":"West Coast","bookable":"No","facilities":"Mattresses, Water from stream, Water supply","hasAlerts":"Refer to DOC website for current alerts","introductionThumbnail":"https://www.doc.govt.nz/thumbs/large/link/62e8a53b7a124ba9affcaef15ccf6010.jpg","staticLink":"https://www.doc.govt.nz/link/0051998c3c7847f2ac236fb462b71c1a.aspx","locationString":"Mikonui River - Kakapotahi River area","x":1428202,"y":5227064,"assetId":100072394,"dateLoadedToGIS":"Tue, 05 Aug 2025 08:38:41 GMT","GlobalID":"144b3e5f-789e-40c2-a682-9a22d4f17f87"}},{"type":"Feature","id":577380,"geometry":{"type":"Point","coordinates":[1242498,4961990]},"properties":{"OBJECTID":577380,"name":"Shepherd Creek Hut","place":"Eyre Mountains/Taka Rā Haka Conservation Park","region":"Southland","bookable":"No","facilities":"Heating, Mattresses, Toilets - non-flush, Water from tap - not treated, boil before use, Water supply","hasAlerts":"Refer to DOC website for current alerts","introductionThumbnail":"https://www.doc.govt.nz/thumbs/large/link/6c3320313d1245499ccdffbe24ea58e9.jpg","staticLink":"https://www.doc.govt.nz/link/64d2e11f38334503bfe6d45bded20d04.aspx","locationString":"Eyre Mountains/Taka Rā Haka Conservation Park","x":1242498,"y":4961990,"assetId":100058073,"dateLoadedToGIS":"Tue, 05 Aug 2025 08:38:41 GMT","GlobalID":"40911d4e-f75c-4f8c-aaac-8cdec7f419de"}},{"type":"Feature","id":577381,"geometry":{"type":"Point","coordinates":[1759545,5644145]},"properties":{"OBJECTID":577381,"name":"Pouri Hut","place":"Whanganui National Park","region":"Manawatu/Whanganui","bookable":"No","facilities":"Heating, Mattresses, Toilets - non-flush, Water from tap - not treated, boil before use, Water supply","hasAlerts":"Refer to DOC website for current alerts","introductionThumbnail":"https://www.doc.govt.nz/thumbs/large/link/fbfe1c715bf84ff2b565464280d736a9.aspx","staticLink":"https://www.doc.govt.nz/link/b33ef6724e554b5498f86eeb5a495f17.aspx","locationString":"Whanganui National Park","x":1759545,"y":5644145,"assetId":100065715,"dateLoadedToGIS":"Tue, 05 Aug 2025 08:38:41 GMT","GlobalID":"31bf14ba-f321-478a-91b5-068bb7a8f6d8"}},{"type":"Feature","id":577382,"geometry":{"type":"Point","coordinates":[1227376,5015513]},"properties":{"OBJECTID":577382,"name":"Home Hill Hut","place":"Greenstone and Caples Conservation Areas","region":"Otago","bookable":"No","facilities":"Heating, Mattresses, Toilets - non-flush, Water from stream, Water supply","hasAlerts":"Refer to DOC website for current alerts","introductionThumbnail":"https://www.doc.govt.nz/thumbs/large/link/4ec2df4a288648a7b3abb0f1d26cd972.jpg","staticLink":"https://www.doc.govt.nz/link/ccfcdba7dafe452287cb8629d4c41022.aspx","locationString":"Greenstone and Caples Conservation Areas","x":1227376,"y":5015513,"assetId":100064750,"dateLoadedToGIS":"Tue, 05 Aug 2025 08:38:41 GMT","GlobalID":"6f889345-11d5-4bc0-940b-29c51a5f580c"}},{"type":"Feature","id":577383,"geometry":{"type":"Point","coordinates":[1293682,5061622]},"properties":{"OBJECTID":577383,"name":"Wānaka Faces Hut","place":"Wānaka area","region":"Otago","bookable":"No","facilities":"Mattresses, Toilets - non-flush, Water from stream, Water supply","hasAlerts":"Refer to DOC website for current alerts","introductionThumbnail":"https://www.doc.govt.nz/thumbs/large/link/b115327ba08647a7b3dc2e5246672c18.aspx","staticLink":"https://www.doc.govt.nz/link/a84299057cad438b9605aa41860eb33c.aspx","locationString":"Wānaka area","x":1293682,"y":5061622,"assetId":100099984,"dateLoadedToGIS":"Tue, 05 Aug 2025 08:38:41 GMT","GlobalID":"7679c3c0-87a9-410c-a885-5eb7e376b231"}},{"type":"Feature","id":577384,"geometry":{"type":"Point","coordinates":[1245428,4965781]},"properties":{"OBJECTID":577384,"name":"Cowshed Hut","place":"Eyre Mountains/Taka Rā Haka Conservation Park","region":"Southland","bookable":"No","facilities":"Mattresses, Toilets - non-flush, Water from stream, Water supply","hasAlerts":"Refer to DOC website for current alerts","introductionThumbnail":"https://www.doc.govt.nz/thumbs/large/link/db7762719b9e4a1ea4119347324b3fa8.aspx","staticLink":"https://www.doc.govt.nz/link/aa41a2a1bb884251b05950d6493fb294.aspx","locationString":"Eyre Mountains/Taka Rā Haka Conservation Park","x":1245428,"y":4965781,"assetId":100030328,"dateLoadedToGIS":"Tue, 05 Aug 2025 08:38:42 GMT","GlobalID":"ee3862fa-aa14-42d6-a867-fcfe761725af"}},{"type":"Feature","id":577385,"geometry":{"type":"Point","coordinates":[1434362,5222629]},"properties":{"OBJECTID":577385,"name":"Price Basin Hut","place":"Kokatahi River - Whitcombe River area","region":"West Coast","bookable":"No","facilities":"Mattresses, Toilets - non-flush, Water from stream, Water supply","hasAlerts":"Refer to DOC website for current alerts","introductionThumbnail":"https://www.doc.govt.nz/thumbs/large/link/3ffe057cc6fb4d85b76bd3cc579c2a6d.aspx","staticLink":"https://www.doc.govt.nz/link/a4f9ea487fb6497783fa46aa1bbfea87.aspx","locationString":"Kokatahi River - Whitcombe River area","x":1434362,"y":5222629,"assetId":100072395,"dateLoadedToGIS":"Tue, 05 Aug 2025 08:38:42 GMT","GlobalID":"af8ad18e-b8fc-477d-81fc-45a4e27dbf0c"}},{"type":"Feature","id":577386,"geometry":{"type":"Point","coordinates":[1216721,4810276]},"properties":{"OBJECTID":577386,"name":"Christmas Village Hunters Hut","place":"Rakiura National Park","region":"Southland","bookable":"Yes","facilities":"Heating, Mattresses, Toilets - non-flush, Water from tap - not treated, boil before use, Water supply","hasAlerts":"Refer to DOC website for current alerts","introductionThumbnail":"https://www.doc.govt.nz/thumbs/large/link/614344076ddb458088168e1a35aad563.aspx","staticLink":"https://www.doc.govt.nz/link/e85bf64bb3c64e629b0a18e36e544ada.aspx","locationString":"Rakiura National Park","x":1216721,"y":4810276,"assetId":100122608,"dateLoadedToGIS":"Tue, 05 Aug 2025 08:38:42 GMT","GlobalID":"df0766b3-fff0-46e9-8c9b-1ced9ec46df7"}},{"type":"Feature","id":577387,"geometry":{"type":"Point","coordinates":[1434818,5206101]},"properties":{"OBJECTID":577387,"name":"Reischek Hut","place":"Rangitata and Rakaia Rivers area","region":"Canterbury","bookable":"No","facilities":"Heating, Mattresses, Toilets - non-flush, Water from tap - not treated, boil before use, Water supply","hasAlerts":"Refer to DOC website for current alerts","introductionThumbnail":"https://www.doc.govt.nz/thumbs/large/link/46a3f87a461a4823ae99607f9b4a4567.jpg","staticLink":"https://www.doc.govt.nz/link/eb484bd5f1e34a3994b9c491ea75b6ff.aspx","locationString":"Rangitata and Rakaia Rivers area","x":1434818,"y":5206101,"assetId":100062415,"dateLoadedToGIS":"Tue, 05 Aug 2025 08:38:42 GMT","GlobalID":"2907a01b-20c4-4707-8292-747e9db74007"}},{"type":"Feature","id":577388,"geometry":{"type":"Point","coordinates":[1820790,5508771]},"properties":{"OBJECTID":577388,"name":"North Mangahao Bivvy","place":"Tararua Forest Park","region":"Wellington/Kapiti","bookable":"No","facilities":"Mattresses, Toilets - non-flush, Water from stream, Water supply","hasAlerts":"Refer to DOC website for current alerts","introductionThumbnail":"https://www.doc.govt.nz/images/no-photo/no-photo-220x140.jpg","staticLink":"https://www.doc.govt.nz/link/16d9103ae6ff473e96df0d8f35f07254.aspx","locationString":"Tararua Forest Park","x":1820790,"y":5508771,"assetId":100060763,"dateLoadedToGIS":"Tue, 05 Aug 2025 08:38:42 GMT","GlobalID":"7cc66d6a-2e47-44cc-a131-729f8c566d85"}},{"type":"Feature","id":577389,"geometry":{"type":"Point","coordinates":[1563964,5450637]},"properties":{"OBJECTID":577389,"name":"Chaffey Hut","place":"Cobb Valley","region":"Nelson/Tasman","bookable":"No","facilities":"Heating, Mattresses, Toilets - non-flush, Water from stream, Water supply","hasAlerts":"Refer to DOC website for current alerts","introductionThumbnail":"https://www.doc.govt.nz/thumbs/large/link/5d73b445411c40cdb10db0521641c384.jpg","staticLink":"https://www.doc.govt.nz/link/d5bb3e32e8774703b19941f7086b270b.aspx","locationString":"Cobb Valley","x":1563964,"y":5450637,"assetId":100075864,"dateLoadedToGIS":"Tue, 05 Aug 2025 08:38:43 GMT","GlobalID":"ce4d5862-1669-41a7-b93e-89babf887d68"}},{"type":"Feature","id":577390,"geometry":{"type":"Point","coordinates":[1533245,5393672]},"properties":{"OBJECTID":577390,"name":"Goat Creek Hut","place":"Mōkihinui River area","region":"West Coast","bookable":"No","facilities":"Heating, Mattresses, Toilets - non-flush, Water from stream, Water supply","hasAlerts":"Refer to DOC website for current alerts","introductionThumbnail":"https://www.doc.govt.nz/thumbs/large/link/e6b049346d78413db9a44c79372703ac.aspx","staticLink":"https://www.doc.govt.nz/link/fdc57b25bf3d4f41b27de77ab8d41526.aspx","locationString":"Mōkihinui River area","x":1533245,"y":5393672,"assetId":100060545,"dateLoadedToGIS":"Tue, 05 Aug 2025 08:38:43 GMT","GlobalID":"c337a472-eba1-41ca-a064-75f22979b0ad"}},{"type":"Feature","id":577391,"geometry":{"type":"Point","coordinates":[1795519.6503,5457511.887]},"properties":{"OBJECTID":577391,"name":"Tutuwai Hut","place":"Tararua Forest Park","region":"Wairarapa","bookable":"No","facilities":"Heating, Mattresses, Toilets - non-flush, Water from tap - not treated, boil before use, Water supply","hasAlerts":"Refer to DOC website for current alerts","introductionThumbnail":"https://www.doc.govt.nz/thumbs/large/link/c965f66785594801887ff898e929d805.JPG","staticLink":"https://www.doc.govt.nz/link/fb69757873734bdfbf1455ba803783c2.aspx","locationString":"Tararua Forest Park","x":1795520,"y":5457512,"assetId":100063125,"dateLoadedToGIS":"Tue, 05 Aug 2025 08:38:43 GMT","GlobalID":"380aed5d-6610-4827-92d5-5e28e9a1222d"}},{"type":"Feature","id":577392,"geometry":{"type":"Point","coordinates":[1850561,5555459]},"properties":{"OBJECTID":577392,"name":"Forks Hut","place":"Ruahine Forest Park","region":"Manawatu/Whanganui","bookable":"No","facilities":"Heating, Mattresses, Toilets - non-flush, Water from stream, Water supply","hasAlerts":"Refer to DOC website for current alerts","introductionThumbnail":"https://www.doc.govt.nz/thumbs/large/link/1956ceb089f745dda3f436e4d18a86e5.aspx","staticLink":"https://www.doc.govt.nz/link/56e4cce819ee4b2aa0de2862de4ca8c6.aspx","locationString":"Ruahine Forest Park","x":1850561,"y":5555459,"assetId":100072824,"dateLoadedToGIS":"Tue, 05 Aug 2025 08:38:43 GMT","GlobalID":"f2595e65-bc1b-44b1-bfc5-a0263b0af5ba"}},{"type":"Feature","id":577393,"geometry":{"type":"Point","coordinates":[1817310,5653837]},"properties":{"OBJECTID":577393,"name":"Whakapapaiti Hut","place":"Tongariro National Park","region":"Central North Island","bookable":"No","facilities":"Heating, Mattresses, Toilets - non-flush, Water from tap - not treated, boil before use, Water supply","hasAlerts":"Refer to DOC website for current alerts","introductionThumbnail":"https://www.doc.govt.nz/thumbs/large/link/1753837d4fea44e8813276b0c414e466.jpg","staticLink":"https://www.doc.govt.nz/link/547fba0f237d4b04b58d64c05a1cc4ca.aspx","locationString":"Tongariro National Park","x":1817310,"y":5653837,"assetId":100056292,"dateLoadedToGIS":"Tue, 05 Aug 2025 08:38:43 GMT","GlobalID":"98d7f188-abc0-4e4c-bafe-cbb8ada7b738"}},{"type":"Feature","id":577394,"geometry":{"type":"Point","coordinates":[1427278,5222406]},"properties":{"OBJECTID":577394,"name":"Top Waitaha Hut","place":"Waitaha River area","region":"West Coast","bookable":"No","facilities":"Mattresses, Toilets - non-flush, Water from stream, Water supply","hasAlerts":"Refer to DOC website for current alerts","introductionThumbnail":"https://www.doc.govt.nz/thumbs/large/link/c399e2299ac6498aa69120c25643741d.aspx","staticLink":"https://www.doc.govt.nz/link/d52268bb5bc3493eb805a3df66a69181.aspx","locationString":"Waitaha River area","x":1427278,"y":5222406,"assetId":100054672,"dateLoadedToGIS":"Tue, 05 Aug 2025 08:38:43 GMT","GlobalID":"6cdb2177-8b31-4c24-a55f-7b2a1040b9fe"}},{"type":"Feature","id":577395,"geometry":{"type":"Point","coordinates":[1883598,5645092]},"properties":{"OBJECTID":577395,"name":"Manson Bivvy","place":"Kaweka Forest Park","region":"Hawke’s Bay","bookable":"No","facilities":"Mattresses, Toilets - non-flush, Water from tap - not treated, boil before use, Water supply","hasAlerts":"Refer to DOC website for current alerts","introductionThumbnail":"https://www.doc.govt.nz/thumbs/large/link/c6ba74731eca4d09a53b123ec25a4e1b.jpg","staticLink":"https://www.doc.govt.nz/link/2d1ac376a4f24088bd3b72d7e294be5a.aspx","locationString":"Kaweka Forest Park","x":1883598,"y":5645092,"assetId":100054635,"dateLoadedToGIS":"Tue, 05 Aug 2025 08:38:44 GMT","GlobalID":"31721236-bed1-479a-bc9a-082eed82725c"}},{"type":"Feature","id":577396,"geometry":{"type":"Point","coordinates":[1874414,5602891]},"properties":{"OBJECTID":577396,"name":"Kylie Bivvy","place":"Ruahine Forest Park","region":"Hawke’s Bay","bookable":"No","facilities":"Mattresses, Toilets - non-flush, Water from tap - not treated, boil before use, Water supply","hasAlerts":"Refer to DOC website for current alerts","introductionThumbnail":"https://www.doc.govt.nz/thumbs/large/link/a62c93e307604edc88ba4fe9ef0788db.aspx","staticLink":"https://www.doc.govt.nz/link/3dc25a9564df4468a92de93e0cbd7178.aspx","locationString":"Ruahine Forest Park","x":1874414,"y":5602891,"assetId":100071996,"dateLoadedToGIS":"Tue, 05 Aug 2025 08:38:44 GMT","GlobalID":"035d22d7-4036-4292-90d6-99a3da909ee6"}},{"type":"Feature","id":577397,"geometry":{"type":"Point","coordinates":[1238883,5048944]},"properties":{"OBJECTID":577397,"name":"Earnslaw Hut","place":"Mount Aspiring National Park","region":"Otago","bookable":"No","facilities":"Heating, Toilets - non-flush, Water from stream, Water supply","hasAlerts":"Refer to DOC website for current alerts","introductionThumbnail":"https://www.doc.govt.nz/thumbs/large/link/9ee6aa25d0394d44838ca6634bc82a98.jpg","staticLink":"https://www.doc.govt.nz/link/d91659f456844e6ea6073f1ec4e2a2cb.aspx","locationString":"Mount Aspiring National Park","x":1238883,"y":5048944,"assetId":100031573,"dateLoadedToGIS":"Tue, 05 Aug 2025 08:38:44 GMT","GlobalID":"d2ebfca7-fe8b-41a5-a23c-2404250afc36"}},{"type":"Feature","id":577398,"geometry":{"type":"Point","coordinates":[1203034,4815688]},"properties":{"OBJECTID":577398,"name":"Long Harry Hut","place":"Rakiura National Park","region":"Southland","bookable":"No","facilities":"Heating, Mattresses, Toilets - non-flush, Water from tap - not treated, boil before use, Water supply","hasAlerts":"Refer to DOC website for current alerts","introductionThumbnail":"https://www.doc.govt.nz/thumbs/large/link/9a457dbf19314cb5989730a9f1175e3d.jpg","staticLink":"https://www.doc.govt.nz/link/44994f9232584d58a4fbf60edfc4170b.aspx","locationString":"Rakiura National Park","x":1203034,"y":4815688,"assetId":100073465,"dateLoadedToGIS":"Tue, 05 Aug 2025 08:38:44 GMT","GlobalID":"58495ff7-1b60-406a-8383-8abe259feb2b"}},{"type":"Feature","id":577399,"geometry":{"type":"Point","coordinates":[1346122,5123401]},"properties":{"OBJECTID":577399,"name":"Red Hut","place":"Ruataniwha Conservation Park","region":"Canterbury","bookable":"No","facilities":"Heating, Mattresses, Toilets - non-flush, Water from tap - not treated, boil before use, Water supply","hasAlerts":"Refer to DOC website for current alerts","introductionThumbnail":"https://www.doc.govt.nz/thumbs/large/link/b5e9c15a24db46828a61adc7efc4a92d.aspx","staticLink":"https://www.doc.govt.nz/link/fedbed845f774e4084f78b8c25db8935.aspx","locationString":"Ruataniwha Conservation Park","x":1346122,"y":5123401,"assetId":100065478,"dateLoadedToGIS":"Tue, 05 Aug 2025 08:38:44 GMT","GlobalID":"a674cabf-8867-4d8c-9103-33eb9ebf11f8"}},{"type":"Feature","id":577400,"geometry":{"type":"Point","coordinates":[1569400,5298700]},"properties":{"OBJECTID":577400,"name":"Stony Stream Bivvy","place":"Hanmer Forest Park","region":"Canterbury","bookable":"No","facilities":"Toilets - non-flush, Water from stream, Water supply","hasAlerts":"Refer to DOC website for current alerts","introductionThumbnail":"https://www.doc.govt.nz/thumbs/large/link/66b645cd93524332b02875b4b6868772.aspx","staticLink":"https://www.doc.govt.nz/link/123e6f66fc9a4e63ae849bc4fb0e4fb8.aspx","locationString":"Hanmer Forest Park","x":1569400,"y":5298700,"assetId":100075583,"dateLoadedToGIS":"Tue, 05 Aug 2025 08:38:44 GMT","GlobalID":"d0a2b0e5-c07a-4fe4-903b-8716d70326b7"}},{"type":"Feature","id":577401,"geometry":{"type":"Point","coordinates":[1788085,5472900]},"properties":{"OBJECTID":577401,"name":"Parawai Lodge","place":"Ōtaki Forks area","region":"Wellington/Kapiti","bookable":"No","facilities":"Heating, Mattresses, Toilets - non-flush, Water from tap - not treated, boil before use, Water supply","hasAlerts":"Refer to DOC website for current alerts","introductionThumbnail":"https://www.doc.govt.nz/thumbs/large/link/88b237ce582a46ac9f348f54fe9dde8a.aspx","staticLink":"https://www.doc.govt.nz/link/d64d2e60b61f42fcad82f349ce48e9d0.aspx","locationString":"Ōtaki Forks area","x":1788085,"y":5472900,"assetId":100063366,"dateLoadedToGIS":"Tue, 05 Aug 2025 08:38:45 GMT","GlobalID":"dbcc4887-7402-4b08-8cf5-6c6544b183ca"}},{"type":"Feature","id":577402,"geometry":{"type":"Point","coordinates":[1508655,5322468]},"properties":{"OBJECTID":577402,"name":"Big River Hut","place":"Victoria Forest Park","region":"West Coast","bookable":"Yes","facilities":"Heating, Mattresses, Toilets - non-flush, Water from tap - not treated, boil before use, Water supply","hasAlerts":"Refer to DOC website for current alerts","introductionThumbnail":"https://www.doc.govt.nz/thumbs/large/link/d246792bf068416d800258c6436500fa.jpg","staticLink":"https://www.doc.govt.nz/link/9169aa331f7e49ec96e12748bd793da3.aspx","locationString":"Victoria Forest Park","x":1508655,"y":5322468,"assetId":100062898,"dateLoadedToGIS":"Tue, 05 Aug 2025 08:38:45 GMT","GlobalID":"bb184f73-e88c-45f3-80d8-6fc4b15d734f"}},{"type":"Feature","id":577403,"geometry":{"type":"Point","coordinates":[1562819,5463077]},"properties":{"OBJECTID":577403,"name":"Lonely Lake Hut","place":"Kahurangi National Park","region":"Nelson/Tasman","bookable":"No","facilities":"Toilets - non-flush, Water from stream, Water supply","hasAlerts":"Refer to DOC website for current alerts","introductionThumbnail":"https://www.doc.govt.nz/thumbs/large/link/2e5bbb02f0f9493aa1f428e413df1b78.jpg","staticLink":"https://www.doc.govt.nz/link/722a9a401a044e7aaf9a8fdd5ef253ad.aspx","locationString":"Kahurangi National Park","x":1562819,"y":5463077,"assetId":100034872,"dateLoadedToGIS":"Tue, 05 Aug 2025 08:38:45 GMT","GlobalID":"188cc34c-8ef8-4a60-955c-60b65cc39494"}},{"type":"Feature","id":577404,"geometry":{"type":"Point","coordinates":[1459530,5244950]},"properties":{"OBJECTID":577404,"name":"Top Crawford Hut","place":"Kokatahi River - Whitcombe River area","region":"West Coast","bookable":"No","facilities":"Heating, Mattresses, Toilets - non-flush, Water from stream, Water supply","hasAlerts":"Refer to DOC website for current alerts","introductionThumbnail":"https://www.doc.govt.nz/thumbs/large/link/1f993b199d914b378e3d5d3ecc222b02.jpg","staticLink":"https://www.doc.govt.nz/link/52146d7e194a4cc48432c763ced33ba2.aspx","locationString":"Kokatahi River - Whitcombe River area","x":1459530,"y":5244950,"assetId":100086628,"dateLoadedToGIS":"Tue, 05 Aug 2025 08:38:45 GMT","GlobalID":"6c8b37a4-29a6-4daa-b0f3-bed8f59ad8ae"}},{"type":"Feature","id":577405,"geometry":{"type":"Point","coordinates":[1467824,5190276]},"properties":{"OBJECTID":577405,"name":"Comyns Hut","place":"Hakatere Conservation Park","region":"Canterbury","bookable":"No","facilities":"Heating, Mattresses, Toilets - non-flush, Water from stream, Water supply","hasAlerts":"Refer to DOC website for current alerts","introductionThumbnail":"https://www.doc.govt.nz/thumbs/large/link/517cb45849de4b6aa57f553b3e47601c.jpg","staticLink":"https://www.doc.govt.nz/link/8b45fa6b67ad4953b812bb436484a73e.aspx","locationString":"Hakatere Conservation Park","x":1467824,"y":5190276,"assetId":100030125,"dateLoadedToGIS":"Tue, 05 Aug 2025 08:38:45 GMT","GlobalID":"0fec886f-f120-4b73-b021-2b7336fa4286"}},{"type":"Feature","id":577406,"geometry":{"type":"Point","coordinates":[1623246.0677,5407313.5121]},"properties":{"OBJECTID":577406,"name":"Slaty Hut","place":"Mount Richmond Forest Park","region":"Nelson/Tasman","bookable":"No","facilities":"Heating, Mattresses, Toilets - non-flush, Water from tap - not treated, boil before use, Water supply","hasAlerts":"Refer to DOC website for current alerts","introductionThumbnail":"https://www.doc.govt.nz/thumbs/large/link/fd245fcfdd2947f895de6bb3e873a162.jpg","staticLink":"https://www.doc.govt.nz/link/dfc191ebf2a14b208aa546f836240b40.aspx","locationString":"Mount Richmond Forest Park","x":1623246,"y":5407314,"assetId":100061149,"dateLoadedToGIS":"Tue, 05 Aug 2025 08:38:46 GMT","GlobalID":"345ffb83-a52e-470a-abf4-c801f3167e5a"}},{"type":"Feature","id":577407,"geometry":{"type":"Point","coordinates":[1887473,5653604]},"properties":{"OBJECTID":577407,"name":"Mangaturutu Hut","place":"Kaweka Forest Park","region":"Hawke’s Bay","bookable":"No","facilities":"Heating, Mattresses, Toilets - non-flush, Water from tap - not treated, boil before use, Water supply","hasAlerts":"Refer to DOC website for current alerts","introductionThumbnail":"https://www.doc.govt.nz/thumbs/large/link/5f3983bb6e4246dba2de5bef6174ad71.aspx","staticLink":"https://www.doc.govt.nz/link/8532c79580904238bcc3855182177a4f.aspx","locationString":"Kaweka Forest Park","x":1887473,"y":5653604,"assetId":100054630,"dateLoadedToGIS":"Tue, 05 Aug 2025 08:38:46 GMT","GlobalID":"43ebb4e8-a11d-449d-9c26-a677e54b7255"}},{"type":"Feature","id":577408,"geometry":{"type":"Point","coordinates":[1256971,5077778]},"properties":{"OBJECTID":577408,"name":"Colin Todd Hut","place":"Mount Aspiring National Park","region":"Otago","bookable":"No","facilities":"Mattresses, Lighting, Toilets - non-flush, Water from tap - not treated, boil before use, Water supply","hasAlerts":"Refer to DOC website for current alerts","introductionThumbnail":"https://www.doc.govt.nz/thumbs/large/link/0afebff9f89245d3860e70f7ed068837.aspx","staticLink":"https://www.doc.govt.nz/link/fb7626fa35214fd0abe173a0b20ed648.aspx","locationString":"Mount Aspiring National Park","x":1256971,"y":5077778,"assetId":100074849,"dateLoadedToGIS":"Tue, 05 Aug 2025 08:38:46 GMT","GlobalID":"dd493532-fce4-4b6c-a0c0-b3add72df3af"}},{"type":"Feature","id":577409,"geometry":{"type":"Point","coordinates":[1886256,5641008]},"properties":{"OBJECTID":577409,"name":"Kiwi Saddle Hut","place":"Kaweka Forest Park","region":"Hawke’s Bay","bookable":"No","facilities":"Heating, Mattresses, Toilets - non-flush, Water from tap - not treated, boil before use, Water supply","hasAlerts":"Refer to DOC website for current alerts","introductionThumbnail":"https://www.doc.govt.nz/thumbs/large/link/d038dfd215bc4d44a7851c990414d491.aspx","staticLink":"https://www.doc.govt.nz/link/f0f91c917e5f42a1927eac7a41658a04.aspx","locationString":"Kaweka Forest Park","x":1886256,"y":5641008,"assetId":100055182,"dateLoadedToGIS":"Tue, 05 Aug 2025 08:38:46 GMT","GlobalID":"faf3e655-1e38-4e74-98e5-8b7170bc69e1"}},{"type":"Feature","id":577410,"geometry":{"type":"Point","coordinates":[1871241.135,5584173.3692]},"properties":{"OBJECTID":577410,"name":"Smiths Stream Hut","place":"Ruahine Forest Park","region":"Hawke’s Bay","bookable":"No","facilities":"Heating, Mattresses, Toilets - non-flush, Water from tap - not treated, boil before use, Water supply","hasAlerts":"Refer to DOC website for current alerts","introductionThumbnail":"https://www.doc.govt.nz/thumbs/large/link/527cedc4f68f437ea67d95d0b0ddd45c.aspx","staticLink":"https://www.doc.govt.nz/link/cf1d54d7883544b1a5cbf0007c81014c.aspx","locationString":"Ruahine Forest Park","x":1871241,"y":5584173,"assetId":100056527,"dateLoadedToGIS":"Tue, 05 Aug 2025 08:38:46 GMT","GlobalID":"197f0029-1f91-48ea-9b2d-b2335349fac9"}},{"type":"Feature","id":577411,"geometry":{"type":"Point","coordinates":[1429870,5231505]},"properties":{"OBJECTID":577411,"name":"Healey Creek Hut","place":"Mikonui River - Kakapotahi River area","region":"West Coast","bookable":"No","facilities":"Mattresses, Toilets - non-flush, Water from stream, Water supply","hasAlerts":"Refer to DOC website for current alerts","introductionThumbnail":"https://www.doc.govt.nz/thumbs/large/link/d8d3bb630996453784bdf71dcc290761.aspx","staticLink":"https://www.doc.govt.nz/link/4e51d8669af6460a8c102409af54dae1.aspx","locationString":"Mikonui River - Kakapotahi River area","x":1429870,"y":5231505,"assetId":100055448,"dateLoadedToGIS":"Tue, 05 Aug 2025 08:38:47 GMT","GlobalID":"1011b4c3-b6ca-4e97-b3c1-dee78be83a6e"}},{"type":"Feature","id":577412,"geometry":{"type":"Point","coordinates":[1333166,5109170]},"properties":{"OBJECTID":577412,"name":"Top Hut ","place":"Ahuriri Conservation Park","region":"Canterbury","bookable":"No","facilities":"Heating, Mattresses, Toilets - non-flush, Water from stream, Water supply","hasAlerts":"Refer to DOC website for current alerts","introductionThumbnail":"https://www.doc.govt.nz/thumbs/large/link/8b3880a7d4194c2d8c27f78cf25c673f.jpg","staticLink":"https://www.doc.govt.nz/link/0dcb95a5152341528c9e5fd2d9c22b6f.aspx","locationString":"Ahuriri Conservation Park","x":1333166,"y":5109170,"assetId":100034566,"dateLoadedToGIS":"Tue, 05 Aug 2025 08:38:47 GMT","GlobalID":"f782c125-eaa8-470f-bbe3-b353bad16bb5"}},{"type":"Feature","id":577413,"geometry":{"type":"Point","coordinates":[1608704,5368318]},"properties":{"OBJECTID":577413,"name":"Greigs Hut","place":"Leatham Conservation Area","region":"Marlborough","bookable":"No","facilities":"Heating, Mattresses, Toilets - non-flush, Water from tap - not treated, boil before use, Water supply","hasAlerts":"Refer to DOC website for current alerts","introductionThumbnail":"https://www.doc.govt.nz/thumbs/large/link/2dc5754f9e8c45d496c599dcdf333d47.aspx","staticLink":"https://www.doc.govt.nz/link/aa643b0331254f86874f25a7a3813789.aspx","locationString":"Leatham Conservation Area","x":1608704,"y":5368318,"assetId":100064007,"dateLoadedToGIS":"Tue, 05 Aug 2025 08:38:47 GMT","GlobalID":"518683df-ebce-4322-8b3f-62017b0405cb"}},{"type":"Feature","id":577414,"geometry":{"type":"Point","coordinates":[1275464,4999165]},"properties":{"OBJECTID":577414,"name":"Racemans Hut","place":"Remarkables Conservation Area","region":"Otago","bookable":"No","facilities":"Toilets - non-flush, Water from stream, Water supply","hasAlerts":"Refer to DOC website for current alerts","introductionThumbnail":"https://www.doc.govt.nz/thumbs/large/link/4204369bb37149bbb0c268fcf5b7d625.jpg","staticLink":"https://www.doc.govt.nz/link/e626374b5c8a49efa8c4dd704f9a0b92.aspx","locationString":"Remarkables Conservation Area","x":1275464,"y":4999165,"assetId":100043141,"dateLoadedToGIS":"Tue, 05 Aug 2025 08:38:47 GMT","GlobalID":"f9c0f1f8-d96b-4e9f-b4fe-4ca61e065ff1"}},{"type":"Feature","id":577415,"geometry":{"type":"Point","coordinates":[1383000,5165800]},"properties":{"OBJECTID":577415,"name":"Liebig Hut","place":"Aoraki/Mount Cook National Park","region":"Canterbury","bookable":"No","facilities":"Mattresses, Toilets - non-flush, Water from stream, Water supply","hasAlerts":"Refer to DOC website for current alerts","introductionThumbnail":"https://www.doc.govt.nz/thumbs/large/link/feaf430983b04230969a4a18cb784cac.aspx","staticLink":"https://www.doc.govt.nz/link/5085e07db4164419a3b8ee44352f599c.aspx","locationString":"Aoraki/Mount Cook National Park","x":1383000,"y":5165800,"assetId":100075445,"dateLoadedToGIS":"Tue, 05 Aug 2025 08:38:47 GMT","GlobalID":"7851c24a-08bb-4d28-bc94-cbc66867105c"}},{"type":"Feature","id":577416,"geometry":{"type":"Point","coordinates":[1459423,5230424]},"properties":{"OBJECTID":577416,"name":"Unknown Stream Hut","place":"Craigieburn Forest Park","region":"Canterbury","bookable":"No","facilities":"Heating, Mattresses, Toilets - non-flush, Water from stream, Water supply","hasAlerts":"Refer to DOC website for current alerts","introductionThumbnail":"https://www.doc.govt.nz/thumbs/large/link/582d4c9b69774271bc83b06f6e2efa21.jpg","staticLink":"https://www.doc.govt.nz/link/59b7abc11f8545f6ba80a6355c863a44.aspx","locationString":"Craigieburn Forest Park","x":1459423,"y":5230424,"assetId":100059544,"dateLoadedToGIS":"Tue, 05 Aug 2025 08:38:48 GMT","GlobalID":"46fb43b8-496f-4864-b43b-5e7c80d90189"}},{"type":"Feature","id":577417,"geometry":{"type":"Point","coordinates":[1570548,5440547]},"properties":{"OBJECTID":577417,"name":"Salisbury Lodge","place":"Kahurangi National Park","region":"Nelson/Tasman","bookable":"No","facilities":"Heating, Mattresses, Toilets - non-flush, Water from tap - not treated, boil before use, Water supply","hasAlerts":"Refer to DOC website for current alerts","introductionThumbnail":"https://www.doc.govt.nz/thumbs/large/link/352ddee8dee44664ba228091b7fe774c.aspx","staticLink":"https://www.doc.govt.nz/link/ce78aa7495414d47948ff9f47756e353.aspx","locationString":"Kahurangi National Park","x":1570548,"y":5440547,"assetId":100064281,"dateLoadedToGIS":"Tue, 05 Aug 2025 08:38:48 GMT","GlobalID":"1313ac2e-5965-4015-b89b-6ec51881a6a8"}},{"type":"Feature","id":577418,"geometry":{"type":"Point","coordinates":[1204925,4814695]},"properties":{"OBJECTID":577418,"name":"Smoky Hunters Hut","place":"Rakiura National Park","region":"Southland","bookable":"Yes","facilities":"Heating, Mattresses, Toilets - non-flush, Water from tap - not treated, boil before use, Water supply","hasAlerts":"Refer to DOC website for current alerts","introductionThumbnail":"https://www.doc.govt.nz/thumbs/large/link/0a820977882d44d0a1cd2a7a4587ffc5.jpg","staticLink":"https://www.doc.govt.nz/link/6f9bb9c94b9540f98c8f7a6a3ff2dd13.aspx","locationString":"Rakiura National Park","x":1204925,"y":4814695,"assetId":100101442,"dateLoadedToGIS":"Tue, 05 Aug 2025 08:38:48 GMT","GlobalID":"71e42681-bf46-41ab-a641-5db01373fa4d"}},{"type":"Feature","id":577419,"geometry":{"type":"Point","coordinates":[1458529,5223376]},"properties":{"OBJECTID":577419,"name":"Moa Stream Hut","place":"Craigieburn Forest Park","region":"Canterbury","bookable":"No","facilities":"Heating, Mattresses, Toilets - non-flush, Water from stream, Water supply","hasAlerts":"Refer to DOC website for current alerts","introductionThumbnail":"https://www.doc.govt.nz/thumbs/large/link/d241d1a4139f408aae1ac987ab976f38.aspx","staticLink":"https://www.doc.govt.nz/link/7be53fda55e3497694ca752b931fd4b5.aspx","locationString":"Craigieburn Forest Park","x":1458529,"y":5223376,"assetId":100034519,"dateLoadedToGIS":"Tue, 05 Aug 2025 08:38:48 GMT","GlobalID":"d9cbc588-4fde-4073-91e1-9f8f22a996d8"}},{"type":"Feature","id":577420,"geometry":{"type":"Point","coordinates":[1162483,4903552]},"properties":{"OBJECTID":577420,"name":"Eel Creek Hut","place":"Fiordland National Park","region":"Fiordland","bookable":"No","facilities":"Heating, Mattresses, Toilets - non-flush, Water from stream, Water supply","hasAlerts":"Refer to DOC website for current alerts","introductionThumbnail":"https://www.doc.govt.nz/thumbs/large/link/3951fce5dda4465e9dfc9a81e3f68adc.aspx","staticLink":"https://www.doc.govt.nz/link/a84c2dd33a2d4a5e927b8e3f9151de3c.aspx","locationString":"Fiordland National Park","x":1162483,"y":4903552,"assetId":100034171,"dateLoadedToGIS":"Tue, 05 Aug 2025 08:38:48 GMT","GlobalID":"27f69c95-1247-43da-af61-66855a25260f"}},{"type":"Feature","id":577421,"geometry":{"type":"Point","coordinates":[1661157,5344215]},"properties":{"OBJECTID":577421,"name":"Snowgrass Hut ","place":"Ka Whata Tu o Rakihouia Clarence","region":"Marlborough","bookable":"No","facilities":"Heating, Mattresses, Toilets - non-flush, Water from tap - not treated, boil before use, Water supply","hasAlerts":"Refer to DOC website for current alerts","introductionThumbnail":"https://www.doc.govt.nz/thumbs/large/link/8c1347bdbc1b40fdb057569634366336.jpg","staticLink":"https://www.doc.govt.nz/link/694cd85d15534131b70d3616e2907b85.aspx","locationString":"Ka Whata Tu o Rakihouia Clarence","x":1661157,"y":5344215,"assetId":100039340,"dateLoadedToGIS":"Tue, 05 Aug 2025 08:38:49 GMT","GlobalID":"9b2f9779-bc10-495c-81ba-4cdfb1d66c3f"}},{"type":"Feature","id":577422,"geometry":{"type":"Point","coordinates":[1528403,5322349]},"properties":{"OBJECTID":577422,"name":"Lake Stream Hut","place":"Victoria Forest Park","region":"West Coast","bookable":"No","facilities":"Mattresses, Toilets - non-flush, Water from stream, Water supply","hasAlerts":"Refer to DOC website for current alerts","introductionThumbnail":"https://www.doc.govt.nz/thumbs/large/link/674921579b764b8699bf86844d3c6228.jpg","staticLink":"https://www.doc.govt.nz/link/06ca0c1d7950401e87c0fdc518699aed.aspx","locationString":"Victoria Forest Park","x":1528403,"y":5322349,"assetId":100059409,"dateLoadedToGIS":"Tue, 05 Aug 2025 08:38:49 GMT","GlobalID":"a8530cc9-5250-4e29-832b-326fa7f40707"}},{"type":"Feature","id":577423,"geometry":{"type":"Point","coordinates":[1545436,5313942]},"properties":{"OBJECTID":577423,"name":"Pell Stream Hut","place":"Lewis Pass Scenic Reserve","region":"West Coast","bookable":"No","facilities":"Heating, Mattresses, Toilets - non-flush, Water from stream, Water supply","hasAlerts":"Refer to DOC website for current alerts","introductionThumbnail":"https://www.doc.govt.nz/thumbs/large/link/14e813ae83534d148526e12e69e82f6e.jpg","staticLink":"https://www.doc.govt.nz/link/2b52f3fd86f1492f995cb51660c585f4.aspx","locationString":"Lewis Pass Scenic Reserve","x":1545436,"y":5313942,"assetId":100034326,"dateLoadedToGIS":"Tue, 05 Aug 2025 08:38:49 GMT","GlobalID":"3a8cefa4-139e-4d3a-be3c-0cfb01eb35d6"}},{"type":"Feature","id":577424,"geometry":{"type":"Point","coordinates":[1236048,4781812]},"properties":{"OBJECTID":577424,"name":"Chew Tobacco Hunters Hut","place":"Stewart Island/Rakiura","region":"Southland","bookable":"Yes","facilities":null,"hasAlerts":"Refer to DOC website for current alerts","introductionThumbnail":"https://www.doc.govt.nz/images/no-photo/no-photo-220x140.jpg","staticLink":"https://www.doc.govt.nz/link/1b3d9da012a3464688f3ebe4982ec653.aspx","locationString":"Stewart Island/Rakiura","x":1236048,"y":4781812,"assetId":100057328,"dateLoadedToGIS":"Tue, 05 Aug 2025 08:38:49 GMT","GlobalID":"5e6c2dbe-fed3-48f8-85cf-acafacfd8f42"}},{"type":"Feature","id":577425,"geometry":{"type":"Point","coordinates":[1366200,5178400]},"properties":{"OBJECTID":577425,"name":"Chancellor Hut","place":"Westland Tai Poutini National Park","region":"West Coast","bookable":"No","facilities":"Mattresses, Toilets - non-flush, Water from tap - not treated, boil before use, Water supply","hasAlerts":"Refer to DOC website for current alerts","introductionThumbnail":"https://www.doc.govt.nz/thumbs/large/link/2a695897881b430bbbb514fd79efccb4.jpg","staticLink":"https://www.doc.govt.nz/link/f76c189f5c4b4992987b12c75b2315b3.aspx","locationString":"Westland Tai Poutini National Park","x":1366200,"y":5178400,"assetId":100074917,"dateLoadedToGIS":"Tue, 05 Aug 2025 08:38:49 GMT","GlobalID":"1ab26249-4a5e-48a2-bd07-e2872f6bdcc3"}},{"type":"Feature","id":577426,"geometry":{"type":"Point","coordinates":[1318300,4837864]},"properties":{"OBJECTID":577426,"name":"Tautuku Hut","place":"Catlins coastal area","region":"Otago","bookable":"No","facilities":"Mattresses, Toilets - non-flush, Water from stream, Water supply","hasAlerts":"Refer to DOC website for current alerts","introductionThumbnail":"https://www.doc.govt.nz/thumbs/large/link/3f60ebb929974cbabdf166e29a89ea54.jpg","staticLink":"https://www.doc.govt.nz/link/5f0e3d50d29c4408bcdf93afe125796d.aspx","locationString":"Catlins coastal area","x":1318300,"y":4837864,"assetId":100058801,"dateLoadedToGIS":"Tue, 05 Aug 2025 08:38:49 GMT","GlobalID":"c9cec101-fb39-4c71-ba72-6fd5f822e1c3"}},{"type":"Feature","id":577427,"geometry":{"type":"Point","coordinates":[1857405,5563537]},"properties":{"OBJECTID":577427,"name":"Piripiri Hut","place":"Ruahine Forest Park","region":"Manawatu/Whanganui","bookable":"No","facilities":"Heating, Mattresses, Toilets - non-flush, Water from stream, Water supply","hasAlerts":"Refer to DOC website for current alerts","introductionThumbnail":"https://www.doc.govt.nz/thumbs/large/link/76d775d7dee74ee89226900776e04407.aspx","staticLink":"https://www.doc.govt.nz/link/f0ef8a55fe4c411e85a350935187cbc7.aspx","locationString":"Ruahine Forest Park","x":1857405,"y":5563537,"assetId":100056525,"dateLoadedToGIS":"Tue, 05 Aug 2025 08:38:50 GMT","GlobalID":"5178b71e-67e7-4189-9805-b36294de8e7c"}},{"type":"Feature","id":577428,"geometry":{"type":"Point","coordinates":[1606794,5353196]},"properties":{"OBJECTID":577428,"name":"Top Leatham Hut","place":"Leatham Conservation Area","region":"Marlborough","bookable":"No","facilities":"Heating, Mattresses, Toilets - non-flush, Water from stream, Water supply","hasAlerts":"Refer to DOC website for current alerts","introductionThumbnail":"https://www.doc.govt.nz/thumbs/large/link/260b9ef5d1d246d086b1574a3a672ab2.aspx","staticLink":"https://www.doc.govt.nz/link/51b1d5d44e724ff89aed7aed75508ff3.aspx","locationString":"Leatham Conservation Area","x":1606794,"y":5353196,"assetId":100064214,"dateLoadedToGIS":"Tue, 05 Aug 2025 08:38:50 GMT","GlobalID":"22845e35-c69a-43a6-9e18-91818e0bc395"}},{"type":"Feature","id":577429,"geometry":{"type":"Point","coordinates":[1852370,5827491]},"properties":{"OBJECTID":577429,"name":"Kauritatahi Hut","place":"Kaimai Mamaku Conservation Park","region":"Bay of Plenty","bookable":"No","facilities":"Mattresses, Toilets - non-flush, Water from tap - not treated, boil before use, Water supply","hasAlerts":"Refer to DOC website for current alerts","introductionThumbnail":"https://www.doc.govt.nz/thumbs/large/link/f6cf686e45fb49de89a2e15ad587491b.jpg","staticLink":"https://www.doc.govt.nz/link/77247267cce445f9bac84bfa6e7dfd4d.aspx","locationString":"Kaimai Mamaku Conservation Park","x":1852370,"y":5827491,"assetId":100057084,"dateLoadedToGIS":"Tue, 05 Aug 2025 08:38:50 GMT","GlobalID":"3c22f449-8bbb-4562-8a06-3e8546a1c6c2"}},{"type":"Feature","id":577430,"geometry":{"type":"Point","coordinates":[1219830,5036282]},"properties":{"OBJECTID":577430,"name":"Routeburn Falls Hut ","place":"Mount Aspiring National Park","region":"Otago","bookable":"Yes","facilities":"Cooking, Heating, Mattresses, Lighting, Toilets - flush, Water from tap - not treated, boil before use, Water supply","hasAlerts":"Refer to DOC website for current alerts","introductionThumbnail":"https://www.doc.govt.nz/thumbs/large/link/fcc03c951b89433596637fdffa23ebbf.jpg","staticLink":"https://www.doc.govt.nz/link/4fbe11d0013f41e588d9bba8edf42fa4.aspx","locationString":"Mount Aspiring National Park","x":1219830,"y":5036282,"assetId":100065316,"dateLoadedToGIS":"Tue, 05 Aug 2025 08:38:50 GMT","GlobalID":"03318f82-242f-47ca-9413-77d295f11fb7"}},{"type":"Feature","id":577431,"geometry":{"type":"Point","coordinates":[1583697,5159171]},"properties":{"OBJECTID":577431,"name":"Rod Donald Hut","place":"Banks Peninsula area","region":"Canterbury","bookable":"Yes","facilities":"Heating, Mattresses, Lighting, Toilets - non-flush, Water from tap - not treated, boil before use, Water supply","hasAlerts":"Refer to DOC website for current alerts","introductionThumbnail":"https://www.doc.govt.nz/thumbs/large/link/0830f4c7032f42319f49c013f2ce3c31.aspx","staticLink":"https://www.doc.govt.nz/link/f14abda812fa418aa49a551084c5cd2a.aspx","locationString":"Banks Peninsula area","x":1583697,"y":5159171,"assetId":100102907,"dateLoadedToGIS":"Tue, 05 Aug 2025 08:38:50 GMT","GlobalID":"3a699e8d-dca4-453c-abd6-d1d35f6255de"}},{"type":"Feature","id":577432,"geometry":{"type":"Point","coordinates":[1487865,5270710]},"properties":{"OBJECTID":577432,"name":"Jacko Flat Hut","place":"Ahaura River and Lake Brunner catchments area","region":"West Coast","bookable":"No","facilities":"Heating, Mattresses, Toilets - non-flush, Water from stream, Water supply","hasAlerts":"Refer to DOC website for current alerts","introductionThumbnail":"https://www.doc.govt.nz/thumbs/large/link/8adc9d0bfe78455f9cbf73fb1afc8f4c.jpg","staticLink":"https://www.doc.govt.nz/link/a5a8d576d85d4be98cfc06ce7fa6e8cb.aspx","locationString":"Ahaura River and Lake Brunner catchments area","x":1487865,"y":5270710,"assetId":100055463,"dateLoadedToGIS":"Tue, 05 Aug 2025 08:38:50 GMT","GlobalID":"a6e46ab7-7435-481f-a069-21e75285d193"}},{"type":"Feature","id":577433,"geometry":{"type":"Point","coordinates":[1515689,5281504]},"properties":{"OBJECTID":577433,"name":"Tutaekuri Hut","place":"Ahaura River and Lake Brunner catchments area","region":"West Coast","bookable":"No","facilities":"Heating, Mattresses, Toilets - non-flush, Water from tap - not treated, boil before use, Water supply","hasAlerts":"Refer to DOC website for current alerts","introductionThumbnail":"https://www.doc.govt.nz/thumbs/large/link/f9f68274b96b49f38e01870aa3e45e9c.jpg","staticLink":"https://www.doc.govt.nz/link/c227246735b046218d08243831dc5b57.aspx","locationString":"Ahaura River and Lake Brunner catchments area","x":1515689,"y":5281504,"assetId":100040707,"dateLoadedToGIS":"Tue, 05 Aug 2025 08:38:51 GMT","GlobalID":"df5b37b9-fd8f-48d0-ad88-f6a56b06d5ea"}},{"type":"Feature","id":577434,"geometry":{"type":"Point","coordinates":[1449077.4881,5239259.156]},"properties":{"OBJECTID":577434,"name":"Yeats Ridge Hut","place":"Kokatahi River - Whitcombe River area","region":"West Coast","bookable":"No","facilities":"Mattresses, Toilets - non-flush, Water from tap - not treated, boil before use, Water supply","hasAlerts":"Refer to DOC website for current alerts","introductionThumbnail":"https://www.doc.govt.nz/thumbs/large/link/c63ada87aa7042baae43ce6228674112.jpg","staticLink":"https://www.doc.govt.nz/link/0fcaed6ddf7b4d5e96585ed5109d55c0.aspx","locationString":"Kokatahi River - Whitcombe River area","x":1449077,"y":5239259,"assetId":100034621,"dateLoadedToGIS":"Tue, 05 Aug 2025 08:38:51 GMT","GlobalID":"fe546694-604d-4e3b-831b-762260aae97d"}},{"type":"Feature","id":577435,"geometry":{"type":"Point","coordinates":[1798839,5470564]},"properties":{"OBJECTID":577435,"name":"Aokaparangi Hut","place":"Tararua Forest Park","region":"Wellington/Kapiti","bookable":"No","facilities":"Mattresses, Toilets - non-flush, Water from tap - not treated, boil before use, Water supply","hasAlerts":"Refer to DOC website for current alerts","introductionThumbnail":"https://www.doc.govt.nz/thumbs/large/link/609e1e1496634352928af01db1bc8e29.jpg","staticLink":"https://www.doc.govt.nz/link/02c17e8b832b49d19caaf6f735c8562e.aspx","locationString":"Tararua Forest Park","x":1798839,"y":5470564,"assetId":100061375,"dateLoadedToGIS":"Tue, 05 Aug 2025 08:38:51 GMT","GlobalID":"c8aee89e-6d2e-49b0-ab46-cdcaeba958c8"}},{"type":"Feature","id":577436,"geometry":{"type":"Point","coordinates":[1603040,5343349]},"properties":{"OBJECTID":577436,"name":"Severn Hut ","place":"Molesworth Recreation Reserve","region":"Marlborough","bookable":"No","facilities":"Mattresses, Toilets - non-flush, Water from stream, Water supply","hasAlerts":"Refer to DOC website for current alerts","introductionThumbnail":"https://www.doc.govt.nz/thumbs/large/link/688644dc9ee8454fb2e4ea7fcb841169.jpg","staticLink":"https://www.doc.govt.nz/link/f79c08d93e064d5b95ac58c5061128b0.aspx","locationString":"Molesworth Recreation Reserve","x":1603040,"y":5343349,"assetId":100037806,"dateLoadedToGIS":"Tue, 05 Aug 2025 08:38:51 GMT","GlobalID":"b7d11c77-13ae-40e8-a1bf-e8e783fa9b50"}},{"type":"Feature","id":577437,"geometry":{"type":"Point","coordinates":[1858074,5580014]},"properties":{"OBJECTID":577437,"name":"Rangiwahia Hut","place":"Ruahine Forest Park","region":"Manawatu/Whanganui","bookable":"Yes","facilities":"Heating, Mattresses, Toilets - non-flush, Water from tap - not treated, boil before use, Water supply","hasAlerts":"Refer to DOC website for current alerts","introductionThumbnail":"https://www.doc.govt.nz/thumbs/large/link/f7593fc81c7f4317bd2dcba399172db4.aspx","staticLink":"https://www.doc.govt.nz/link/752fb67ee0c64719a8919a9fea94214c.aspx","locationString":"Ruahine Forest Park","x":1858074,"y":5580014,"assetId":100056522,"dateLoadedToGIS":"Tue, 05 Aug 2025 08:38:52 GMT","GlobalID":"93f4e2b6-844d-480d-8720-cfd723aec096"}},{"type":"Feature","id":577438,"geometry":{"type":"Point","coordinates":[1691934,5648451]},"properties":{"OBJECTID":577438,"name":"Syme Hut","place":"Dawson Falls area","region":"Taranaki","bookable":"No","facilities":"Mattresses, Toilets - non-flush, Water from tap - not treated, boil before use, Water supply","hasAlerts":"Refer to DOC website for current alerts","introductionThumbnail":"https://www.doc.govt.nz/thumbs/large/link/5c3f4d5e028940988aef27ae57d3a5d2.aspx","staticLink":"https://www.doc.govt.nz/link/02540fabba2f4eea903fc0a273dd47fb.aspx","locationString":"Dawson Falls area","x":1691934,"y":5648451,"assetId":100043332,"dateLoadedToGIS":"Tue, 05 Aug 2025 08:38:52 GMT","GlobalID":"154face2-74bd-46a5-b394-726a167bc8a7"}},{"type":"Feature","id":577439,"geometry":{"type":"Point","coordinates":[1467731,5260371]},"properties":{"OBJECTID":577439,"name":"Griffin Creek Hut","place":"Kelly Range – Styx River area","region":"West Coast","bookable":"No","facilities":"Heating, Mattresses, Toilets - non-flush, Water from stream, Water supply","hasAlerts":"Refer to DOC website for current alerts","introductionThumbnail":"https://www.doc.govt.nz/thumbs/large/link/813aefb84e754420a26add7cd31d33f7.jpg","staticLink":"https://www.doc.govt.nz/link/4c0f389755ab4c71bc2848d43d414868.aspx","locationString":"Kelly Range – Styx River area","x":1467731,"y":5260371,"assetId":100054620,"dateLoadedToGIS":"Tue, 05 Aug 2025 08:38:52 GMT","GlobalID":"841d9c71-5506-4002-91b1-82f1e6d33355"}},{"type":"Feature","id":577440,"geometry":{"type":"Point","coordinates":[1373359,5165970]},"properties":{"OBJECTID":577440,"name":"Ball Hut","place":"Aoraki/Mount Cook National Park","region":"Canterbury","bookable":"No","facilities":"Mattresses, Toilets - non-flush, Water from tap - not treated, boil before use, Water supply","hasAlerts":"Refer to DOC website for current alerts","introductionThumbnail":"https://www.doc.govt.nz/thumbs/large/link/6feadc239464440a8c19bcdaac1dc0a8.jpg","staticLink":"https://www.doc.govt.nz/link/f44bec2eac554a14b2faf9aa47b9c2b7.aspx","locationString":"Aoraki/Mount Cook National Park","x":1373359,"y":5165970,"assetId":100088813,"dateLoadedToGIS":"Tue, 05 Aug 2025 08:38:52 GMT","GlobalID":"514a8818-3cb1-40da-9230-60f5d5b92a40"}},{"type":"Feature","id":577441,"geometry":{"type":"Point","coordinates":[1811907,5678525]},"properties":{"OBJECTID":577441,"name":"Ten Man Hut","place":"Tongariro Forest Conservation Area","region":"Central North Island","bookable":"No","facilities":"Heating, Mattresses, Toilets - non-flush, Water from tap - not treated, boil before use, Water supply","hasAlerts":"Refer to DOC website for current alerts","introductionThumbnail":"https://www.doc.govt.nz/thumbs/large/link/6104b03f4d92448889085aa73721893e.aspx","staticLink":"https://www.doc.govt.nz/link/450b4cf8d9f14a89a97f1e4a80772e00.aspx","locationString":"Tongariro Forest Conservation Area","x":1811907,"y":5678525,"assetId":100044544,"dateLoadedToGIS":"Tue, 05 Aug 2025 08:38:52 GMT","GlobalID":"1df5364b-c31f-412a-ba82-4561a1382706"}},{"type":"Feature","id":577442,"geometry":{"type":"Point","coordinates":[1229082,4787790]},"properties":{"OBJECTID":577442,"name":"North Big Glory Hunters Hut","place":"Rakiura National Park","region":"Southland","bookable":"Yes","facilities":"Heating, Mattresses, Toilets - non-flush, Water from tap - not treated, boil before use, Water supply","hasAlerts":"Refer to DOC website for current alerts","introductionThumbnail":"https://www.doc.govt.nz/thumbs/large/link/e1c91af4634c4b5ba1ae368a25824dbb.jpg","staticLink":"https://www.doc.govt.nz/link/1cd8572aa21a416b92c9320fb237277b.aspx","locationString":"Rakiura National Park","x":1229082,"y":4787790,"assetId":100040564,"dateLoadedToGIS":"Tue, 05 Aug 2025 08:38:54 GMT","GlobalID":"5eb761ec-4167-4448-b675-b023a7c2c502"}},{"type":"Feature","id":577443,"geometry":{"type":"Point","coordinates":[1642465,5322901]},"properties":{"OBJECTID":577443,"name":"Limestone Hut","place":"Ka Whata Tu o Rakihouia Clarence","region":"Marlborough","bookable":"No","facilities":"Heating, Mattresses, Toilets - non-flush, Water from stream, Water supply","hasAlerts":"Refer to DOC website for current alerts","introductionThumbnail":"https://www.doc.govt.nz/thumbs/large/link/27d17fdc5f604fa0bbd182660657cf6f.jpg","staticLink":"https://www.doc.govt.nz/link/0a7a573ec7fd4f659d15b88f497b17c0.aspx","locationString":"Ka Whata Tu o Rakihouia Clarence","x":1642465,"y":5322901,"assetId":100064243,"dateLoadedToGIS":"Tue, 05 Aug 2025 08:38:54 GMT","GlobalID":"75a0548e-d8db-4615-bd34-f8837400e5f0"}},{"type":"Feature","id":577444,"geometry":{"type":"Point","coordinates":[1144654,4935995]},"properties":{"OBJECTID":577444,"name":"Upper Spey Hut","place":"Fiordland National Park","region":"Fiordland","bookable":"No","facilities":"Heating, Mattresses, Toilets - non-flush, Water from tap - not treated, boil before use, Water supply","hasAlerts":"Refer to DOC website for current alerts","introductionThumbnail":"https://www.doc.govt.nz/thumbs/large/link/7d74a1be1b5945b0b5a6abeaaecae5c8.aspx","staticLink":"https://www.doc.govt.nz/link/ebae99df89d947f783a4bb4ec8cdb992.aspx","locationString":"Fiordland National Park","x":1144654,"y":4935995,"assetId":100057665,"dateLoadedToGIS":"Tue, 05 Aug 2025 08:38:54 GMT","GlobalID":"dd952067-c333-4b92-beae-09f82c75e1b5"}},{"type":"Feature","id":577445,"geometry":{"type":"Point","coordinates":[1601483,5476200]},"properties":{"OBJECTID":577445,"name":"Awaroa Hut","place":"Abel Tasman National Park","region":"Nelson/Tasman","bookable":"Yes","facilities":"Heating, Mattresses, Toilets - flush, Water from tap - not treated, boil before use, Water supply","hasAlerts":"Refer to DOC website for current alerts","introductionThumbnail":"https://www.doc.govt.nz/thumbs/large/link/bc0e22e457fe48fab83c2f11ca02e051.jpg","staticLink":"https://www.doc.govt.nz/link/fa959cd412db43108f99eb3a55b6e25a.aspx","locationString":"Abel Tasman National Park","x":1601483,"y":5476200,"assetId":100042865,"dateLoadedToGIS":"Tue, 05 Aug 2025 08:38:55 GMT","GlobalID":"6c105123-68c0-4e70-a52c-f692776735db"}},{"type":"Feature","id":577446,"geometry":{"type":"Point","coordinates":[1861254,5575875]},"properties":{"OBJECTID":577446,"name":"Iron Gate Hut","place":"Ruahine Forest Park","region":"Manawatu/Whanganui","bookable":"No","facilities":"Heating, Mattresses, Toilets - non-flush, Water from tap - not treated, boil before use, Water supply","hasAlerts":"Refer to DOC website for current alerts","introductionThumbnail":"https://www.doc.govt.nz/thumbs/large/link/7593af6992df49168731b502cdcefd17.aspx","staticLink":"https://www.doc.govt.nz/link/9b94a8eaa217412399b5185edf0cf63e.aspx","locationString":"Ruahine Forest Park","x":1861254,"y":5575875,"assetId":100132644,"dateLoadedToGIS":"Tue, 05 Aug 2025 08:38:55 GMT","GlobalID":"026488b8-9752-4258-b1a3-89e0664a288d"}},{"type":"Feature","id":577447,"geometry":{"type":"Point","coordinates":[1448126,5216752]},"properties":{"OBJECTID":577447,"name":"Mathias Hut","place":"Rangitata and Rakaia Rivers area","region":"Canterbury","bookable":"No","facilities":"Heating, Mattresses, Toilets - non-flush, Water from tap - not treated, boil before use, Water supply","hasAlerts":"Refer to DOC website for current alerts","introductionThumbnail":"https://www.doc.govt.nz/thumbs/large/link/9eb74587741e43748bed03a98b480316.jpg","staticLink":"https://www.doc.govt.nz/link/b5cbff7d96954ca19e1ff40dc07f4d61.aspx","locationString":"Rangitata and Rakaia Rivers area","x":1448126,"y":5216752,"assetId":100060746,"dateLoadedToGIS":"Tue, 05 Aug 2025 08:38:55 GMT","GlobalID":"f459a6cb-4200-4bbf-a192-383c263d5f64"}},{"type":"Feature","id":577448,"geometry":{"type":"Point","coordinates":[1199197,4920545]},"properties":{"OBJECTID":577448,"name":"Telford Hut","place":"Takitimu Conservation Area","region":"Southland","bookable":"No","facilities":"Heating, Mattresses, Toilets - non-flush, Water from stream, Water supply","hasAlerts":"Refer to DOC website for current alerts","introductionThumbnail":"https://www.doc.govt.nz/thumbs/large/link/6627b6e192364297bb362c846b94f8a2.jpg","staticLink":"https://www.doc.govt.nz/link/e25d1d04e6c949b4b6ba2cfe9ccfd919.aspx","locationString":"Takitimu Conservation Area","x":1199197,"y":4920545,"assetId":100042338,"dateLoadedToGIS":"Tue, 05 Aug 2025 08:38:55 GMT","GlobalID":"82870d2d-b470-4431-b057-6136e6dcc4b8"}},{"type":"Feature","id":577449,"geometry":{"type":"Point","coordinates":[1428799,5190233]},"properties":{"OBJECTID":577449,"name":"Lawrence Hut","place":"Rangitata and Rakaia Rivers area","region":"Canterbury","bookable":"No","facilities":"Heating, Mattresses, Toilets - non-flush, Water from tap - not treated, boil before use, Water supply","hasAlerts":"Refer to DOC website for current alerts","introductionThumbnail":"https://www.doc.govt.nz/thumbs/large/link/4135314fd167444cb966e8528db93608.aspx","staticLink":"https://www.doc.govt.nz/link/37e80ea218bb4d399137499e3d89c1da.aspx","locationString":"Rangitata and Rakaia Rivers area","x":1428799,"y":5190233,"assetId":100062416,"dateLoadedToGIS":"Tue, 05 Aug 2025 08:38:56 GMT","GlobalID":"4848524d-6f5b-408b-83c7-687ee36acfe6"}},{"type":"Feature","id":577450,"geometry":{"type":"Point","coordinates":[1812491,5481135]},"properties":{"OBJECTID":577450,"name":"Blue Range Hut","place":"Tararua Forest Park","region":"Wairarapa","bookable":"No","facilities":"Heating, Mattresses, Toilets - non-flush, Water from tap - not treated, boil before use, Water supply","hasAlerts":"Refer to DOC website for current alerts","introductionThumbnail":"https://www.doc.govt.nz/thumbs/large/link/1befdb20e5bc40c7a39bd9a2861e42dc.jpg","staticLink":"https://www.doc.govt.nz/link/f093cea49f274e008b7e48320fb3cbbf.aspx","locationString":"Tararua Forest Park","x":1812491,"y":5481135,"assetId":100063241,"dateLoadedToGIS":"Tue, 05 Aug 2025 08:38:56 GMT","GlobalID":"0051a038-534d-4208-8d62-96b56f85a539"}},{"type":"Feature","id":577451,"geometry":{"type":"Point","coordinates":[1218230,4806940]},"properties":{"OBJECTID":577451,"name":"Murray Hunters Hut","place":"Rakiura National Park","region":"Southland","bookable":"Yes","facilities":"Heating, Mattresses, Toilets - non-flush, Water from tap - not treated, boil before use, Water supply","hasAlerts":"Refer to DOC website for current alerts","introductionThumbnail":"https://www.doc.govt.nz/thumbs/large/link/5a15ab80a9804d5d9f6ae7617af3706f.aspx","staticLink":"https://www.doc.govt.nz/link/321e790e5d8e4b32b72f15f38e13d4bb.aspx","locationString":"Rakiura National Park","x":1218230,"y":4806940,"assetId":100098966,"dateLoadedToGIS":"Tue, 05 Aug 2025 08:38:56 GMT","GlobalID":"df75c5ca-8530-4613-870d-1fb754e5da45"}},{"type":"Feature","id":577452,"geometry":{"type":"Point","coordinates":[1672259,6103244]},"properties":{"OBJECTID":577452,"name":"Puketī Forest Hut","place":"Puketī and Omahuta Forests","region":"Northland","bookable":"Yes","facilities":"Cooking, Heating, Mattresses, Lighting, Toilets - non-flush, Water from tap - not treated, boil before use, Water supply","hasAlerts":"Refer to DOC website for current alerts","introductionThumbnail":"https://www.doc.govt.nz/thumbs/large/link/4f1692b9f59f4160af6a3b6cf6833521.jpg","staticLink":"https://www.doc.govt.nz/link/de31f23db252446cad29c2e6de41e3ef.aspx","locationString":"Puketī and Omahuta Forests","x":1672259,"y":6103244,"assetId":100074377,"dateLoadedToGIS":"Tue, 05 Aug 2025 08:38:56 GMT","GlobalID":"350bb4d8-ed18-4402-89de-59e066a7e543"}},{"type":"Feature","id":577453,"geometry":{"type":"Point","coordinates":[1395987,5057974]},"properties":{"OBJECTID":577453,"name":"Pearson Hut","place":"Kirkliston Range Conservation Area","region":"Canterbury","bookable":"No","facilities":"Mattresses, Toilets - non-flush, Water from stream, Water supply","hasAlerts":"Refer to DOC website for current alerts","introductionThumbnail":"https://www.doc.govt.nz/thumbs/large/link/b558db0f9cf845cd9e7723fc550e75f3.jpg","staticLink":"https://www.doc.govt.nz/link/731dadf143a54122ba6074d8bc435dce.aspx","locationString":"Kirkliston Range Conservation Area","x":1395987,"y":5057974,"assetId":100041790,"dateLoadedToGIS":"Tue, 05 Aug 2025 08:38:56 GMT","GlobalID":"562fa071-571f-4137-8d8b-085165816f15"}},{"type":"Feature","id":577454,"geometry":{"type":"Point","coordinates":[1312774.9392,5112111.5342]},"properties":{"OBJECTID":577454,"name":"Brewster Hut","place":"Makarora area","region":"Otago","bookable":"Yes","facilities":"Mattresses, Toilets - non-flush, Water from tap - not treated, boil before use, Water supply","hasAlerts":"Refer to DOC website for current alerts","introductionThumbnail":"https://www.doc.govt.nz/thumbs/large/link/4d6b929d31ca43d4957cf07a513380b3.jpg","staticLink":"https://www.doc.govt.nz/link/4696282a70644290aed8784edea0fa57.aspx","locationString":"Makarora area","x":1312775,"y":5112112,"assetId":100038838,"dateLoadedToGIS":"Tue, 05 Aug 2025 08:38:57 GMT","GlobalID":"396ffc69-e751-4dc4-ad07-8bbe331c22ef"}},{"type":"Feature","id":577455,"geometry":{"type":"Point","coordinates":[1421544,5221290]},"properties":{"OBJECTID":577455,"name":"Moonbeam Hut","place":"Waitaha River area","region":"West Coast","bookable":"No","facilities":"Mattresses, Toilets - non-flush, Water from tap - not treated, boil before use, Water supply","hasAlerts":"Refer to DOC website for current alerts","introductionThumbnail":"https://www.doc.govt.nz/thumbs/large/link/d6eb347fb3d441dc8cd059f8d9c9f9d8.jpg","staticLink":"https://www.doc.govt.nz/link/1635cedf635e4efdb2895fa9327a6dcb.aspx","locationString":"Waitaha River area","x":1421544,"y":5221290,"assetId":100033776,"dateLoadedToGIS":"Tue, 05 Aug 2025 08:38:57 GMT","GlobalID":"797d192c-478e-46bd-a32d-b227cbb3783e"}},{"type":"Feature","id":577456,"geometry":{"type":"Point","coordinates":[1526372,5327143]},"properties":{"OBJECTID":577456,"name":"Top Waitahu Bivvy","place":"Victoria Forest Park","region":"West Coast","bookable":"No","facilities":"Mattresses, Toilets - non-flush, Water from stream, Water supply","hasAlerts":"Refer to DOC website for current alerts","introductionThumbnail":"https://www.doc.govt.nz/thumbs/large/link/1fcbc1e5083b42d5aed3536627b975fa.jpg","staticLink":"https://www.doc.govt.nz/link/105a14e6cf5746c3928f0ee41fa4c31d.aspx","locationString":"Victoria Forest Park","x":1526372,"y":5327143,"assetId":100034330,"dateLoadedToGIS":"Tue, 05 Aug 2025 08:38:57 GMT","GlobalID":"0858a358-a844-4dd0-9f79-d1c543c7393b"}},{"type":"Feature","id":577457,"geometry":{"type":"Point","coordinates":[1918935,5697624]},"properties":{"OBJECTID":577457,"name":"Upper Whirinaki Hut","place":"Whirinaki Te Pua-a-Tāne Conservation Park","region":"East Coast","bookable":"No","facilities":"Heating, Mattresses, Toilets - non-flush, Water from tap - not treated, boil before use, Water supply","hasAlerts":"Refer to DOC website for current alerts","introductionThumbnail":"https://www.doc.govt.nz/thumbs/large/link/72324198cdb04d4ebcc37d87c3c24c27.jpg","staticLink":"https://www.doc.govt.nz/link/e929638cf645460292a5b55bd26e9427.aspx","locationString":"Whirinaki Te Pua-a-Tāne Conservation Park","x":1918935,"y":5697624,"assetId":100073680,"dateLoadedToGIS":"Tue, 05 Aug 2025 08:38:57 GMT","GlobalID":"96018634-0a00-4ef0-877c-c0366b638cf6"}},{"type":"Feature","id":577458,"geometry":{"type":"Point","coordinates":[1474069,5184104]},"properties":{"OBJECTID":577458,"name":"Cookies Hut","place":"Hakatere Conservation Park","region":"Canterbury","bookable":"No","facilities":"Heating, Mattresses, Toilets - non-flush, Water from stream, Water supply","hasAlerts":"Refer to DOC website for current alerts","introductionThumbnail":"https://www.doc.govt.nz/thumbs/large/link/d3fbbe36e2414583804fe8167d31b299.jpg","staticLink":"https://www.doc.govt.nz/link/6c95cd47052141ae88f432f20843ab7b.aspx","locationString":"Hakatere Conservation Park","x":1474069,"y":5184104,"assetId":100101767,"dateLoadedToGIS":"Tue, 05 Aug 2025 08:38:58 GMT","GlobalID":"63b8a3a3-1e31-4665-84a6-4eca046589e3"}},{"type":"Feature","id":577459,"geometry":{"type":"Point","coordinates":[1272805,5030437]},"properties":{"OBJECTID":577459,"name":"Roses Hut  ","place":"Wānaka area","region":"Otago","bookable":"No","facilities":"Mattresses, Toilets - non-flush, Water from tap - not treated, boil before use, Water supply","hasAlerts":"Refer to DOC website for current alerts","introductionThumbnail":"https://www.doc.govt.nz/thumbs/large/link/d92b23eccf2b44f687994a62f098690b.jpg","staticLink":"https://www.doc.govt.nz/link/242f58eff93d491eb1444d0b34ab80d3.aspx","locationString":"Wānaka area","x":1272805,"y":5030437,"assetId":100038369,"dateLoadedToGIS":"Tue, 05 Aug 2025 08:38:58 GMT","GlobalID":"dfeadbe7-d90d-420b-8268-b96a953d49e7"}},{"type":"Feature","id":577460,"geometry":{"type":"Point","coordinates":[1458531,5251174]},"properties":{"OBJECTID":577460,"name":"Newton Range Bivvy","place":"Kelly Range – Styx River area","region":"West Coast","bookable":"No","facilities":"Toilets - non-flush, Water from stream, Water supply","hasAlerts":"Refer to DOC website for current alerts","introductionThumbnail":"https://www.doc.govt.nz/images/no-photo/no-photo-220x140.jpg","staticLink":"https://www.doc.govt.nz/link/32701bc977584b76b32c5bff622e15ea.aspx","locationString":"Kelly Range – Styx River area","x":1458531,"y":5251174,"assetId":100033763,"dateLoadedToGIS":"Tue, 05 Aug 2025 08:38:58 GMT","GlobalID":"8431f28d-65b3-4233-9f6c-26d2ad94689c"}},{"type":"Feature","id":577461,"geometry":{"type":"Point","coordinates":[1579702,5337807]},"properties":{"OBJECTID":577461,"name":"Paske Hut","place":"Upper Wairau River area","region":"Nelson/Tasman","bookable":"No","facilities":"Heating, Mattresses, Toilets - non-flush, Water from stream, Water supply","hasAlerts":"Refer to DOC website for current alerts","introductionThumbnail":"https://www.doc.govt.nz/thumbs/large/link/862feb48c95e45349764629f95ee2d4a.aspx","staticLink":"https://www.doc.govt.nz/link/c33cad8709ec46d3add43bab5c1c84b8.aspx","locationString":"Upper Wairau River area","x":1579702,"y":5337807,"assetId":100035091,"dateLoadedToGIS":"Tue, 05 Aug 2025 08:38:58 GMT","GlobalID":"928cd3ad-119e-421b-a3f9-205c46767c23"}},{"type":"Feature","id":577462,"geometry":{"type":"Point","coordinates":[1566093,5460459]},"properties":{"OBJECTID":577462,"name":"Soper Shelter","place":"Kahurangi National Park","region":"Nelson/Tasman","bookable":"No","facilities":"Heating, Mattresses, Toilets - non-flush, Water from stream, Water supply","hasAlerts":"Refer to DOC website for current alerts","introductionThumbnail":"https://www.doc.govt.nz/thumbs/large/link/390fddc8e8194e2db471fd41e020aeef.jpg","staticLink":"https://www.doc.govt.nz/link/451f2d7ff2224df69eb30b88c1e3e887.aspx","locationString":"Kahurangi National Park","x":1566093,"y":5460459,"assetId":100102808,"dateLoadedToGIS":"Tue, 05 Aug 2025 08:38:58 GMT","GlobalID":"f00bf0d3-eedd-4882-bc74-baebcb732323"}},{"type":"Feature","id":577463,"geometry":{"type":"Point","coordinates":[1541719,5473642]},"properties":{"OBJECTID":577463,"name":"Saxon Hut","place":"Kahurangi National Park","region":"Nelson/Tasman","bookable":"Yes","facilities":"Cooking, Heating, Mattresses, Toilets - non-flush, Water from tap - not treated, boil before use, Water supply","hasAlerts":"Refer to DOC website for current alerts","introductionThumbnail":"https://www.doc.govt.nz/thumbs/large/link/9e4c6c979e234ebcb02be6f291b75186.aspx","staticLink":"https://www.doc.govt.nz/link/e0f74224da17469da64a8cd3ac4cc208.aspx","locationString":"Kahurangi National Park","x":1541719,"y":5473642,"assetId":100060081,"dateLoadedToGIS":"Tue, 05 Aug 2025 08:38:59 GMT","GlobalID":"36043989-3b2e-45da-b490-22734fc62c06"}},{"type":"Feature","id":577464,"geometry":{"type":"Point","coordinates":[1790022,5469022]},"properties":{"OBJECTID":577464,"name":"Field Hut","place":"Ōtaki Forks area","region":"Wellington/Kapiti","bookable":"No","facilities":"Heating, Mattresses, Toilets - non-flush, Water from tap - not treated, boil before use, Water supply","hasAlerts":"Refer to DOC website for current alerts","introductionThumbnail":"https://www.doc.govt.nz/thumbs/large/link/bbce062a7c4c4f18835b4f1a4ed4e076.jpg","staticLink":"https://www.doc.govt.nz/link/e057fc3ac9ae49c389ed7fd5879bb52f.aspx","locationString":"Ōtaki Forks area","x":1790022,"y":5469022,"assetId":100034797,"dateLoadedToGIS":"Tue, 05 Aug 2025 08:38:59 GMT","GlobalID":"4bad12eb-6971-46dc-bc3d-396400e54723"}},{"type":"Feature","id":577465,"geometry":{"type":"Point","coordinates":[1813192,5488077]},"properties":{"OBJECTID":577465,"name":"Roaring Stag Hut","place":"Tararua Forest Park","region":"Wairarapa","bookable":"No","facilities":"Heating, Mattresses, Toilets - non-flush, Water from tap - not treated, boil before use, Water supply","hasAlerts":"Refer to DOC website for current alerts","introductionThumbnail":"https://www.doc.govt.nz/thumbs/large/link/af5b6c091cdf450590c8d744a90a970d.JPG","staticLink":"https://www.doc.govt.nz/link/621448e7922f403e937f23b3e1340eed.aspx","locationString":"Tararua Forest Park","x":1813192,"y":5488077,"assetId":100038948,"dateLoadedToGIS":"Tue, 05 Aug 2025 08:38:59 GMT","GlobalID":"a90b5d2e-109e-42f8-80ce-79e970fe318e"}},{"type":"Feature","id":577466,"geometry":{"type":"Point","coordinates":[1844296,5847783]},"properties":{"OBJECTID":577466,"name":"Daly's Clearing Hut","place":"Kaimai Mamaku Conservation Park","region":"Bay of Plenty","bookable":"No","facilities":"Mattresses, Toilets - non-flush, Water from tap - not treated, boil before use, Water supply","hasAlerts":"Refer to DOC website for current alerts","introductionThumbnail":"https://www.doc.govt.nz/thumbs/large/link/9f5c47f5d4cf4a53a8e57d831e433b90.jpg","staticLink":"https://www.doc.govt.nz/link/0f9bb88f7c9547ad9286273b369d3e2f.aspx","locationString":"Kaimai Mamaku Conservation Park","x":1844296,"y":5847783,"assetId":100056174,"dateLoadedToGIS":"Tue, 05 Aug 2025 08:38:59 GMT","GlobalID":"9c779379-5d7a-473d-a2af-5d0495cfccb2"}},{"type":"Feature","id":577467,"geometry":{"type":"Point","coordinates":[1215485,4965859]},"properties":{"OBJECTID":577467,"name":"Kiwi Burn Hut","place":"Snowdon Forest Conservation Area","region":"Southland","bookable":"No","facilities":"Heating, Mattresses, Toilets - non-flush, Water from tap - not treated, boil before use, Water supply","hasAlerts":"Refer to DOC website for current alerts","introductionThumbnail":"https://www.doc.govt.nz/thumbs/large/link/c903389b5c074640b0e384cfb5e2a8ee.jpg","staticLink":"https://www.doc.govt.nz/link/cbed8342279e4cd0864e3eda1996a7bb.aspx","locationString":"Snowdon Forest Conservation Area","x":1215485,"y":4965859,"assetId":100061993,"dateLoadedToGIS":"Tue, 05 Aug 2025 08:38:59 GMT","GlobalID":"99e14038-f278-4f2b-bb6d-0c0f93471d58"}},{"type":"Feature","id":577468,"geometry":{"type":"Point","coordinates":[1256220,5035532]},"properties":{"OBJECTID":577468,"name":"Ballarat Hut - Flood Burn","place":"Skippers area","region":"Otago","bookable":"No","facilities":"Mattresses, Toilets - non-flush, Water from stream, Water supply","hasAlerts":"Refer to DOC website for current alerts","introductionThumbnail":"https://www.doc.govt.nz/thumbs/large/link/6c9663f51cbf40eaa3479b70743ac2d8.jpg","staticLink":"https://www.doc.govt.nz/link/3f9b64d21e1b4cec80ae4c99b8407c63.aspx","locationString":"Skippers area","x":1256220,"y":5035532,"assetId":100031576,"dateLoadedToGIS":"Tue, 05 Aug 2025 08:39:00 GMT","GlobalID":"be591932-321a-4606-bdad-9d0dd3abb2ef"}},{"type":"Feature","id":577469,"geometry":{"type":"Point","coordinates":[1868863,5580430]},"properties":{"OBJECTID":577469,"name":"Tarn Bivvy","place":"Ruahine Forest Park","region":"Hawke’s Bay","bookable":"No","facilities":"Mattresses, Toilets - non-flush, Water from tap - not treated, boil before use, Water supply","hasAlerts":"Refer to DOC website for current alerts","introductionThumbnail":"https://www.doc.govt.nz/thumbs/large/link/0d2e1d8516bd4b70aa8950b4e1945951.aspx","staticLink":"https://www.doc.govt.nz/link/1d5dfced92a64261b87b513692446a0e.aspx","locationString":"Ruahine Forest Park","x":1868863,"y":5580430,"assetId":100035199,"dateLoadedToGIS":"Tue, 05 Aug 2025 08:39:00 GMT","GlobalID":"51e88817-dd1a-46d3-9cd7-7a974bd481fd"}},{"type":"Feature","id":577470,"geometry":{"type":"Point","coordinates":[1398226,5176177]},"properties":{"OBJECTID":577470,"name":"Red Stag Hut","place":"Te Kahui Kaupeka Conservation Park","region":"Canterbury","bookable":"No","facilities":"Mattresses, Lighting, Toilets - non-flush, Water from tap - not treated, boil before use, Water supply","hasAlerts":"Refer to DOC website for current alerts","introductionThumbnail":"https://www.doc.govt.nz/thumbs/large/link/1e1c1ccfcd124796a1421b6e60838cde.jpg","staticLink":"https://www.doc.govt.nz/link/04f825b162244a938071fd6ebf955b2a.aspx","locationString":"Te Kahui Kaupeka Conservation Park","x":1398226,"y":5176177,"assetId":100057624,"dateLoadedToGIS":"Tue, 05 Aug 2025 08:39:00 GMT","GlobalID":"2b620dba-36f2-494d-b0ad-58c0f41a8572"}},{"type":"Feature","id":577471,"geometry":{"type":"Point","coordinates":[1894320,5656637]},"properties":{"OBJECTID":577471,"name":"Makino Hut","place":"Kaweka Forest Park","region":"Hawke’s Bay","bookable":"No","facilities":"Heating, Mattresses, Toilets - non-flush, Water from tap - not treated, boil before use, Water supply","hasAlerts":"Refer to DOC website for current alerts","introductionThumbnail":"https://www.doc.govt.nz/thumbs/large/link/63754c62ea204a4189af3d3dcff6079b.aspx","staticLink":"https://www.doc.govt.nz/link/25a66d7f6bc34a4abbcef03f1b2d2825.aspx","locationString":"Kaweka Forest Park","x":1894320,"y":5656637,"assetId":100055177,"dateLoadedToGIS":"Tue, 05 Aug 2025 08:39:00 GMT","GlobalID":"d22c5ad3-1545-48d0-9b0c-bb7c27f55f63"}},{"type":"Feature","id":577472,"geometry":{"type":"Point","coordinates":[1422640.4457,5229841.6872]},"properties":{"OBJECTID":577472,"name":"Polluck Creek Hut","place":"Mikonui River - Kakapotahi River area","region":"West Coast","bookable":"No","facilities":"Heating, Mattresses, Toilets - non-flush, Water from stream, Water supply","hasAlerts":"Refer to DOC website for current alerts","introductionThumbnail":"https://www.doc.govt.nz/images/no-photo/no-photo-220x140.jpg","staticLink":"https://www.doc.govt.nz/link/43be4bb265c740e4b242b3b09f0a9ac9.aspx","locationString":"Mikonui River - Kakapotahi River area","x":1422640,"y":5229842,"assetId":100033869,"dateLoadedToGIS":"Tue, 05 Aug 2025 08:39:00 GMT","GlobalID":"29f2dfe0-bee4-424b-931d-40681d76f0da"}},{"type":"Feature","id":577473,"geometry":{"type":"Point","coordinates":[1242801,5118901]},"properties":{"OBJECTID":577473,"name":"Stafford Hut","place":"Jackson Bay - Gorge River area","region":"West Coast","bookable":"No","facilities":"Heating, Mattresses, Toilets - non-flush, Water from tap - not treated, boil before use, Water supply","hasAlerts":"Refer to DOC website for current alerts","introductionThumbnail":"https://www.doc.govt.nz/thumbs/large/link/235ec41f65f94a8cb1bd878611e79a78.jpg","staticLink":"https://www.doc.govt.nz/link/ccf1b6e114fc4b0a89541d8da5eefbd7.aspx","locationString":"Jackson Bay - Gorge River area","x":1242801,"y":5118901,"assetId":100081587,"dateLoadedToGIS":"Tue, 05 Aug 2025 08:39:01 GMT","GlobalID":"33e24df2-4d77-4f43-926f-25ce9b9fd2fa"}},{"type":"Feature","id":577474,"geometry":{"type":"Point","coordinates":[1765313,5421260]},"properties":{"OBJECTID":577474,"name":"Raukawa Lodge","place":"Catchpool Valley & Ōrongorongo Valley","region":"Wellington/Kapiti","bookable":"Yes","facilities":"Cooking, Heating, Mattresses, Toilets - flush","hasAlerts":"Refer to DOC website for current alerts","introductionThumbnail":"https://www.doc.govt.nz/thumbs/large/link/9e3a938fb046412386572cb9a7d87503.aspx","staticLink":"https://www.doc.govt.nz/link/64c759a7e7004e529dfef73fbab0fc45.aspx","locationString":"Catchpool Valley & Ōrongorongo Valley","x":1765313,"y":5421260,"assetId":100060765,"dateLoadedToGIS":"Tue, 05 Aug 2025 08:39:01 GMT","GlobalID":"4bf9a311-b3bf-450d-a54c-380671776d9d"}},{"type":"Feature","id":577475,"geometry":{"type":"Point","coordinates":[1798612,5475614]},"properties":{"OBJECTID":577475,"name":"Anderson Memorial Hut","place":"Tararua Forest Park","region":"Wellington/Kapiti","bookable":"No","facilities":"Heating, Mattresses, Toilets - non-flush, Water from tap - not treated, boil before use, Water supply","hasAlerts":"Refer to DOC website for current alerts","introductionThumbnail":"https://www.doc.govt.nz/thumbs/large/link/f072360b62d74378976b72a4546065bc.jpg","staticLink":"https://www.doc.govt.nz/link/0ddef54a7857433e897ac3388571f8db.aspx","locationString":"Tararua Forest Park","x":1798612,"y":5475614,"assetId":100034811,"dateLoadedToGIS":"Tue, 05 Aug 2025 08:39:01 GMT","GlobalID":"5934341e-b515-41dd-9da1-0d9d22e3e4bb"}},{"type":"Feature","id":577476,"geometry":{"type":"Point","coordinates":[1531147,5249776]},"properties":{"OBJECTID":577476,"name":"Anderson's Hut","place":"Lochinvar Forest Conservation Area","region":"Canterbury","bookable":"No","facilities":"Heating, Toilets - non-flush, Water from stream, Water supply","hasAlerts":"Refer to DOC website for current alerts","introductionThumbnail":"https://www.doc.govt.nz/images/no-photo/no-photo-220x140.jpg","staticLink":"https://www.doc.govt.nz/link/52a30e3540fc4486b9bed5ed260f5697.aspx","locationString":"Lochinvar Forest Conservation Area","x":1531147,"y":5249776,"assetId":100034516,"dateLoadedToGIS":"Tue, 05 Aug 2025 08:39:01 GMT","GlobalID":"cb4bd645-fd33-4259-a404-a99cc88977dc"}},{"type":"Feature","id":577477,"geometry":{"type":"Point","coordinates":[1572686,5357484]},"properties":{"OBJECTID":577477,"name":"Mount Misery Hut","place":"Nelson Lakes National Park","region":"Nelson/Tasman","bookable":"No","facilities":"Mattresses, Toilets - non-flush, Water from stream, Water supply","hasAlerts":"Refer to DOC website for current alerts","introductionThumbnail":"https://www.doc.govt.nz/thumbs/large/link/4138b9632b3b4f2cb5c56e798707c45e.aspx","staticLink":"https://www.doc.govt.nz/link/c2d0fb1f0c384021bb0aacae81dd2cdd.aspx","locationString":"Nelson Lakes National Park","x":1572686,"y":5357484,"assetId":100064126,"dateLoadedToGIS":"Tue, 05 Aug 2025 08:39:01 GMT","GlobalID":"4d609162-8a6d-47c0-b60f-a0a590379d23"}},{"type":"Feature","id":577478,"geometry":{"type":"Point","coordinates":[1367669,5169106]},"properties":{"OBJECTID":577478,"name":"Empress Hut","place":"Aoraki/Mount Cook National Park","region":"Canterbury","bookable":"No","facilities":"Mattresses, Lighting, Toilets - non-flush, Water from tap - not treated, boil before use, Water supply","hasAlerts":"Refer to DOC website for current alerts","introductionThumbnail":"https://www.doc.govt.nz/thumbs/large/link/f006945231f6438c9caba1195c85b432.aspx","staticLink":"https://www.doc.govt.nz/link/9fabebbbdb81409bbbdac83f63a7206c.aspx","locationString":"Aoraki/Mount Cook National Park","x":1367669,"y":5169106,"assetId":100075442,"dateLoadedToGIS":"Tue, 05 Aug 2025 08:39:02 GMT","GlobalID":"eb11379f-c667-4ec2-b78a-bb775734208b"}},{"type":"Feature","id":577479,"geometry":{"type":"Point","coordinates":[1481628,5261369]},"properties":{"OBJECTID":577479,"name":"Carroll Hut","place":"Arthur's Pass National Park","region":"West Coast","bookable":"No","facilities":"Mattresses, Toilets - non-flush, Water from stream, Water supply","hasAlerts":"Refer to DOC website for current alerts","introductionThumbnail":"https://www.doc.govt.nz/thumbs/large/link/f6034a9d2a3b4f1f8d709ab41943b607.jpg","staticLink":"https://www.doc.govt.nz/link/dfd8f1636e7a4aa89c9189a2b98d4311.aspx","locationString":"Arthur's Pass National Park","x":1481628,"y":5261369,"assetId":100061936,"dateLoadedToGIS":"Tue, 05 Aug 2025 08:39:02 GMT","GlobalID":"c92d7cf8-10f9-4e06-9643-e7f6fd10b1e6"}},{"type":"Feature","id":577480,"geometry":{"type":"Point","coordinates":[1517169,5333135]},"properties":{"OBJECTID":577480,"name":"Montgomerie Hut","place":"Victoria Forest Park","region":"West Coast","bookable":"No","facilities":"Heating, Mattresses, Toilets - non-flush, Water from stream, Water supply","hasAlerts":"Refer to DOC website for current alerts","introductionThumbnail":"https://www.doc.govt.nz/thumbs/large/link/1a71e4052e034e2d81f86371461071c6.jpg","staticLink":"https://www.doc.govt.nz/link/07d1564991234119b139ed65c93054e6.aspx","locationString":"Victoria Forest Park","x":1517169,"y":5333135,"assetId":100075317,"dateLoadedToGIS":"Tue, 05 Aug 2025 08:39:02 GMT","GlobalID":"7d1b19f8-5380-48ac-8740-31e2152f42fa"}},{"type":"Feature","id":577481,"geometry":{"type":"Point","coordinates":[1568363,5306206]},"properties":{"OBJECTID":577481,"name":"Pool Hut","place":"St James Conservation Area","region":"Canterbury","bookable":"No","facilities":"Toilets - non-flush, Water from stream, Water supply","hasAlerts":"Refer to DOC website for current alerts","introductionThumbnail":"https://www.doc.govt.nz/thumbs/large/link/72a0e04299904bba82a18ea612928deb.jpg","staticLink":"https://www.doc.govt.nz/link/3c793fa136a9479ebcbb57039c594083.aspx","locationString":"St James Conservation Area","x":1568363,"y":5306206,"assetId":100085931,"dateLoadedToGIS":"Tue, 05 Aug 2025 08:39:02 GMT","GlobalID":"ad5ea615-ed67-41b2-94f6-bc5e246319d8"}},{"type":"Feature","id":577482,"geometry":{"type":"Point","coordinates":[1203899,4864030]},"properties":{"OBJECTID":577482,"name":"Martin's Hut","place":"Longwood Forest Conservation Area","region":"Southland","bookable":"No","facilities":"Heating, Toilets - non-flush, Water from tap - not treated, boil before use, Water supply","hasAlerts":"Refer to DOC website for current alerts","introductionThumbnail":"https://www.doc.govt.nz/thumbs/large/link/12772d39fde64817a51fdb69a0485bcf.aspx","staticLink":"https://www.doc.govt.nz/link/34a4ca458e6941ed82c08ae16cde8784.aspx","locationString":"Longwood Forest Conservation Area","x":1203899,"y":4864030,"assetId":100072022,"dateLoadedToGIS":"Tue, 05 Aug 2025 08:39:03 GMT","GlobalID":"7287c554-9603-4b63-9f4a-5b4c52fe3d7e"}},{"type":"Feature","id":577483,"geometry":{"type":"Point","coordinates":[1322474,5081986]},"properties":{"OBJECTID":577483,"name":"Cotters Hut","place":"Hāwea Conservation Park","region":"Otago","bookable":"No","facilities":"Heating, Mattresses, Toilets - non-flush, Water from stream, Water supply","hasAlerts":"Refer to DOC website for current alerts","introductionThumbnail":"https://www.doc.govt.nz/thumbs/large/link/74565987b08944999a283c9efd814f53.jpg","staticLink":"https://www.doc.govt.nz/link/7b3a5934833b4b87ba068f912b4775b6.aspx","locationString":"Hāwea Conservation Park","x":1322474,"y":5081986,"assetId":100059475,"dateLoadedToGIS":"Tue, 05 Aug 2025 08:39:03 GMT","GlobalID":"d143510f-ee0d-4e1e-858c-cdac4cd16902"}},{"type":"Feature","id":577484,"geometry":{"type":"Point","coordinates":[1783688,5792855]},"properties":{"OBJECTID":577484,"name":"Pāhautea Hut","place":"Pirongia Forest Park","region":"Waikato","bookable":"Yes","facilities":"Mattresses, Toilets - non-flush, Water from tap - not treated, boil before use, Water supply","hasAlerts":"Refer to DOC website for current alerts","introductionThumbnail":"https://www.doc.govt.nz/thumbs/large/link/0a4afd999f974de38ccb8eaa3a5bd62e.jpg","staticLink":"https://www.doc.govt.nz/link/63ba58f15d1a4c848010e394df13a84e.aspx","locationString":"Pirongia Forest Park","x":1783688,"y":5792855,"assetId":100097715,"dateLoadedToGIS":"Tue, 05 Aug 2025 08:39:03 GMT","GlobalID":"e0da28a6-1fbc-4ea9-bf04-8b6468631eb8"}},{"type":"Feature","id":577485,"geometry":{"type":"Point","coordinates":[1562345,5416493.2661]},"properties":{"OBJECTID":577485,"name":"John Reid Hut","place":"Kahurangi National Park","region":"Nelson/Tasman","bookable":"No","facilities":"Heating, Mattresses, Toilets - non-flush, Water from stream, Water supply","hasAlerts":"Refer to DOC website for current alerts","introductionThumbnail":"https://www.doc.govt.nz/thumbs/large/link/0f8a918763934c37b25983c599cec8bf.jpg","staticLink":"https://www.doc.govt.nz/link/f6193fb61007477a8a7e172e0a6d4483.aspx","locationString":"Kahurangi National Park","x":1562345,"y":5416493,"assetId":100060104,"dateLoadedToGIS":"Tue, 05 Aug 2025 08:39:03 GMT","GlobalID":"6259beed-d884-4338-9ee5-7921247e0513"}},{"type":"Feature","id":577486,"geometry":{"type":"Point","coordinates":[1283943,5082498]},"properties":{"OBJECTID":577486,"name":"Albert Burn Hut","place":"Albert Burn Conservation Area","region":"Otago","bookable":"No","facilities":"Heating, Mattresses, Toilets - non-flush, Water from tap - not treated, boil before use, Water supply","hasAlerts":"Refer to DOC website for current alerts","introductionThumbnail":"https://www.doc.govt.nz/thumbs/large/link/106ed720f4b44bbab1e2d5f93e7f8c27.jpg","staticLink":"https://www.doc.govt.nz/link/7d3802d4dde34f5e96895bbfa4379d54.aspx","locationString":"Albert Burn Conservation Area","x":1283943,"y":5082498,"assetId":100059331,"dateLoadedToGIS":"Tue, 05 Aug 2025 08:39:03 GMT","GlobalID":"e0a682c7-7a06-4b19-bc51-f661e7a45117"}},{"type":"Feature","id":577487,"geometry":{"type":"Point","coordinates":[1962379,5742484]},"properties":{"OBJECTID":577487,"name":"Otapukawa Hut","place":"Te Urewera","region":"East Coast","bookable":"No","facilities":"Heating, Mattresses, Toilets - non-flush, Water from tap - not treated, boil before use, Water supply","hasAlerts":"Refer to DOC website for current alerts","introductionThumbnail":"https://www.doc.govt.nz/images/no-photo/no-photo-220x140.jpg","staticLink":"https://www.doc.govt.nz/link/8e30ec824e3f42c3b8da383e3928f491.aspx","locationString":"Te Urewera","x":1962379,"y":5742484,"assetId":100065464,"dateLoadedToGIS":"Tue, 05 Aug 2025 08:39:04 GMT","GlobalID":"35711bf5-cd4a-4200-8ac6-8c532db1ce39"}},{"type":"Feature","id":577488,"geometry":{"type":"Point","coordinates":[1469905,5261669]},"properties":{"OBJECTID":577488,"name":"Rocky Creek Hut","place":"Kelly Range – Styx River area","region":"West Coast","bookable":"No","facilities":"Mattresses, Toilets - non-flush, Water from stream, Water supply","hasAlerts":"Refer to DOC website for current alerts","introductionThumbnail":"https://www.doc.govt.nz/thumbs/large/link/da064a1693734dad93f7803051b411fb.jpg","staticLink":"https://www.doc.govt.nz/link/ea00cff619434852813bae20f7f892cf.aspx","locationString":"Kelly Range – Styx River area","x":1469905,"y":5261669,"assetId":100054666,"dateLoadedToGIS":"Tue, 05 Aug 2025 08:39:04 GMT","GlobalID":"ac4c63f9-ed97-4c06-a546-a9a39110d113"}},{"type":"Feature","id":577489,"geometry":{"type":"Point","coordinates":[1542961,5398873]},"properties":{"OBJECTID":577489,"name":"Larrikin Creek Hut","place":"Kahurangi National Park","region":"Nelson/Tasman","bookable":"No","facilities":"Heating, Mattresses, Toilets - non-flush, Water from tap - not treated, boil before use, Water supply","hasAlerts":"Refer to DOC website for current alerts","introductionThumbnail":"https://www.doc.govt.nz/thumbs/large/link/7b9f917bff3e432fbafdd7c69aa1ec18.jpg","staticLink":"https://www.doc.govt.nz/link/826771b5e20e4548901a0a8540971291.aspx","locationString":"Kahurangi National Park","x":1542961,"y":5398873,"assetId":100060140,"dateLoadedToGIS":"Tue, 05 Aug 2025 08:39:04 GMT","GlobalID":"446038c5-1b1f-4c7f-958b-ddc2ecfb45e5"}},{"type":"Feature","id":577490,"geometry":{"type":"Point","coordinates":[1192427,5010419]},"properties":{"OBJECTID":577490,"name":"Worsley Hut","place":"Fiordland National Park","region":"Fiordland","bookable":"No","facilities":"Heating, Mattresses, Toilets - non-flush, Water from tap - not treated, boil before use, Water supply","hasAlerts":"Refer to DOC website for current alerts","introductionThumbnail":"https://www.doc.govt.nz/thumbs/large/link/c97e40d44df54489a28e15c981dd960d.jpg","staticLink":"https://www.doc.govt.nz/link/278b956ad1b941b6b9116504143a76fb.aspx","locationString":"Fiordland National Park","x":1192427,"y":5010419,"assetId":100071870,"dateLoadedToGIS":"Tue, 05 Aug 2025 08:39:04 GMT","GlobalID":"e4771aa7-e2ee-4465-905b-8b72f7d33493"}},{"type":"Feature","id":577491,"geometry":{"type":"Point","coordinates":[1302021,5075128]},"properties":{"OBJECTID":577491,"name":"Sawyer Burn Hut","place":"Hāwea Conservation Park","region":"Otago","bookable":"No","facilities":"Water from stream, Water supply","hasAlerts":"Refer to DOC website for current alerts","introductionThumbnail":"https://www.doc.govt.nz/thumbs/large/link/6ca99b9b501145a9ac87e1cc425b0bd7.aspx","staticLink":"https://www.doc.govt.nz/link/d69c7004679a4412963e184452899367.aspx","locationString":"Hāwea Conservation Park","x":1302021,"y":5075128,"assetId":100042165,"dateLoadedToGIS":"Tue, 05 Aug 2025 08:39:04 GMT","GlobalID":"cc6a0412-6600-4d73-8049-8a0189b0dcdc"}},{"type":"Feature","id":577492,"geometry":{"type":"Point","coordinates":[1859799,5558011]},"properties":{"OBJECTID":577492,"name":"Stanfield Hut","place":"Ruahine Forest Park","region":"Hawke’s Bay","bookable":"No","facilities":"Cooking, Toilets - non-flush, Water from tap - not treated, boil before use, Water supply","hasAlerts":"Refer to DOC website for current alerts","introductionThumbnail":"https://www.doc.govt.nz/thumbs/large/link/3575ac82e94c47a0bb2ef2e7dcdc0012.aspx","staticLink":"https://www.doc.govt.nz/link/89db12db33484ab48ccebc26868c0e78.aspx","locationString":"Ruahine Forest Park","x":1859799,"y":5558011,"assetId":100055422,"dateLoadedToGIS":"Tue, 05 Aug 2025 08:39:05 GMT","GlobalID":"c59b97ed-2e0c-494e-bff7-97973c3fbf10"}},{"type":"Feature","id":577493,"geometry":{"type":"Point","coordinates":[1288726,5018801]},"properties":{"OBJECTID":577493,"name":"Meg Hut","place":"Pisa Conservation Area","region":"Otago","bookable":"No","facilities":"Heating, Mattresses, Toilets - non-flush, Water from stream, Water supply","hasAlerts":"Refer to DOC website for current alerts","introductionThumbnail":"https://www.doc.govt.nz/thumbs/large/link/c55cdd59b0964ab1afcdf64966a49cf4.jpg","staticLink":"https://www.doc.govt.nz/link/bfb1d5845fc24baf9cb127446016e34b.aspx","locationString":"Pisa Conservation Area","x":1288726,"y":5018801,"assetId":100060707,"dateLoadedToGIS":"Tue, 05 Aug 2025 08:39:05 GMT","GlobalID":"aab95322-679c-4f56-9a56-bf1b2f476240"}},{"type":"Feature","id":577494,"geometry":{"type":"Point","coordinates":[1439419,5196509]},"properties":{"OBJECTID":577494,"name":"Cameron Hut","place":"Hakatere Conservation Park","region":"Canterbury","bookable":"No","facilities":"Mattresses, Lighting, Toilets - non-flush, Water from tap - not treated, boil before use, Water supply","hasAlerts":"Refer to DOC website for current alerts","introductionThumbnail":"https://www.doc.govt.nz/thumbs/large/link/60bc521ed3184bb2b56125343489b7cc.jpg","staticLink":"https://www.doc.govt.nz/link/be5caa62cc804436aa11aeba5392acc4.aspx","locationString":"Hakatere Conservation Park","x":1439419,"y":5196509,"assetId":100060749,"dateLoadedToGIS":"Tue, 05 Aug 2025 08:39:05 GMT","GlobalID":"700fa8ff-3623-441a-8320-76885cb2ac7f"}},{"type":"Feature","id":577495,"geometry":{"type":"Point","coordinates":[1860484,5563850]},"properties":{"OBJECTID":577495,"name":"Ngamoko Hut","place":"Ruahine Forest Park","region":"Manawatu/Whanganui","bookable":"No","facilities":"Heating, Mattresses, Toilets - non-flush, Water from tap - not treated, boil before use, Water supply","hasAlerts":"Refer to DOC website for current alerts","introductionThumbnail":"https://www.doc.govt.nz/thumbs/large/link/097f6eb3723b4031ab20b63e86194bd8.aspx","staticLink":"https://www.doc.govt.nz/link/ea5b09765440466da803b9cbfed47b07.aspx","locationString":"Ruahine Forest Park","x":1860484,"y":5563850,"assetId":100072834,"dateLoadedToGIS":"Tue, 05 Aug 2025 08:39:05 GMT","GlobalID":"3b34fba1-d472-4e3e-ab73-579e45af4ce7"}},{"type":"Feature","id":577496,"geometry":{"type":"Point","coordinates":[1291415,4986413]},"properties":{"OBJECTID":577496,"name":"Old Woman Hut","place":"Kopuwai Conservation Area","region":"Otago","bookable":"No","facilities":"Heating, Mattresses, Toilets - non-flush, Water from stream, Water supply","hasAlerts":"Refer to DOC website for current alerts","introductionThumbnail":"https://www.doc.govt.nz/thumbs/large/link/15e71953f8e44696a40876f6c1b3afcd.jpg","staticLink":"https://www.doc.govt.nz/link/5eaccc673faa4259a41917c47a5a1b95.aspx","locationString":"Kopuwai Conservation Area","x":1291415,"y":4986413,"assetId":100042893,"dateLoadedToGIS":"Tue, 05 Aug 2025 08:39:05 GMT","GlobalID":"e6dbbba2-53b8-420f-98ea-41a9f24d3e14"}},{"type":"Feature","id":577497,"geometry":{"type":"Point","coordinates":[1522189,5216782]},"properties":{"OBJECTID":577497,"name":"Wharfedale Hut","place":"Oxford Forest Conservation Area","region":"Canterbury","bookable":"No","facilities":"Heating, Mattresses, Toilets - non-flush, Water from stream, Water supply","hasAlerts":"Refer to DOC website for current alerts","introductionThumbnail":"https://www.doc.govt.nz/thumbs/large/link/26fe47a6cead43ef92c7128d27652c9b.jpg","staticLink":"https://www.doc.govt.nz/link/ef145317bdaf4808b95b710a2021f045.aspx","locationString":"Oxford Forest Conservation Area","x":1522189,"y":5216782,"assetId":100061399,"dateLoadedToGIS":"Tue, 05 Aug 2025 08:39:06 GMT","GlobalID":"d35b0fe6-0240-4e8e-a9f5-65b0bd0431c9"}},{"type":"Feature","id":577498,"geometry":{"type":"Point","coordinates":[1504246,5267415]},"properties":{"OBJECTID":577498,"name":"Locke Stream Hut","place":"Arthur's Pass National Park","region":"West Coast","bookable":"No","facilities":"Heating, Mattresses, Toilets - non-flush, Water from stream, Water supply","hasAlerts":"Refer to DOC website for current alerts","introductionThumbnail":"https://www.doc.govt.nz/thumbs/large/link/cc565572e4b8431c8c131e06d11401b7.jpg","staticLink":"https://www.doc.govt.nz/link/e91a86acf13b4d3f9c500dfdcff98293.aspx","locationString":"Arthur's Pass National Park","x":1504246,"y":5267415,"assetId":100075784,"dateLoadedToGIS":"Tue, 05 Aug 2025 08:39:06 GMT","GlobalID":"b3055882-766c-4df6-a31d-6ab78ba04f20"}},{"type":"Feature","id":577499,"geometry":{"type":"Point","coordinates":[1226491,5008244]},"properties":{"OBJECTID":577499,"name":"Greenstone Hut","place":"Greenstone and Caples Conservation Areas","region":"Otago","bookable":"Yes","facilities":"Heating, Mattresses, Toilets - flush, Water from tap - not treated, boil before use, Water supply","hasAlerts":"Refer to DOC website for current alerts","introductionThumbnail":"https://www.doc.govt.nz/thumbs/large/link/c0bb106246ef480ca79f829c7b018ddd.jpg","staticLink":"https://www.doc.govt.nz/link/6046aa0f0dbc46438ad03f376b189eee.aspx","locationString":"Greenstone and Caples Conservation Areas","x":1226491,"y":5008244,"assetId":100074854,"dateLoadedToGIS":"Tue, 05 Aug 2025 08:39:06 GMT","GlobalID":"3687a35a-09a8-4447-be7d-08bedc330b26"}},{"type":"Feature","id":577500,"geometry":{"type":"Point","coordinates":[1559019,5435279]},"properties":{"OBJECTID":577500,"name":"Karamea Bend Hut","place":"Kahurangi National Park","region":"Nelson/Tasman","bookable":"No","facilities":"Heating, Mattresses, Toilets - non-flush, Water from tap - not treated, boil before use, Water supply","hasAlerts":"Refer to DOC website for current alerts","introductionThumbnail":"https://www.doc.govt.nz/thumbs/large/link/83d199614859430fa7a5c1c2a013e554.aspx","staticLink":"https://www.doc.govt.nz/link/df481809de494cf1a49c930d2e929e04.aspx","locationString":"Kahurangi National Park","x":1559019,"y":5435279,"assetId":100040089,"dateLoadedToGIS":"Tue, 05 Aug 2025 08:39:06 GMT","GlobalID":"ed8f31b6-848c-4f0b-9421-a3ecbd104587"}},{"type":"Feature","id":577501,"geometry":{"type":"Point","coordinates":[1472807,5254660]},"properties":{"OBJECTID":577501,"name":"Mid Taipo Hut","place":"Kelly Range – Styx River area","region":"West Coast","bookable":"No","facilities":"Heating, Mattresses, Toilets - non-flush, Water from tap - not treated, boil before use, Water supply","hasAlerts":"Refer to DOC website for current alerts","introductionThumbnail":"https://www.doc.govt.nz/thumbs/large/link/fbf0f523598547308200313e2b5d1cbd.jpg","staticLink":"https://www.doc.govt.nz/link/cc7a52d882ae4c469dfe293547fbc010.aspx","locationString":"Kelly Range – Styx River area","x":1472807,"y":5254660,"assetId":100059348,"dateLoadedToGIS":"Tue, 05 Aug 2025 08:39:07 GMT","GlobalID":"d557a75f-abc8-420a-8044-27ca755485ad"}},{"type":"Feature","id":577502,"geometry":{"type":"Point","coordinates":[1505424,5217451]},"properties":{"OBJECTID":577502,"name":"Broken River Hut","place":"Korowai/Torlesse Tussocklands Park","region":"Canterbury","bookable":"No","facilities":"Heating, Mattresses, Toilets - non-flush, Water from stream, Water supply","hasAlerts":"Refer to DOC website for current alerts","introductionThumbnail":"https://www.doc.govt.nz/thumbs/large/link/df275a98feec43c2b7577bfcbddd8fdf.jpg","staticLink":"https://www.doc.govt.nz/link/c16df2ee4f884872956278a96587671f.aspx","locationString":"Korowai/Torlesse Tussocklands Park","x":1505424,"y":5217451,"assetId":100059546,"dateLoadedToGIS":"Tue, 05 Aug 2025 08:39:07 GMT","GlobalID":"a7dcd320-ada7-4531-af01-70f615a06dea"}},{"type":"Feature","id":577503,"geometry":{"type":"Point","coordinates":[1625874,5329353]},"properties":{"OBJECTID":577503,"name":"Lake Mcrae Hut","place":"Molesworth Recreation Reserve","region":"Marlborough","bookable":"No","facilities":"Heating, Mattresses, Toilets - non-flush, Water from stream, Water supply","hasAlerts":"Refer to DOC website for current alerts","introductionThumbnail":"https://www.doc.govt.nz/thumbs/large/link/67de7a13ac81470f97865e7a4311b739.aspx","staticLink":"https://www.doc.govt.nz/link/7815e329ae93443db7dba50487ba328c.aspx","locationString":"Molesworth Recreation Reserve","x":1625874,"y":5329353,"assetId":100061543,"dateLoadedToGIS":"Tue, 05 Aug 2025 08:39:07 GMT","GlobalID":"5bc5a953-cb55-4496-8f00-5d4a943797ad"}},{"type":"Feature","id":577504,"geometry":{"type":"Point","coordinates":[1585312,5368336]},"properties":{"OBJECTID":577504,"name":"Bushline Hut","place":"Nelson Lakes National Park","region":"Nelson/Tasman","bookable":"Yes","facilities":"Heating, Mattresses, Toilets - non-flush, Water from tap - not treated, boil before use, Water supply","hasAlerts":"Refer to DOC website for current alerts","introductionThumbnail":"https://www.doc.govt.nz/thumbs/large/link/e748871ef07b45939173ce157ca124f5.aspx","staticLink":"https://www.doc.govt.nz/link/2299960bc81c42ada215cb48204703ae.aspx","locationString":"Nelson Lakes National Park","x":1585312,"y":5368336,"assetId":100064358,"dateLoadedToGIS":"Tue, 05 Aug 2025 08:39:07 GMT","GlobalID":"ce28493b-1022-4bde-b8bc-4d624edefdbe"}},{"type":"Feature","id":577505,"geometry":{"type":"Point","coordinates":[1381982,5029195]},"properties":{"OBJECTID":577505,"name":"Tailings Hut","place":"Oteake Conservation Park","region":"Otago","bookable":"No","facilities":"Heating, Mattresses, Toilets - non-flush, Water from stream, Water supply","hasAlerts":"Refer to DOC website for current alerts","introductionThumbnail":"https://www.doc.govt.nz/thumbs/large/link/c2799135bb8d44b9bd20f266e7d02a10.aspx","staticLink":"https://www.doc.govt.nz/link/2504555006254b6c96493e193b73b56a.aspx","locationString":"Oteake Conservation Park","x":1381982,"y":5029195,"assetId":100082270,"dateLoadedToGIS":"Tue, 05 Aug 2025 08:39:07 GMT","GlobalID":"3c806daf-bc3c-4801-9717-603ddd54d24c"}},{"type":"Feature","id":577506,"geometry":{"type":"Point","coordinates":[1164728,4914513]},"properties":{"OBJECTID":577506,"name":"Green Lake Hut","place":"Fiordland National Park","region":"Fiordland","bookable":"No","facilities":"Heating, Mattresses, Toilets - non-flush, Water from tap - not treated, boil before use, Water supply","hasAlerts":"Refer to DOC website for current alerts","introductionThumbnail":"https://www.doc.govt.nz/thumbs/large/link/4838ce4382e44db88790dd047b796d53.jpg","staticLink":"https://www.doc.govt.nz/link/69b1ff9fd03740eaa4499728607ca743.aspx","locationString":"Fiordland National Park","x":1164728,"y":4914513,"assetId":100074443,"dateLoadedToGIS":"Tue, 05 Aug 2025 08:39:08 GMT","GlobalID":"cde9a6e2-ea9d-4aa5-b1e5-8fb16c26777c"}},{"type":"Feature","id":577507,"geometry":{"type":"Point","coordinates":[1403028,5194481]},"properties":{"OBJECTID":577507,"name":"Scone Hut","place":"Whataroa area","region":"West Coast","bookable":"No","facilities":"Heating, Mattresses, Toilets - non-flush, Water from tap - not treated, boil before use, Water supply","hasAlerts":"Refer to DOC website for current alerts","introductionThumbnail":"https://www.doc.govt.nz/thumbs/large/link/bf96e214e637486e930cc3a5fc35cbb3.jpg","staticLink":"https://www.doc.govt.nz/link/e8f07d30049c482a973e6251355d3412.aspx","locationString":"Whataroa area","x":1403028,"y":5194481,"assetId":100000538,"dateLoadedToGIS":"Tue, 05 Aug 2025 08:39:08 GMT","GlobalID":"637cc46c-4ec6-4a9b-855e-d71fdca01701"}},{"type":"Feature","id":577508,"geometry":{"type":"Point","coordinates":[1885665,5616151]},"properties":{"OBJECTID":577508,"name":"Ruahine Hut","place":"Ruahine Forest Park","region":"Hawke’s Bay","bookable":"No","facilities":"Heating, Mattresses, Toilets - non-flush, Water from tap - not treated, boil before use, Water supply","hasAlerts":"Refer to DOC website for current alerts","introductionThumbnail":"https://www.doc.govt.nz/thumbs/large/link/ceccd0da64924171aadd3e8ebc363a5c.jpg","staticLink":"https://www.doc.govt.nz/link/c451adfb9612429886f96de955fdb033.aspx","locationString":"Ruahine Forest Park","x":1885665,"y":5616151,"assetId":100055431,"dateLoadedToGIS":"Tue, 05 Aug 2025 08:39:08 GMT","GlobalID":"823ab794-9cc3-4a65-a273-f3fef6338566"}},{"type":"Feature","id":577509,"geometry":{"type":"Point","coordinates":[1656765,5415586]},"properties":{"OBJECTID":577509,"name":"Mt Sunday Bivvy","place":"Mount Richmond Forest Park","region":"Marlborough","bookable":"No","facilities":"Mattresses, Toilets - non-flush, Water from tap - not treated, boil before use, Water supply","hasAlerts":"Refer to DOC website for current alerts","introductionThumbnail":"https://www.doc.govt.nz/thumbs/large/link/ce0ecfbb8c8c470db39ec130da42686e.aspx","staticLink":"https://www.doc.govt.nz/link/ec485879472a4236a17ab890dbdbea8e.aspx","locationString":"Mount Richmond Forest Park","x":1656765,"y":5415586,"assetId":100075557,"dateLoadedToGIS":"Tue, 05 Aug 2025 08:39:08 GMT","GlobalID":"21d6d369-bac8-4d7f-a9e1-5a0302ba8448"}},{"type":"Feature","id":577510,"geometry":{"type":"Point","coordinates":[1568318,5442404]},"properties":{"OBJECTID":577510,"name":"Balloon Hut","place":"Kahurangi National Park","region":"Nelson/Tasman","bookable":"No","facilities":"Heating, Mattresses, Toilets - non-flush, Water from tap - not treated, boil before use, Water supply","hasAlerts":"Refer to DOC website for current alerts","introductionThumbnail":"https://www.doc.govt.nz/thumbs/large/link/344c465699f04aaa8c000c6c824814a0.jpg","staticLink":"https://www.doc.govt.nz/link/a4188462c19f4d4b869c61af0878f71a.aspx","locationString":"Kahurangi National Park","x":1568318,"y":5442404,"assetId":100060122,"dateLoadedToGIS":"Tue, 05 Aug 2025 08:39:08 GMT","GlobalID":"e1eb656b-14fc-4c7e-b8f1-b6d784be681d"}},{"type":"Feature","id":577511,"geometry":{"type":"Point","coordinates":[1555600,5298300]},"properties":{"OBJECTID":577511,"name":"Boyle Flat Hut","place":"St James Conservation Area","region":"Canterbury","bookable":"Yes","facilities":"Heating, Mattresses, Toilets - non-flush, Water from tap - not treated, boil before use, Water supply","hasAlerts":"Refer to DOC website for current alerts","introductionThumbnail":"https://www.doc.govt.nz/thumbs/large/link/f41f63f4f67e4073af828d631e03b132.jpg","staticLink":"https://www.doc.govt.nz/link/c298b98968594849a80ad6f77caee3f9.aspx","locationString":"St James Conservation Area","x":1555600,"y":5298300,"assetId":100063246,"dateLoadedToGIS":"Tue, 05 Aug 2025 08:39:08 GMT","GlobalID":"fd783510-8971-4250-9ea5-f482fabc8254"}},{"type":"Feature","id":577512,"geometry":{"type":"Point","coordinates":[1865149,5571261]},"properties":{"OBJECTID":577512,"name":"Top Gorge Hut","place":"Ruahine Forest Park","region":"Manawatu/Whanganui","bookable":"No","facilities":"Heating, Mattresses, Toilets - non-flush, Water from stream, Water supply","hasAlerts":"Refer to DOC website for current alerts","introductionThumbnail":"https://www.doc.govt.nz/thumbs/large/link/dec93188b3c844e8b4fc19d8bb96d950.aspx","staticLink":"https://www.doc.govt.nz/link/ad94ab9e95c243058fed6b2da6c2108e.aspx","locationString":"Ruahine Forest Park","x":1865149,"y":5571261,"assetId":100055715,"dateLoadedToGIS":"Tue, 05 Aug 2025 08:39:09 GMT","GlobalID":"d3014541-62cf-4718-a9ed-87bb95801608"}},{"type":"Feature","id":577513,"geometry":{"type":"Point","coordinates":[1282099,5038111]},"properties":{"OBJECTID":577513,"name":"Fern Burn Hut","place":"Wānaka area","region":"Otago","bookable":"No","facilities":"Mattresses, Toilets - non-flush, Water from tap - not treated, boil before use, Water supply","hasAlerts":"Refer to DOC website for current alerts","introductionThumbnail":"https://www.doc.govt.nz/thumbs/large/link/c193c0f307d74a6dbc09755c293a6770.jpg","staticLink":"https://www.doc.govt.nz/link/acfd84b530ca4b289496ed832886bf61.aspx","locationString":"Wānaka area","x":1282099,"y":5038111,"assetId":100080909,"dateLoadedToGIS":"Tue, 05 Aug 2025 08:39:09 GMT","GlobalID":"5788962d-8f50-4b67-9202-ee6a0743de64"}},{"type":"Feature","id":577514,"geometry":{"type":"Point","coordinates":[1306016,5144677]},"properties":{"OBJECTID":577514,"name":"Blowfly Hut","place":"Haast, Paringa and Moeraki rivers area","region":"West Coast","bookable":"No","facilities":"Heating, Mattresses, Toilets - non-flush, Water from tap - not treated, boil before use, Water supply","hasAlerts":"Refer to DOC website for current alerts","introductionThumbnail":"https://www.doc.govt.nz/thumbs/large/link/30b5ffa662924d0c972f5a1b52188e79.aspx","staticLink":"https://www.doc.govt.nz/link/db880205bd3d44ad938f5c64f0f82ec9.aspx","locationString":"Haast, Paringa and Moeraki rivers area","x":1306016,"y":5144677,"assetId":100062367,"dateLoadedToGIS":"Tue, 05 Aug 2025 08:39:09 GMT","GlobalID":"dd16d76c-b9e2-43bc-a3b3-f20ff6eaeac8"}},{"type":"Feature","id":577515,"geometry":{"type":"Point","coordinates":[1517110,5271909]},"properties":{"OBJECTID":577515,"name":"Hurunui No. 3 Hut","place":"Lake Sumner Forest Park","region":"Canterbury","bookable":"No","facilities":"Heating, Mattresses, Toilets - non-flush, Water from tap - not treated, boil before use, Water supply","hasAlerts":"Refer to DOC website for current alerts","introductionThumbnail":"https://www.doc.govt.nz/thumbs/large/link/5e4db996d82e4e5d9da74bec94f98753.aspx","staticLink":"https://www.doc.govt.nz/link/4154121ceee1404193f6875ed1abfb63.aspx","locationString":"Lake Sumner Forest Park","x":1517110,"y":5271909,"assetId":100062596,"dateLoadedToGIS":"Tue, 05 Aug 2025 08:39:09 GMT","GlobalID":"90f39ea4-c9bc-4fe7-a3c2-9054b5d727a5"}},{"type":"Feature","id":577516,"geometry":{"type":"Point","coordinates":[1804334,5479786]},"properties":{"OBJECTID":577516,"name":"Dorset Ridge Hut","place":"Tararua Forest Park","region":"Wairarapa","bookable":"No","facilities":"Heating, Mattresses, Toilets - non-flush, Water from tap - not treated, boil before use, Water supply","hasAlerts":"Refer to DOC website for current alerts","introductionThumbnail":"https://www.doc.govt.nz/thumbs/large/link/0fd4c3882dc14da481ada3dca1ac7f38.jpg","staticLink":"https://www.doc.govt.nz/link/a8e261837b96440bbb37501a3819780a.aspx","locationString":"Tararua Forest Park","x":1804334,"y":5479786,"assetId":100063240,"dateLoadedToGIS":"Tue, 05 Aug 2025 08:39:10 GMT","GlobalID":"f1bc47fe-57af-4321-aba9-290c57333845"}},{"type":"Feature","id":577517,"geometry":{"type":"Point","coordinates":[1489625,5244671]},"properties":{"OBJECTID":577517,"name":"Edwards Hut","place":"Arthur's Pass National Park","region":"Canterbury","bookable":"No","facilities":"Heating, Mattresses, Toilets - non-flush, Water from tap - not treated, boil before use, Water supply","hasAlerts":"Refer to DOC website for current alerts","introductionThumbnail":"https://www.doc.govt.nz/thumbs/large/link/a252cd07737b42fda67b86b831ed551a.aspx","staticLink":"https://www.doc.govt.nz/link/1c7a07b6248b4c77b477562e060b56fb.aspx","locationString":"Arthur's Pass National Park","x":1489625,"y":5244671,"assetId":100061494,"dateLoadedToGIS":"Tue, 05 Aug 2025 08:39:10 GMT","GlobalID":"4cef736b-975c-45aa-8b91-7b7aea4fcade"}},{"type":"Feature","id":577518,"geometry":{"type":"Point","coordinates":[1895686,5652386]},"properties":{"OBJECTID":577518,"name":"Middle Hill Hut","place":"Kaweka Forest Park","region":"Hawke’s Bay","bookable":"No","facilities":"Heating, Mattresses, Toilets - non-flush, Water from tap - not treated, boil before use, Water supply","hasAlerts":"Refer to DOC website for current alerts","introductionThumbnail":"https://www.doc.govt.nz/thumbs/large/link/0941f4e5c6f643dc980a26befbd11886.aspx","staticLink":"https://www.doc.govt.nz/link/cea577408fed46edb3a0c250fd753004.aspx","locationString":"Kaweka Forest Park","x":1895686,"y":5652386,"assetId":100073234,"dateLoadedToGIS":"Tue, 05 Aug 2025 08:39:10 GMT","GlobalID":"c7c66319-58b7-4407-b6f3-5a41f7420795"}},{"type":"Feature","id":577519,"geometry":{"type":"Point","coordinates":[1596102,5465484]},"properties":{"OBJECTID":577519,"name":"Castle Rock Hut","place":"Abel Tasman National Park","region":"Nelson/Tasman","bookable":"No","facilities":"Heating, Mattresses, Toilets - non-flush, Water from tap - not treated, boil before use, Water supply","hasAlerts":"Refer to DOC website for current alerts","introductionThumbnail":"https://www.doc.govt.nz/thumbs/large/link/c383557354b64f998d71f1879a07857c.jpg","staticLink":"https://www.doc.govt.nz/link/daa669448dfc4b108a6042744951d4b3.aspx","locationString":"Abel Tasman National Park","x":1596102,"y":5465484,"assetId":100060112,"dateLoadedToGIS":"Tue, 05 Aug 2025 08:39:10 GMT","GlobalID":"6981caa2-79a1-445e-9bc0-8518366be2fc"}},{"type":"Feature","id":577520,"geometry":{"type":"Point","coordinates":[2039331.208,5795430.1946]},"properties":{"OBJECTID":577520,"name":"Oronui Hut","place":"Raukumara Conservation Park","region":"East Coast","bookable":"No","facilities":"Heating, Mattresses, Toilets - non-flush, Water from tap - not treated, boil before use, Water supply","hasAlerts":"Refer to DOC website for current alerts","introductionThumbnail":"https://www.doc.govt.nz/thumbs/large/link/9f5bb3e905814a928b6165fd52715bbe.aspx","staticLink":"https://www.doc.govt.nz/link/3407afb6d01741f2ab334d3075fad21d.aspx","locationString":"Raukumara Conservation Park","x":2039331,"y":5795430,"assetId":100065467,"dateLoadedToGIS":"Tue, 05 Aug 2025 08:39:10 GMT","GlobalID":"3ed0211c-d2be-487d-9e44-570f80136361"}},{"type":"Feature","id":577521,"geometry":{"type":"Point","coordinates":[1632834,5418527]},"properties":{"OBJECTID":577521,"name":"Middy Creek Hut","place":"Mount Richmond Forest Park","region":"Marlborough","bookable":"No","facilities":"Heating, Mattresses, Toilets - non-flush, Water from stream, Water supply","hasAlerts":"Refer to DOC website for current alerts","introductionThumbnail":"https://www.doc.govt.nz/thumbs/large/link/e4a15a53dcdf4883892f141bb038cd74.aspx","staticLink":"https://www.doc.govt.nz/link/6a16800d8ec84e2cab775a8146096246.aspx","locationString":"Mount Richmond Forest Park","x":1632834,"y":5418527,"assetId":100059887,"dateLoadedToGIS":"Tue, 05 Aug 2025 08:39:11 GMT","GlobalID":"f1ef8548-773d-465f-a2a1-dfc4a329d260"}},{"type":"Feature","id":577522,"geometry":{"type":"Point","coordinates":[1574164,5446811]},"properties":{"OBJECTID":577522,"name":"Asbestos Cottage","place":"Cobb Valley","region":"Nelson/Tasman","bookable":"No","facilities":"Heating, Mattresses, Toilets - non-flush, Water from tap - not treated, boil before use, Water supply","hasAlerts":"Refer to DOC website for current alerts","introductionThumbnail":"https://www.doc.govt.nz/thumbs/large/link/d68356aeb128424e8e41a723f478989e.aspx","staticLink":"https://www.doc.govt.nz/link/04ed693978d7479593dd0aa1e8d5ee33.aspx","locationString":"Cobb Valley","x":1574164,"y":5446811,"assetId":100075868,"dateLoadedToGIS":"Tue, 05 Aug 2025 08:39:11 GMT","GlobalID":"4d535a18-5d6c-4e50-a382-fcfdb25908f1"}},{"type":"Feature","id":577523,"geometry":{"type":"Point","coordinates":[1848496,5547205]},"properties":{"OBJECTID":577523,"name":"Kiritaki Hut","place":"Ruahine Forest Park","region":"Hawke’s Bay","bookable":"No","facilities":"Heating, Mattresses, Toilets - non-flush, Water from tap - not treated, boil before use, Water supply","hasAlerts":"Refer to DOC website for current alerts","introductionThumbnail":"https://www.doc.govt.nz/thumbs/large/link/ceee49aac26b46f29801e65949e0d727.aspx","staticLink":"https://www.doc.govt.nz/link/ab37146efd81482aa1c49645858fd3c3.aspx","locationString":"Ruahine Forest Park","x":1848496,"y":5547205,"assetId":100072306,"dateLoadedToGIS":"Tue, 05 Aug 2025 08:39:11 GMT","GlobalID":"20d614a7-984f-45fc-9cbd-5c92429e075c"}},{"type":"Feature","id":577524,"geometry":{"type":"Point","coordinates":[1217700,4790521]},"properties":{"OBJECTID":577524,"name":"Freds Camp Hut","place":"Rakiura National Park","region":"Southland","bookable":"No","facilities":"Heating, Mattresses, Toilets - non-flush, Water from tap - not treated, boil before use, Water supply","hasAlerts":"Refer to DOC website for current alerts","introductionThumbnail":"https://www.doc.govt.nz/thumbs/large/link/cd75ec71a3004f769ad77f8ef415c507.aspx","staticLink":"https://www.doc.govt.nz/link/5f52c08599ec44f3aeb98470e34cd743.aspx","locationString":"Rakiura National Park","x":1217700,"y":4790521,"assetId":100043828,"dateLoadedToGIS":"Tue, 05 Aug 2025 08:39:11 GMT","GlobalID":"7d847fec-6595-4d21-9ab8-dd63b0056b41"}},{"type":"Feature","id":577525,"geometry":{"type":"Point","coordinates":[1570383,5302449]},"properties":{"OBJECTID":577525,"name":"Scotties Hut","place":"St James Conservation Area","region":"Canterbury","bookable":"No","facilities":"Mattresses, Toilets - non-flush, Water from stream, Water supply","hasAlerts":"Refer to DOC website for current alerts","introductionThumbnail":"https://www.doc.govt.nz/thumbs/large/link/3721f91f68a4479393b685c883f258ae.jpg","staticLink":"https://www.doc.govt.nz/link/4652a3b0e43747288752186c17b73a32.aspx","locationString":"St James Conservation Area","x":1570383,"y":5302449,"assetId":100083563,"dateLoadedToGIS":"Tue, 05 Aug 2025 08:39:11 GMT","GlobalID":"9f5b5ccf-aebe-4de4-98f1-efb99030906a"}},{"type":"Feature","id":577526,"geometry":{"type":"Point","coordinates":[1222335,5014107]},"properties":{"OBJECTID":577526,"name":"Steele Creek Hut","place":"Greenstone and Caples Conservation Areas","region":"Otago","bookable":"No","facilities":"Heating, Mattresses, Toilets - non-flush, Water from stream, Water supply","hasAlerts":"Refer to DOC website for current alerts","introductionThumbnail":"https://www.doc.govt.nz/thumbs/large/link/52fc103642e140b3b678d7c02879bfde.aspx","staticLink":"https://www.doc.govt.nz/link/1881cc40afb748278bfdfe48524cfdb4.aspx","locationString":"Greenstone and Caples Conservation Areas","x":1222335,"y":5014107,"assetId":100031570,"dateLoadedToGIS":"Tue, 05 Aug 2025 08:39:12 GMT","GlobalID":"9f53c108-9edf-4392-b402-b284cf6a0cd4"}},{"type":"Feature","id":577527,"geometry":{"type":"Point","coordinates":[1495584,5301202]},"properties":{"OBJECTID":577527,"name":"Jim's Flat Hut","place":"Ahaura River and Lake Brunner catchments area","region":"West Coast","bookable":"No","facilities":"Heating, Mattresses, Toilets - non-flush, Water from tap - not treated, boil before use, Water supply","hasAlerts":"Refer to DOC website for current alerts","introductionThumbnail":"https://www.doc.govt.nz/thumbs/large/link/4d53b12eea7d431b8e9d2c9a00451e45.jpg","staticLink":"https://www.doc.govt.nz/link/6ad33ab2593e496fa654b4c9971e2662.aspx","locationString":"Ahaura River and Lake Brunner catchments area","x":1495584,"y":5301202,"assetId":100062043,"dateLoadedToGIS":"Tue, 05 Aug 2025 08:39:12 GMT","GlobalID":"06c61329-d165-4d5f-b7c1-cdbd462936d9"}},{"type":"Feature","id":577528,"geometry":{"type":"Point","coordinates":[1556676.8193,5409427.4267]},"properties":{"OBJECTID":577528,"name":"Kings Creek Hut","place":"Kahurangi National Park","region":"Nelson/Tasman","bookable":"No","facilities":"Heating, Mattresses, Toilets - non-flush, Water from stream, Water supply","hasAlerts":"Refer to DOC website for current alerts","introductionThumbnail":"https://www.doc.govt.nz/thumbs/large/link/5585293faa4a4bb0b4d1f8b57a075958.jpg","staticLink":"https://www.doc.govt.nz/link/d1009d67429f4792baee046c5fe6152c.aspx","locationString":"Kahurangi National Park","x":1556677,"y":5409427,"assetId":100034882,"dateLoadedToGIS":"Tue, 05 Aug 2025 08:39:12 GMT","GlobalID":"3adb503c-a330-498f-9d30-81beb63bad50"}},{"type":"Feature","id":577529,"geometry":{"type":"Point","coordinates":[1185720,5029420]},"properties":{"OBJECTID":577529,"name":"Dumpling Hut","place":"Fiordland National Park","region":"Fiordland","bookable":"Yes","facilities":"Cooking, Heating, Mattresses, Lighting, Toilets - flush, Water from tap - not treated, boil before use, Water supply","hasAlerts":"Refer to DOC website for current alerts","introductionThumbnail":"https://www.doc.govt.nz/thumbs/large/link/10356256ff544d5bb570c1104a0a2770.jpg","staticLink":"https://www.doc.govt.nz/link/03a16bb5113c44e9bf5e947013e85fc1.aspx","locationString":"Fiordland National Park","x":1185720,"y":5029420,"assetId":100058912,"dateLoadedToGIS":"Tue, 05 Aug 2025 08:39:12 GMT","GlobalID":"0d684a20-5788-4207-a43d-f4f7a7e34cb8"}},{"type":"Feature","id":577530,"geometry":{"type":"Point","coordinates":[1611592,5358366]},"properties":{"OBJECTID":577530,"name":"Bottom Gordon Hut","place":"Leatham Conservation Area","region":"Marlborough","bookable":"No","facilities":"Heating, Mattresses, Toilets - non-flush, Water from stream, Water supply","hasAlerts":"Refer to DOC website for current alerts","introductionThumbnail":"https://www.doc.govt.nz/thumbs/large/link/34e7139405b7419dbc5b96b7942b84e8.aspx","staticLink":"https://www.doc.govt.nz/link/2a3f42af02874b52b03834ec350d38de.aspx","locationString":"Leatham Conservation Area","x":1611592,"y":5358366,"assetId":100064215,"dateLoadedToGIS":"Tue, 05 Aug 2025 08:39:13 GMT","GlobalID":"ea693b08-1160-46ab-8afc-2d00ac76f347"}},{"type":"Feature","id":577531,"geometry":{"type":"Point","coordinates":[1467430,5255572]},"properties":{"OBJECTID":577531,"name":"Newton Creek Hut","place":"Kelly Range – Styx River area","region":"West Coast","bookable":"No","facilities":"Heating, Mattresses, Toilets - non-flush, Water from stream, Water supply","hasAlerts":"Refer to DOC website for current alerts","introductionThumbnail":"https://www.doc.govt.nz/images/no-photo/no-photo-220x140.jpg","staticLink":"https://www.doc.govt.nz/link/38309ecb83d34176b3a4eb43f86b2eed.aspx","locationString":"Kelly Range – Styx River area","x":1467430,"y":5255572,"assetId":100055450,"dateLoadedToGIS":"Tue, 05 Aug 2025 08:39:13 GMT","GlobalID":"3b45a703-1921-4eb6-8ec7-0623a4384590"}},{"type":"Feature","id":577532,"geometry":{"type":"Point","coordinates":[1770315,5642563]},"properties":{"OBJECTID":577532,"name":"Puketotara Hut","place":"Whanganui National Park","region":"Manawatu/Whanganui","bookable":"No","facilities":"Heating, Mattresses, Toilets - non-flush, Water from tap - not treated, boil before use, Water supply","hasAlerts":"Refer to DOC website for current alerts","introductionThumbnail":"https://www.doc.govt.nz/thumbs/large/link/29c596048bf848b987456627abf56baf.jpg","staticLink":"https://www.doc.govt.nz/link/19692930a17c4bd6a1533187b1771426.aspx","locationString":"Whanganui National Park","x":1770315,"y":5642563,"assetId":100044063,"dateLoadedToGIS":"Tue, 05 Aug 2025 08:39:13 GMT","GlobalID":"fcead18e-95d7-4f3b-82f0-61fc952f3d5f"}},{"type":"Feature","id":577533,"geometry":{"type":"Point","coordinates":[1801660,5484067]},"properties":{"OBJECTID":577533,"name":"Dracophyllum Hut","place":"Tararua Forest Park","region":"Wellington/Kapiti","bookable":"No","facilities":"Mattresses, Toilets - non-flush, Water from tap - not treated, boil before use, Water supply","hasAlerts":"Refer to DOC website for current alerts","introductionThumbnail":"https://www.doc.govt.nz/thumbs/large/link/755aa38bbe4c4b3c80b2d9eaeaf2a054.jpg","staticLink":"https://www.doc.govt.nz/link/58a79cf633714d24859bbb65e8c23404.aspx","locationString":"Tararua Forest Park","x":1801660,"y":5484067,"assetId":100043902,"dateLoadedToGIS":"Tue, 05 Aug 2025 08:39:13 GMT","GlobalID":"8231a27f-4091-4f42-94a8-1be52eda387b"}},{"type":"Feature","id":577534,"geometry":{"type":"Point","coordinates":[1240933,5023195]},"properties":{"OBJECTID":577534,"name":"Heather Jock Hut","place":"Whakaari Conservation Area","region":"Otago","bookable":"No","facilities":"Mattresses, Toilets - non-flush, Water from tap - not treated, boil before use, Water supply","hasAlerts":"Refer to DOC website for current alerts","introductionThumbnail":"https://www.doc.govt.nz/thumbs/large/link/2d6da82edd5046a2ae5708e17ca16caa.aspx","staticLink":"https://www.doc.govt.nz/link/40bbc6bf75f640528e7a35b2187861ad.aspx","locationString":"Whakaari Conservation Area","x":1240933,"y":5023195,"assetId":100038360,"dateLoadedToGIS":"Tue, 05 Aug 2025 08:39:13 GMT","GlobalID":"ff248533-ce4b-45ed-896b-4dadab8dc0eb"}},{"type":"Feature","id":577535,"geometry":{"type":"Point","coordinates":[1214223,5055952]},"properties":{"OBJECTID":577535,"name":"Lake Alabaster Hut","place":"Fiordland National Park","region":"Fiordland","bookable":"No","facilities":"Heating, Mattresses, Toilets - non-flush, Water from tap - not treated, boil before use, Water supply","hasAlerts":"Refer to DOC website for current alerts","introductionThumbnail":"https://www.doc.govt.nz/thumbs/large/link/d0f5f332110441969f14e85b06f01b35.aspx","staticLink":"https://www.doc.govt.nz/link/e95fae86b9b24abb94ea559183bacc7a.aspx","locationString":"Fiordland National Park","x":1214223,"y":5055952,"assetId":100000822,"dateLoadedToGIS":"Tue, 05 Aug 2025 08:39:13 GMT","GlobalID":"3588e1e6-bf7b-4e38-a17e-a11edccdd8e4"}},{"type":"Feature","id":577536,"geometry":{"type":"Point","coordinates":[1836066,5619622]},"properties":{"OBJECTID":577536,"name":"Zekes Hut","place":"Hihitahi Forest Sanctuary","region":"Central North Island","bookable":"No","facilities":"Heating, Mattresses, Toilets - non-flush, Water from tap - not treated, boil before use, Water supply","hasAlerts":"Refer to DOC website for current alerts","introductionThumbnail":"https://www.doc.govt.nz/thumbs/large/link/2cc3b41163454018a6b7354713032e2c.aspx","staticLink":"https://www.doc.govt.nz/link/e60a2914cfd049d0ae40143af7a0564e.aspx","locationString":"Hihitahi Forest Sanctuary","x":1836066,"y":5619622,"assetId":100030272,"dateLoadedToGIS":"Tue, 05 Aug 2025 08:39:14 GMT","GlobalID":"dcde3be4-4d09-4fef-8465-47b2eff9340f"}},{"type":"Feature","id":577537,"geometry":{"type":"Point","coordinates":[1565332,5360357]},"properties":{"OBJECTID":577537,"name":"Tiraumea Hut","place":"Nelson Lakes National Park","region":"Nelson/Tasman","bookable":"No","facilities":"Heating, Mattresses, Toilets - non-flush, Water from stream, Water supply","hasAlerts":"Refer to DOC website for current alerts","introductionThumbnail":"https://www.doc.govt.nz/thumbs/large/link/ab3b650e1963473b98d37f1a6c9a29c5.aspx","staticLink":"https://www.doc.govt.nz/link/fe5aac62999346d2991a94e4958f4fba.aspx","locationString":"Nelson Lakes National Park","x":1565332,"y":5360357,"assetId":100061762,"dateLoadedToGIS":"Tue, 05 Aug 2025 08:39:14 GMT","GlobalID":"79396805-cd3a-4456-9f47-935e64e0dbbb"}},{"type":"Feature","id":577538,"geometry":{"type":"Point","coordinates":[1459125,5248149]},"properties":{"OBJECTID":577538,"name":"Browning Range Bivvy","place":"Kokatahi River - Whitcombe River area","region":"West Coast","bookable":"No","facilities":"Mattresses, Toilets - non-flush, Water from tap - not treated, boil before use, Water supply","hasAlerts":"Refer to DOC website for current alerts","introductionThumbnail":"https://www.doc.govt.nz/thumbs/large/link/1b507aa1db9d4eab8ceeee3044ed97c8.jpg","staticLink":"https://www.doc.govt.nz/link/0136180f106641b7ab1833c7a1132e28.aspx","locationString":"Kokatahi River - Whitcombe River area","x":1459125,"y":5248149,"assetId":100000552,"dateLoadedToGIS":"Tue, 05 Aug 2025 08:39:14 GMT","GlobalID":"2dfdcbe8-2d8f-448b-8508-37a3e4386f6a"}},{"type":"Feature","id":577539,"geometry":{"type":"Point","coordinates":[1867260,5578178]},"properties":{"OBJECTID":577539,"name":"Howletts Hut","place":"Ruahine Forest Park","region":"Hawke’s Bay","bookable":"No","facilities":"Mattresses, Toilets - non-flush, Water from tap - not treated, boil before use, Water supply","hasAlerts":"Refer to DOC website for current alerts","introductionThumbnail":"https://www.doc.govt.nz/thumbs/large/link/4ebf5607273049a49be02d07013c321d.aspx","staticLink":"https://www.doc.govt.nz/link/27de0159ec6b4c53a61255ffca3f47bd.aspx","locationString":"Ruahine Forest Park","x":1867260,"y":5578178,"assetId":100055713,"dateLoadedToGIS":"Tue, 05 Aug 2025 08:39:14 GMT","GlobalID":"254fd023-9cac-4017-b8fe-0b5fe53a9bde"}},{"type":"Feature","id":577540,"geometry":{"type":"Point","coordinates":[1450401.8547,5240687.7733]},"properties":{"OBJECTID":577540,"name":"Adventure Bivvy","place":"Kokatahi River - Whitcombe River area","region":"West Coast","bookable":"No","facilities":"Mattresses, Water from tap - not treated, boil before use, Water supply","hasAlerts":"Refer to DOC website for current alerts","introductionThumbnail":"https://www.doc.govt.nz/thumbs/large/link/50e08b03aa59420a85f801fad3cdb0fc.jpg","staticLink":"https://www.doc.govt.nz/link/ba84e3e659db4baaa39b49535e5cb34e.aspx","locationString":"Kokatahi River - Whitcombe River area","x":1450402,"y":5240688,"assetId":100034619,"dateLoadedToGIS":"Tue, 05 Aug 2025 08:39:14 GMT","GlobalID":"b4550f32-c761-4b12-97cb-47a99248ed08"}},{"type":"Feature","id":577541,"geometry":{"type":"Point","coordinates":[1321506,5142463]},"properties":{"OBJECTID":577541,"name":"Tunnel Creek Hut","place":"Haast, Paringa and Moeraki rivers area","region":"West Coast","bookable":"No","facilities":"Heating, Mattresses, Toilets - non-flush, Water from stream, Water supply","hasAlerts":"Refer to DOC website for current alerts","introductionThumbnail":"https://www.doc.govt.nz/thumbs/large/link/55cde6be52654ca8bc6b5badfffc16f4.aspx","staticLink":"https://www.doc.govt.nz/link/531e65d4023f42808abf34d203b83405.aspx","locationString":"Haast, Paringa and Moeraki rivers area","x":1321506,"y":5142463,"assetId":100062380,"dateLoadedToGIS":"Tue, 05 Aug 2025 08:39:15 GMT","GlobalID":"faaa215c-f971-42a3-8541-6413064be0e6"}},{"type":"Feature","id":577542,"geometry":{"type":"Point","coordinates":[1815759,5647243]},"properties":{"OBJECTID":577542,"name":"Mangaturuturu Hut","place":"Tongariro National Park","region":"Central North Island","bookable":"No","facilities":"Heating, Mattresses, Toilets - non-flush, Water from tap - not treated, boil before use, Water supply","hasAlerts":"Refer to DOC website for current alerts","introductionThumbnail":"https://www.doc.govt.nz/thumbs/large/link/7281e3113beb480f8029be27ab3cc093.jpg","staticLink":"https://www.doc.govt.nz/link/7d07c815afab4174a4293e22866cdda4.aspx","locationString":"Tongariro National Park","x":1815759,"y":5647243,"assetId":100072934,"dateLoadedToGIS":"Tue, 05 Aug 2025 08:39:15 GMT","GlobalID":"74463b0d-350b-4ed5-a4aa-9b410e621a9f"}},{"type":"Feature","id":577543,"geometry":{"type":"Point","coordinates":[1372223,5176378]},"properties":{"OBJECTID":577543,"name":"Pioneer Hut","place":"Westland Tai Poutini National Park","region":"West Coast","bookable":"No","facilities":"Mattresses, Lighting, Toilets - non-flush, Water from tap - not treated, boil before use, Water supply","hasAlerts":"Refer to DOC website for current alerts","introductionThumbnail":"https://www.doc.govt.nz/thumbs/large/link/3d601619c82847ed9b03d00128eea1ef.jpg","staticLink":"https://www.doc.govt.nz/link/03d097a342b64f05a0dd706acfed1d6a.aspx","locationString":"Westland Tai Poutini National Park","x":1372223,"y":5176378,"assetId":100065846,"dateLoadedToGIS":"Tue, 05 Aug 2025 08:39:15 GMT","GlobalID":"998ec2a0-1db9-4c65-9379-6fd42e82b039"}},{"type":"Feature","id":577544,"geometry":{"type":"Point","coordinates":[1254847,5065965]},"properties":{"OBJECTID":577544,"name":"Aspiring Hut","place":"Matukituki Valley area","region":"Otago","bookable":"Yes","facilities":"Heating, Mattresses, Lighting, Toilets - non-flush, Water from tap - not treated, boil before use, Water supply","hasAlerts":"Refer to DOC website for current alerts","introductionThumbnail":"https://www.doc.govt.nz/thumbs/large/link/5f960f00050845f896897502fe2994de.aspx","staticLink":"https://www.doc.govt.nz/link/90e478fe482a4e429ea9bcd2969ee733.aspx","locationString":"Matukituki Valley area","x":1254847,"y":5065965,"assetId":100074848,"dateLoadedToGIS":"Tue, 05 Aug 2025 08:39:15 GMT","GlobalID":"2124f4c6-b7bf-49cc-9c5b-2587c311120f"}},{"type":"Feature","id":577545,"geometry":{"type":"Point","coordinates":[1205088,4929954]},"properties":{"OBJECTID":577545,"name":"Aparima Forks Hut","place":"Takitimu Conservation Area","region":"Southland","bookable":"No","facilities":"Heating, Mattresses, Toilets - non-flush, Water from stream, Water supply","hasAlerts":"Refer to DOC website for current alerts","introductionThumbnail":"https://www.doc.govt.nz/thumbs/large/link/b6e68cf80fdb4a619b2ec095f188195a.jpg","staticLink":"https://www.doc.govt.nz/link/59e22c2891f14ce1a8f4611734a61d4c.aspx","locationString":"Takitimu Conservation Area","x":1205088,"y":4929954,"assetId":100035408,"dateLoadedToGIS":"Tue, 05 Aug 2025 08:39:15 GMT","GlobalID":"c560cb64-4fad-4205-9eec-18090b4f327f"}},{"type":"Feature","id":577546,"geometry":{"type":"Point","coordinates":[1486234,5363254]},"properties":{"OBJECTID":577546,"name":"Buckland Peak Hut","place":"Paparoa National Park","region":"West Coast","bookable":"No","facilities":"Mattresses, Toilets - non-flush, Water from tap - not treated, boil before use, Water supply","hasAlerts":"Refer to DOC website for current alerts","introductionThumbnail":"https://www.doc.govt.nz/thumbs/large/link/c7ffadc6cb764b918f77b9d850b1f4af.aspx","staticLink":"https://www.doc.govt.nz/link/d07140198a6e4d1ebde3bc0e49a24d1a.aspx","locationString":"Paparoa National Park","x":1486234,"y":5363254,"assetId":100040768,"dateLoadedToGIS":"Tue, 05 Aug 2025 08:39:16 GMT","GlobalID":"47d6917b-f61c-4242-bdc4-96726d583700"}},{"type":"Feature","id":577547,"geometry":{"type":"Point","coordinates":[1958702,5739512]},"properties":{"OBJECTID":577547,"name":"Te Pourewa Hut","place":"Te Urewera","region":"East Coast","bookable":"No","facilities":"Heating, Mattresses, Toilets - non-flush, Water from tap - not treated, boil before use, Water supply","hasAlerts":"Refer to DOC website for current alerts","introductionThumbnail":"https://www.doc.govt.nz/images/no-photo/no-photo-220x140.jpg","staticLink":"https://www.doc.govt.nz/link/8e30ec824e3f42c3b8da383e3928f491.aspx","locationString":"Te Urewera","x":1958702,"y":5739512,"assetId":100072737,"dateLoadedToGIS":"Tue, 05 Aug 2025 08:39:16 GMT","GlobalID":"a0b17eef-b7c4-4f43-bb03-cc67bb724c42"}},{"type":"Feature","id":577548,"geometry":{"type":"Point","coordinates":[1559216.8699,5402973.841]},"properties":{"OBJECTID":577548,"name":"Branch Creek Hut","place":"Kahurangi National Park","region":"Nelson/Tasman","bookable":"No","facilities":"Heating, Mattresses, Toilets - non-flush, Water from stream, Water supply","hasAlerts":"Refer to DOC website for current alerts","introductionThumbnail":"https://www.doc.govt.nz/thumbs/large/link/61f539691b2f4d2f91c4befefe1701dd.aspx","staticLink":"https://www.doc.govt.nz/link/45360d525f394523841dd32190e2a2ce.aspx","locationString":"Kahurangi National Park","x":1559217,"y":5402974,"assetId":100064309,"dateLoadedToGIS":"Tue, 05 Aug 2025 08:39:16 GMT","GlobalID":"0f63b23d-3bab-4f95-a8eb-f381d305f9d8"}},{"type":"Feature","id":577549,"geometry":{"type":"Point","coordinates":[1410986,5181421]},"properties":{"OBJECTID":577549,"name":"Carney's Bivvy No. 2","place":"Rangitata and Rakaia Rivers area","region":"Canterbury","bookable":"No","facilities":"Mattresses, Toilets - non-flush, Water from stream, Water supply","hasAlerts":"Refer to DOC website for current alerts","introductionThumbnail":"https://www.doc.govt.nz/thumbs/large/link/0ce5ea693b924a6988ed9e30230d2089.jpg","staticLink":"https://www.doc.govt.nz/link/42be13ea8be04851a379573055773a85.aspx","locationString":"Rangitata and Rakaia Rivers area","x":1410986,"y":5181421,"assetId":100043237,"dateLoadedToGIS":"Tue, 05 Aug 2025 08:39:16 GMT","GlobalID":"67c86a10-7bd5-4053-832b-4e9706cc50c0"}},{"type":"Feature","id":577550,"geometry":{"type":"Point","coordinates":[1210762,4926289]},"properties":{"OBJECTID":577550,"name":"Aparima Hut","place":"Takitimu Conservation Area","region":"Southland","bookable":"No","facilities":"Heating, Mattresses, Toilets - non-flush, Water from tap - not treated, boil before use, Water supply","hasAlerts":"Refer to DOC website for current alerts","introductionThumbnail":"https://www.doc.govt.nz/thumbs/large/link/36d71ad2a1f14ee8b1cf25d346fa7be4.jpg","staticLink":"https://www.doc.govt.nz/link/519327c2f64e42cc8c4d7a5edb6bad67.aspx","locationString":"Takitimu Conservation Area","x":1210762,"y":4926289,"assetId":100056329,"dateLoadedToGIS":"Tue, 05 Aug 2025 08:39:17 GMT","GlobalID":"e2867ead-3faf-4c54-8a29-f7c62c22db7f"}},{"type":"Feature","id":577551,"geometry":{"type":"Point","coordinates":[1808985,5477084]},"properties":{"OBJECTID":577551,"name":"Mitre Flats Hut","place":"Tararua Forest Park","region":"Wairarapa","bookable":"No","facilities":"Heating, Mattresses, Toilets - non-flush, Water from tap - not treated, boil before use, Water supply","hasAlerts":"Refer to DOC website for current alerts","introductionThumbnail":"https://www.doc.govt.nz/thumbs/large/link/e526c210b73740619c0a848eacb8687a.aspx","staticLink":"https://www.doc.govt.nz/link/2ae6bbddf5174a88899cc3b8270b0e60.aspx","locationString":"Tararua Forest Park","x":1808985,"y":5477084,"assetId":100062969,"dateLoadedToGIS":"Tue, 05 Aug 2025 08:39:17 GMT","GlobalID":"8295208b-d311-42f9-a9a8-43a89973614a"}},{"type":"Feature","id":577552,"geometry":{"type":"Point","coordinates":[1231432,4786289]},"properties":{"OBJECTID":577552,"name":"Little Glory Hunters Hut","place":"Glory Cove Scenic Reserve","region":"Southland","bookable":"Yes","facilities":"Toilets - non-flush, Water from tap - not treated, boil before use, Water supply","hasAlerts":"Refer to DOC website for current alerts","introductionThumbnail":"https://www.doc.govt.nz/thumbs/large/link/c4e9fb53a2654ea1830a91c66a1ddc95.jpg","staticLink":"https://www.doc.govt.nz/link/dde6c7b58599476d89a8451b2850d266.aspx","locationString":"Glory Cove Scenic Reserve","x":1231432,"y":4786289,"assetId":100030937,"dateLoadedToGIS":"Tue, 05 Aug 2025 08:39:17 GMT","GlobalID":"00ccb844-3b4c-4710-8396-65b7477a65c8"}},{"type":"Feature","id":577553,"geometry":{"type":"Point","coordinates":[1219150,4951981]},"properties":{"OBJECTID":577553,"name":"Oreti Hut","place":"Eyre Mountains/Taka Rā Haka Conservation Park","region":"Southland","bookable":"No","facilities":"Heating, Mattresses, Toilets - non-flush, Water from stream, Water supply","hasAlerts":"Refer to DOC website for current alerts","introductionThumbnail":"https://www.doc.govt.nz/thumbs/large/link/f74b2e9a5e5b4581ae87eb698b52d9f0.aspx","staticLink":"https://www.doc.govt.nz/link/4e562ed183454d60ab7cd39b4d3289d1.aspx","locationString":"Eyre Mountains/Taka Rā Haka Conservation Park","x":1219150,"y":4951981,"assetId":100072448,"dateLoadedToGIS":"Tue, 05 Aug 2025 08:39:17 GMT","GlobalID":"531143cf-4bca-4848-8a71-dae801e2fb93"}},{"type":"Feature","id":577554,"geometry":{"type":"Point","coordinates":[1464658,5231971]},"properties":{"OBJECTID":577554,"name":"Weka Burnet Bivvy","place":"Craigieburn Forest Park","region":"Canterbury","bookable":"No","facilities":"Toilets - non-flush, Water from stream, Water supply","hasAlerts":"Refer to DOC website for current alerts","introductionThumbnail":"https://www.doc.govt.nz/thumbs/large/link/8ec783cc154c45b09359a2cf0309576a.aspx","staticLink":"https://www.doc.govt.nz/link/9dc1f1cba39d440dae1ad85874007c04.aspx","locationString":"Craigieburn Forest Park","x":1464658,"y":5231971,"assetId":100059545,"dateLoadedToGIS":"Tue, 05 Aug 2025 08:39:18 GMT","GlobalID":"4050641a-1ded-4330-9832-3fff86754b47"}},{"type":"Feature","id":577555,"geometry":{"type":"Point","coordinates":[1419810,5194766]},"properties":{"OBJECTID":577555,"name":"Mccoy Hut","place":"Rangitata and Rakaia Rivers area","region":"Canterbury","bookable":"No","facilities":"Heating, Mattresses, Toilets - non-flush, Water from stream, Water supply","hasAlerts":"Refer to DOC website for current alerts","introductionThumbnail":"https://www.doc.govt.nz/thumbs/large/link/8e518cd26c594654bacc7aa0b3faf6c2.jpg","staticLink":"https://www.doc.govt.nz/link/e9d281259c724d0a995e2ad29030db58.aspx","locationString":"Rangitata and Rakaia Rivers area","x":1419810,"y":5194766,"assetId":100065473,"dateLoadedToGIS":"Tue, 05 Aug 2025 08:39:18 GMT","GlobalID":"09576ccc-e828-41b2-b496-4e6cc93738ee"}},{"type":"Feature","id":577556,"geometry":{"type":"Point","coordinates":[1179063,4948118]},"properties":{"OBJECTID":577556,"name":"Shallow Bay Hut","place":"Fiordland National Park","region":"Fiordland","bookable":"No","facilities":"Heating, Mattresses, Toilets - non-flush, Water from stream, Water supply","hasAlerts":"Refer to DOC website for current alerts","introductionThumbnail":"https://www.doc.govt.nz/thumbs/large/link/9572c35462ca4f70a7778c3670be7f2c.jpg","staticLink":"https://www.doc.govt.nz/link/3d372033a3f24130bb756e9e12c7a57d.aspx","locationString":"Fiordland National Park","x":1179063,"y":4948118,"assetId":100054155,"dateLoadedToGIS":"Tue, 05 Aug 2025 08:39:18 GMT","GlobalID":"954bb979-a8ec-46ba-b9f5-12c9b67fa8f5"}},{"type":"Feature","id":577557,"geometry":{"type":"Point","coordinates":[1158384,4914178]},"properties":{"OBJECTID":577557,"name":"Clark Hut","place":"Fiordland National Park","region":"Fiordland","bookable":"No","facilities":"Heating, Mattresses, Toilets - non-flush, Water from stream, Water supply","hasAlerts":"Refer to DOC website for current alerts","introductionThumbnail":"https://www.doc.govt.nz/thumbs/large/link/a4ec6fafc26c48efbf85344b32a730e8.jpg","staticLink":"https://www.doc.govt.nz/link/996a6ec1b57a4ac98aa2a8da92959416.aspx","locationString":"Fiordland National Park","x":1158384,"y":4914178,"assetId":100074877,"dateLoadedToGIS":"Tue, 05 Aug 2025 08:39:18 GMT","GlobalID":"1adf0f10-3385-4cb9-96a3-22d0416f43d0"}},{"type":"Feature","id":577558,"geometry":{"type":"Point","coordinates":[1917384,5702317]},"properties":{"OBJECTID":577558,"name":"Central Whirinaki Hut","place":"Whirinaki Te Pua-a-Tāne Conservation Park","region":"East Coast","bookable":"No","facilities":"Heating, Mattresses, Toilets - non-flush, Water from tap - not treated, boil before use, Water supply","hasAlerts":"Refer to DOC website for current alerts","introductionThumbnail":"https://www.doc.govt.nz/thumbs/large/link/057c7761a2dc453a96551d70780c9f3a.jpg","staticLink":"https://www.doc.govt.nz/link/24e19c140fda4236a75774d2703caa8d.aspx","locationString":"Whirinaki Te Pua-a-Tāne Conservation Park","x":1917384,"y":5702317,"assetId":100057250,"dateLoadedToGIS":"Tue, 05 Aug 2025 08:39:18 GMT","GlobalID":"5da04745-de80-4eae-9a08-26a3989151d2"}},{"type":"Feature","id":577559,"geometry":{"type":"Point","coordinates":[1694790,5651393]},"properties":{"OBJECTID":577559,"name":"Maketawa Hut","place":"North Egmont area","region":"Taranaki","bookable":"No","facilities":"Heating, Mattresses, Toilets - non-flush, Water from tap - not treated, boil before use, Water supply","hasAlerts":"Refer to DOC website for current alerts","introductionThumbnail":"https://www.doc.govt.nz/thumbs/large/link/eb46dd3e47c348e9ad792966b2caf7cf.jpg","staticLink":"https://www.doc.govt.nz/link/af6353d23b154dd2ba0a0974efd8c959.aspx","locationString":"North Egmont area","x":1694790,"y":5651393,"assetId":100063534,"dateLoadedToGIS":"Tue, 05 Aug 2025 08:39:19 GMT","GlobalID":"7e31c8f9-865c-4cec-87c5-6023ae8e174d"}},{"type":"Feature","id":577560,"geometry":{"type":"Point","coordinates":[1426510,5230443]},"properties":{"OBJECTID":577560,"name":"Dickie Spur Hut","place":"Mikonui River - Kakapotahi River area","region":"West Coast","bookable":"No","facilities":"Mattresses, Toilets - non-flush, Water from tap - not treated, boil before use, Water supply","hasAlerts":"Refer to DOC website for current alerts","introductionThumbnail":"https://www.doc.govt.nz/thumbs/large/link/12e75024dcfb472e850237e03d2e6eb6.jpg","staticLink":"https://www.doc.govt.nz/link/881b87e2821c4f78893d7030fcd0854a.aspx","locationString":"Mikonui River - Kakapotahi River area","x":1426510,"y":5230443,"assetId":100033575,"dateLoadedToGIS":"Tue, 05 Aug 2025 08:39:19 GMT","GlobalID":"7201c8c3-a334-47d3-939e-57c967193aad"}},{"type":"Feature","id":577561,"geometry":{"type":"Point","coordinates":[1766037,5422118]},"properties":{"OBJECTID":577561,"name":"Turere Lodge","place":"Catchpool Valley & Ōrongorongo Valley","region":"Wellington/Kapiti","bookable":"Yes","facilities":"Cooking, Heating, Mattresses, Toilets - non-flush, Water from tap - not treated, boil before use, Water supply","hasAlerts":"Refer to DOC website for current alerts","introductionThumbnail":"https://www.doc.govt.nz/thumbs/large/link/999f55e7e63844bfadf705bffb542f62.jpg","staticLink":"https://www.doc.govt.nz/link/c854149282494014bf81312c6f6c6038.aspx","locationString":"Catchpool Valley & Ōrongorongo Valley","x":1766037,"y":5422118,"assetId":100089121,"dateLoadedToGIS":"Tue, 05 Aug 2025 08:39:19 GMT","GlobalID":"e948c074-8468-4678-8531-7a51eb401d7f"}},{"type":"Feature","id":577562,"geometry":{"type":"Point","coordinates":[1509415,5273063]},"properties":{"OBJECTID":577562,"name":"Mid Trent Hut","place":"Ahaura River and Lake Brunner catchments area","region":"West Coast","bookable":"No","facilities":"Heating, Mattresses, Toilets - non-flush, Water from stream, Water supply","hasAlerts":"Refer to DOC website for current alerts","introductionThumbnail":"https://www.doc.govt.nz/thumbs/large/link/e0db031478fa4ebab8fd1f535136f2a2.jpg","staticLink":"https://www.doc.govt.nz/link/ab1db5ad47264c74a564b288490af7c8.aspx","locationString":"Ahaura River and Lake Brunner catchments area","x":1509415,"y":5273063,"assetId":100035133,"dateLoadedToGIS":"Tue, 05 Aug 2025 08:39:19 GMT","GlobalID":"5d7b6ec9-62ba-41a3-8407-f49900829930"}},{"type":"Feature","id":577563,"geometry":{"type":"Point","coordinates":[1857795,5572918]},"properties":{"OBJECTID":577563,"name":"Alice Nash Memorial Heritage Lodge","place":"Ruahine Forest Park","region":"Manawatu/Whanganui","bookable":"No","facilities":"Heating, Mattresses, Lighting, Toilets - non-flush, Water from tap - not treated, boil before use, Water supply","hasAlerts":"Refer to DOC website for current alerts","introductionThumbnail":"https://www.doc.govt.nz/thumbs/large/link/73cab34fab78490abf144e2f1035fab9.jpg","staticLink":"https://www.doc.govt.nz/link/65e3210eb14148c38fa2ff259cad4842.aspx","locationString":"Ruahine Forest Park","x":1857795,"y":5572918,"assetId":100038197,"dateLoadedToGIS":"Tue, 05 Aug 2025 08:39:20 GMT","GlobalID":"b99637ff-60ec-4745-9323-c453076cf4b8"}},{"type":"Feature","id":577564,"geometry":{"type":"Point","coordinates":[1417462,5137649]},"properties":{"OBJECTID":577564,"name":"South Opuha Hut","place":"Te Kahui Kaupeka Conservation Park","region":"Canterbury","bookable":"No","facilities":"Heating, Mattresses, Toilets - non-flush, Water from tap - not treated, boil before use, Water supply","hasAlerts":"Refer to DOC website for current alerts","introductionThumbnail":"https://www.doc.govt.nz/thumbs/large/link/98bc7aeeee534337abf50f40166dfffc.aspx","staticLink":"https://www.doc.govt.nz/link/9d836c833d684564ac7cf82b6a150143.aspx","locationString":"Te Kahui Kaupeka Conservation Park","x":1417462,"y":5137649,"assetId":100094217,"dateLoadedToGIS":"Tue, 05 Aug 2025 08:39:20 GMT","GlobalID":"a7113872-043b-41a6-af6e-d300ce2dd319"}},{"type":"Feature","id":577565,"geometry":{"type":"Point","coordinates":[1573516,5361125]},"properties":{"OBJECTID":577565,"name":"Sabine Hut","place":"Nelson Lakes National Park","region":"Nelson/Tasman","bookable":"Yes","facilities":"Heating, Mattresses, Toilets - non-flush, Water from tap - not treated, boil before use, Water supply","hasAlerts":"Refer to DOC website for current alerts","introductionThumbnail":"https://www.doc.govt.nz/thumbs/large/link/c5c51ec1fb114c308a952cfec6500a36.jpg","staticLink":"https://www.doc.govt.nz/link/a3f4c1f4e4bd4f3b9b883368e1386e96.aspx","locationString":"Nelson Lakes National Park","x":1573516,"y":5361125,"assetId":100040559,"dateLoadedToGIS":"Tue, 05 Aug 2025 08:39:20 GMT","GlobalID":"b3899e02-8abb-4672-bd02-0a4d4fd78e96"}},{"type":"Feature","id":577566,"geometry":{"type":"Point","coordinates":[1676781,5358312]},"properties":{"OBJECTID":577566,"name":"Zoo Hut","place":"Isolated Hill Scenic Reserve","region":"Marlborough","bookable":"No","facilities":"Heating, Mattresses, Toilets - non-flush, Water from tap - not treated, boil before use, Water supply","hasAlerts":"Refer to DOC website for current alerts","introductionThumbnail":"https://www.doc.govt.nz/thumbs/large/link/e7b5c0b783b54e009ac4d374b8dfbf4e.jpg","staticLink":"https://www.doc.govt.nz/link/41da9a5afef44f7bb796542f4afc7351.aspx","locationString":"Isolated Hill Scenic Reserve","x":1676781,"y":5358312,"assetId":100061613,"dateLoadedToGIS":"Tue, 05 Aug 2025 08:39:20 GMT","GlobalID":"c5c6fa53-fc92-47d0-8e79-f18834d27164"}},{"type":"Feature","id":577567,"geometry":{"type":"Point","coordinates":[1431895,5233867]},"properties":{"OBJECTID":577567,"name":"Mikonui Spur Bivvy","place":"Mikonui River - Kakapotahi River area","region":"West Coast","bookable":"No","facilities":"Mattresses, Toilets - non-flush, Water from stream, Water supply","hasAlerts":"Refer to DOC website for current alerts","introductionThumbnail":"https://www.doc.govt.nz/thumbs/large/link/f5d74920fd65429cba34da9ae36ba345.jpg","staticLink":"https://www.doc.govt.nz/link/08a275f1e44143d38239c29c4f9dc433.aspx","locationString":"Mikonui River - Kakapotahi River area","x":1431895,"y":5233867,"assetId":100033576,"dateLoadedToGIS":"Tue, 05 Aug 2025 08:39:20 GMT","GlobalID":"a027aaae-db9f-40c8-b094-778b76c65724"}},{"type":"Feature","id":577568,"geometry":{"type":"Point","coordinates":[1395900,5197300]},"properties":{"OBJECTID":577568,"name":"Nolans Hut","place":"Whataroa area","region":"West Coast","bookable":"No","facilities":"Heating, Mattresses, Toilets - non-flush, Water from stream, Water supply","hasAlerts":"Refer to DOC website for current alerts","introductionThumbnail":"https://www.doc.govt.nz/thumbs/large/link/e78c1ccb7d0446e58b379b3f2f3a162b.jpg","staticLink":"https://www.doc.govt.nz/link/e2b7217e18b8466aa49dbcbc1ff1dc13.aspx","locationString":"Whataroa area","x":1395900,"y":5197300,"assetId":100055584,"dateLoadedToGIS":"Tue, 05 Aug 2025 08:39:20 GMT","GlobalID":"7e076b83-043b-4725-8cdf-b78fef3b40d9"}},{"type":"Feature","id":577569,"geometry":{"type":"Point","coordinates":[1161179,4908816]},"properties":{"OBJECTID":577569,"name":"Monowai Hut","place":"Fiordland National Park","region":"Fiordland","bookable":"No","facilities":"Heating, Mattresses, Toilets - non-flush, Water from tap - not treated, boil before use, Water supply","hasAlerts":"Refer to DOC website for current alerts","introductionThumbnail":"https://www.doc.govt.nz/thumbs/large/link/8fdf66f767bb47399dddfcad73fa655b.jpg","staticLink":"https://www.doc.govt.nz/link/b59a768bcb784fc486bf7a67b3264790.aspx","locationString":"Fiordland National Park","x":1161179,"y":4908816,"assetId":100062081,"dateLoadedToGIS":"Tue, 05 Aug 2025 08:39:21 GMT","GlobalID":"ade1ad15-989e-4c32-af25-2dcd86772ed6"}},{"type":"Feature","id":577570,"geometry":{"type":"Point","coordinates":[1203492,4860661]},"properties":{"OBJECTID":577570,"name":"Turnbull's (Big Dam) Hut","place":"Longwood Forest Conservation Area","region":"Southland","bookable":"No","facilities":"Heating","hasAlerts":"Refer to DOC website for current alerts","introductionThumbnail":"https://www.doc.govt.nz/thumbs/large/link/5eed038971c2447db65dbbae9f6a937b.aspx","staticLink":"https://www.doc.govt.nz/link/d876515aabb342a8802cfaa1ba393388.aspx","locationString":"Longwood Forest Conservation Area","x":1203492,"y":4860661,"assetId":100056297,"dateLoadedToGIS":"Tue, 05 Aug 2025 08:39:21 GMT","GlobalID":"470a39cf-8772-4a07-81b6-93593c03ed64"}},{"type":"Feature","id":577571,"geometry":{"type":"Point","coordinates":[1334171,5131353]},"properties":{"OBJECTID":577571,"name":"Creswicke Flat Hut","place":"Landsborough River area","region":"West Coast","bookable":"No","facilities":"Heating, Mattresses, Toilets - non-flush, Water from tap - not treated, boil before use, Water supply","hasAlerts":"Refer to DOC website for current alerts","introductionThumbnail":"https://www.doc.govt.nz/thumbs/large/link/87fff1c951c748db97996a741b703c69.jpg","staticLink":"https://www.doc.govt.nz/link/ed049802258f40e9984031722d765040.aspx","locationString":"Landsborough River area","x":1334171,"y":5131353,"assetId":100102372,"dateLoadedToGIS":"Tue, 05 Aug 2025 08:39:21 GMT","GlobalID":"6a9bf4f1-03f0-47de-a1ac-18afd414d9b6"}},{"type":"Feature","id":577572,"geometry":{"type":"Point","coordinates":[1500041,5249568]},"properties":{"OBJECTID":577572,"name":"East Hawdon Bivvy","place":"Arthur's Pass National Park","region":"Canterbury","bookable":"No","facilities":"Mattresses, Toilets - non-flush, Water from stream, Water supply","hasAlerts":"Refer to DOC website for current alerts","introductionThumbnail":"https://www.doc.govt.nz/thumbs/large/link/a431e3ded2d14c14aaa0b638f66e7a8e.jpg","staticLink":"https://www.doc.govt.nz/link/ae4e962a1f3b404c948422342ec03792.aspx","locationString":"Arthur's Pass National Park","x":1500041,"y":5249568,"assetId":100081794,"dateLoadedToGIS":"Tue, 05 Aug 2025 08:39:21 GMT","GlobalID":"eaaad8bf-e15c-4ec5-b9dc-661d90242a1b"}},{"type":"Feature","id":577573,"geometry":{"type":"Point","coordinates":[1571514,5343732]},"properties":{"OBJECTID":577573,"name":"Blue Lake Hut","place":"Nelson Lakes National Park","region":"Nelson/Tasman","bookable":"Yes","facilities":"Heating, Mattresses, Toilets - non-flush, Water from tap - not treated, boil before use, Water supply","hasAlerts":"Refer to DOC website for current alerts","introductionThumbnail":"https://www.doc.govt.nz/thumbs/large/link/465df1e9969d45d4984e182268653a04.aspx","staticLink":"https://www.doc.govt.nz/link/0f9daff8b2c44b1a9c2260c216c7f236.aspx","locationString":"Nelson Lakes National Park","x":1571514,"y":5343732,"assetId":100034944,"dateLoadedToGIS":"Tue, 05 Aug 2025 08:39:21 GMT","GlobalID":"2b498da1-a156-4f4a-933c-ba3f588e2602"}},{"type":"Feature","id":577574,"geometry":{"type":"Point","coordinates":[1450613,5234866]},"properties":{"OBJECTID":577574,"name":"Toaroha Saddle Bivvy","place":"Kokatahi River - Whitcombe River area","region":"West Coast","bookable":"No","facilities":"Mattresses, Toilets - non-flush, Water from stream, Water supply","hasAlerts":"Refer to DOC website for current alerts","introductionThumbnail":"https://www.doc.govt.nz/thumbs/large/link/5bada8b2a70a4e9390fecf68724b1aad.jpg","staticLink":"https://www.doc.govt.nz/link/8683ff905d1c43759e1dc99358b5ef83.aspx","locationString":"Kokatahi River - Whitcombe River area","x":1450613,"y":5234866,"assetId":100075164,"dateLoadedToGIS":"Tue, 05 Aug 2025 08:39:22 GMT","GlobalID":"24f00fe3-1f07-4cc6-968f-4eaf29a79ac1"}},{"type":"Feature","id":577575,"geometry":{"type":"Point","coordinates":[1606208,5393410]},"properties":{"OBJECTID":577575,"name":"Top Wairoa Hut","place":"Mount Richmond Forest Park","region":"Nelson/Tasman","bookable":"No","facilities":"Heating, Mattresses, Toilets - non-flush, Water from stream, Water supply","hasAlerts":"Refer to DOC website for current alerts","introductionThumbnail":"https://www.doc.govt.nz/thumbs/large/link/3305a299e619464f8453cbaaac346094.jpg","staticLink":"https://www.doc.govt.nz/link/c87b1791147e451fb37c99bf5891a03f.aspx","locationString":"Mount Richmond Forest Park","x":1606208,"y":5393410,"assetId":100061741,"dateLoadedToGIS":"Tue, 05 Aug 2025 08:39:22 GMT","GlobalID":"576a7714-62bb-4eb4-8dfc-44843ec06769"}},{"type":"Feature","id":577576,"geometry":{"type":"Point","coordinates":[1614665.4295,5393219.1122]},"properties":{"OBJECTID":577576,"name":"Lower Goulter Hut","place":"Mount Richmond Forest Park","region":"Marlborough","bookable":"No","facilities":"Heating, Mattresses, Toilets - non-flush, Water from stream, Water supply","hasAlerts":"Refer to DOC website for current alerts","introductionThumbnail":"https://www.doc.govt.nz/thumbs/large/link/8e3254c59405459aabe9f1d297b95c49.aspx","staticLink":"https://www.doc.govt.nz/link/ec6c0c2249724e3783cf2cb96e1ac8fd.aspx","locationString":"Mount Richmond Forest Park","x":1614665,"y":5393219,"assetId":100059969,"dateLoadedToGIS":"Tue, 05 Aug 2025 08:39:22 GMT","GlobalID":"bb8d9426-0f78-4b65-9bbb-077bdc18daf2"}},{"type":"Feature","id":577577,"geometry":{"type":"Point","coordinates":[1338908,5122115]},"properties":{"OBJECTID":577577,"name":"Officers Hut","place":"Ruataniwha Conservation Park","region":"Canterbury","bookable":"No","facilities":"Cooking","hasAlerts":"Refer to DOC website for current alerts","introductionThumbnail":"https://www.doc.govt.nz/thumbs/large/link/a40e6ded123c43789af80f75bffbb297.aspx","staticLink":"https://www.doc.govt.nz/link/0e1a399dedf74355af025b4af0886f11.aspx","locationString":"Ruataniwha Conservation Park","x":1338908,"y":5122115,"assetId":100038673,"dateLoadedToGIS":"Tue, 05 Aug 2025 08:39:22 GMT","GlobalID":"4cc4df61-c69e-4795-b312-979691925ae5"}},{"type":"Feature","id":577578,"geometry":{"type":"Point","coordinates":[1235585,5049512]},"properties":{"OBJECTID":577578,"name":"Esquilant Bivvy Hut","place":"Mount Aspiring National Park","region":"Otago","bookable":"No","facilities":"Mattresses","hasAlerts":"Refer to DOC website for current alerts","introductionThumbnail":"https://www.doc.govt.nz/thumbs/large/link/0e61c6c04f0a4e68b880155a1d78d621.jpg","staticLink":"https://www.doc.govt.nz/link/1a4a166df12c4c9aa47dc380791b54df.aspx","locationString":"Mount Aspiring National Park","x":1235585,"y":5049512,"assetId":100043518,"dateLoadedToGIS":"Tue, 05 Aug 2025 08:39:22 GMT","GlobalID":"f0a54de4-cfb9-4019-945f-3ef579105b98"}},{"type":"Feature","id":577579,"geometry":{"type":"Point","coordinates":[1567694,5289036]},"properties":{"OBJECTID":577579,"name":"Tutu Hut","place":"Hanmer Forest Park","region":"Canterbury","bookable":"No","facilities":"Heating, Toilets - non-flush, Water from stream, Water supply","hasAlerts":"Refer to DOC website for current alerts","introductionThumbnail":"https://www.doc.govt.nz/thumbs/large/link/52904e2552d543e6804f4db6b4e3fd3e.jpg","staticLink":"https://www.doc.govt.nz/link/6275703f42fa414f8b92143c47078f6c.aspx","locationString":"Hanmer Forest Park","x":1567694,"y":5289036,"assetId":100031288,"dateLoadedToGIS":"Tue, 05 Aug 2025 08:39:23 GMT","GlobalID":"9aa07aee-123a-4a24-99e3-e0a866dafe51"}},{"type":"Feature","id":577580,"geometry":{"type":"Point","coordinates":[1690231,5653249]},"properties":{"OBJECTID":577580,"name":"Holly Hut","place":"North Egmont area","region":"Taranaki","bookable":"Yes","facilities":"Heating, Mattresses, Lighting, Toilets - non-flush, Water from tap - not treated, boil before use, Water supply","hasAlerts":"Refer to DOC website for current alerts","introductionThumbnail":"https://www.doc.govt.nz/thumbs/large/link/8f2bd977f8f4477a864d908fc5a242fb.aspx","staticLink":"https://www.doc.govt.nz/link/3ad19baad1444c95a1b3d4ccdd6e1b49.aspx","locationString":"North Egmont area","x":1690231,"y":5653249,"assetId":100075837,"dateLoadedToGIS":"Tue, 05 Aug 2025 08:39:23 GMT","GlobalID":"868f46d6-3a8c-4b90-8d29-f3f02c6476b4"}},{"type":"Feature","id":577581,"geometry":{"type":"Point","coordinates":[1272087,5089433]},"properties":{"OBJECTID":577581,"name":"Top Forks Hut","place":"Mount Aspiring National Park","region":"Otago","bookable":"No","facilities":"Heating, Lighting, Toilets - non-flush, Water from tap - not treated, boil before use, Water supply","hasAlerts":"Refer to DOC website for current alerts","introductionThumbnail":"https://www.doc.govt.nz/thumbs/large/link/9cb183c44908414eb2e1ff4c0d070edd.jpg","staticLink":"https://www.doc.govt.nz/link/d46be1fe7a684b5885e6a42a7e903f33.aspx","locationString":"Mount Aspiring National Park","x":1272087,"y":5089433,"assetId":100059145,"dateLoadedToGIS":"Tue, 05 Aug 2025 08:39:23 GMT","GlobalID":"f924b32b-2cef-486c-8b89-df2b208b6065"}},{"type":"Feature","id":577582,"geometry":{"type":"Point","coordinates":[1435924,5182660]},"properties":{"OBJECTID":577582,"name":"Potts Hut","place":"Hakatere Conservation Park","region":"Canterbury","bookable":"No","facilities":"Heating, Mattresses, Toilets - non-flush, Water from stream, Water supply","hasAlerts":"Refer to DOC website for current alerts","introductionThumbnail":"https://www.doc.govt.nz/thumbs/large/link/b88b4aa406764d9197aa2e5bc694c905.jpg","staticLink":"https://www.doc.govt.nz/link/d4969fa8b97f41449c0d9b7ada5602e7.aspx","locationString":"Hakatere Conservation Park","x":1435924,"y":5182660,"assetId":100040275,"dateLoadedToGIS":"Tue, 05 Aug 2025 08:39:23 GMT","GlobalID":"eed8d5f9-1c86-4a27-857e-506cc463b6da"}},{"type":"Feature","id":577583,"geometry":{"type":"Point","coordinates":[1579811,5357924]},"properties":{"OBJECTID":577583,"name":"Hopeless Hut","place":"Nelson Lakes National Park","region":"Nelson/Tasman","bookable":"No","facilities":"Heating, Mattresses, Toilets - non-flush, Water from stream, Water supply","hasAlerts":"Refer to DOC website for current alerts","introductionThumbnail":"https://www.doc.govt.nz/thumbs/large/link/750b59cc603d49f3a19e6b1abb8b095f.aspx","staticLink":"https://www.doc.govt.nz/link/a292bef512e64014b4f8058975615935.aspx","locationString":"Nelson Lakes National Park","x":1579811,"y":5357924,"assetId":100061505,"dateLoadedToGIS":"Tue, 05 Aug 2025 08:39:23 GMT","GlobalID":"63e3c0b9-2347-46d5-aef1-5af7020c8660"}},{"type":"Feature","id":577584,"geometry":{"type":"Point","coordinates":[1210308,5083290]},"properties":{"OBJECTID":577584,"name":"Big Bay Hut","place":"Fiordland National Park","region":"Fiordland","bookable":"No","facilities":"Heating, Mattresses, Toilets - non-flush, Water from tap - not treated, boil before use, Water supply","hasAlerts":"Refer to DOC website for current alerts","introductionThumbnail":"https://www.doc.govt.nz/thumbs/large/link/cdb593cf399542f09dbbb69a1ccfc1de.jpg","staticLink":"https://www.doc.govt.nz/link/2ab4c09b0bb54fe9b784e96abad2c36f.aspx","locationString":"Fiordland National Park","x":1210308,"y":5083290,"assetId":100054490,"dateLoadedToGIS":"Tue, 05 Aug 2025 08:39:24 GMT","GlobalID":"4d33d1ec-6e82-4e72-b406-55fb34e73852"}},{"type":"Feature","id":577585,"geometry":{"type":"Point","coordinates":[1818820,5708026]},"properties":{"OBJECTID":577585,"name":"Hauhungaroa Hut","place":"Pureora Forest Park","region":"Waikato","bookable":"No","facilities":"Heating, Mattresses, Toilets - non-flush, Water from tap - not treated, boil before use, Water supply","hasAlerts":"Refer to DOC website for current alerts","introductionThumbnail":"https://www.doc.govt.nz/thumbs/large/link/cef463207bbc4147b546239ea55d9bac.jpg","staticLink":"https://www.doc.govt.nz/link/db90718ef7ba4f458608ba0e3d773018.aspx","locationString":"Pureora Forest Park","x":1818820,"y":5708026,"assetId":100041044,"dateLoadedToGIS":"Tue, 05 Aug 2025 08:39:24 GMT","GlobalID":"58251a57-6303-425a-adf5-4a8b41e7c140"}},{"type":"Feature","id":577586,"geometry":{"type":"Point","coordinates":[1553145.3656,5414377.0239]},"properties":{"OBJECTID":577586,"name":"Stone Hut","place":"Kahurangi National Park","region":"Nelson/Tasman","bookable":"No","facilities":"Heating, Mattresses, Toilets - non-flush, Water from stream, Water supply","hasAlerts":"Refer to DOC website for current alerts","introductionThumbnail":"https://www.doc.govt.nz/thumbs/large/link/7dc95bbb660a4436ab59ed921cc6f933.jpg","staticLink":"https://www.doc.govt.nz/link/4f1c944492004248b8456ecb3f4e7469.aspx","locationString":"Kahurangi National Park","x":1553145,"y":5414377,"assetId":100064078,"dateLoadedToGIS":"Tue, 05 Aug 2025 08:39:24 GMT","GlobalID":"207e8a1c-ebcd-421d-9b4d-35b9224dec96"}},{"type":"Feature","id":577587,"geometry":{"type":"Point","coordinates":[1524841,5289303]},"properties":{"OBJECTID":577587,"name":"Slaty Creek Hut","place":"Ahaura River and Lake Brunner catchments area","region":"West Coast","bookable":"No","facilities":"Heating, Mattresses, Toilets - non-flush, Water from stream, Water supply","hasAlerts":"Refer to DOC website for current alerts","introductionThumbnail":"https://www.doc.govt.nz/thumbs/large/link/2de95105a6e34af182630b3c36684ad6.aspx","staticLink":"https://www.doc.govt.nz/link/719bcea624f34ecf96d6afeb07254613.aspx","locationString":"Ahaura River and Lake Brunner catchments area","x":1524841,"y":5289303,"assetId":100075434,"dateLoadedToGIS":"Tue, 05 Aug 2025 08:39:24 GMT","GlobalID":"357a7e6e-5764-4b94-a3ba-1940bcc2ef52"}},{"type":"Feature","id":577588,"geometry":{"type":"Point","coordinates":[1220153,4984741]},"properties":{"OBJECTID":577588,"name":"Careys Hut","place":"Mavora Lakes Conservation Park","region":"Southland","bookable":"No","facilities":"Heating, Mattresses, Toilets - non-flush, Water from tap - not treated, boil before use, Water supply","hasAlerts":"Refer to DOC website for current alerts","introductionThumbnail":"https://www.doc.govt.nz/thumbs/large/link/0a414ebd48ae44dc969a4b31438f23e2.jpg","staticLink":"https://www.doc.govt.nz/link/8857cedefbf448798c9a187563d03ce2.aspx","locationString":"Mavora Lakes Conservation Park","x":1220153,"y":4984741,"assetId":100058399,"dateLoadedToGIS":"Tue, 05 Aug 2025 08:39:24 GMT","GlobalID":"6728a9e7-de92-47e8-a45e-90c6865df829"}},{"type":"Feature","id":577589,"geometry":{"type":"Point","coordinates":[1359601,5162385]},"properties":{"OBJECTID":577589,"name":"Douglas Rock Hut","place":"Westland Tai Poutini National Park","region":"West Coast","bookable":"No","facilities":"Heating, Mattresses, Toilets - non-flush, Water from tap - not treated, boil before use, Water supply","hasAlerts":"Refer to DOC website for current alerts","introductionThumbnail":"https://www.doc.govt.nz/thumbs/large/link/ba9b5b6f94ea4f63a3a7bb173d90348a.jpg","staticLink":"https://www.doc.govt.nz/link/e54eb2196ea9468382401bc92f882c8d.aspx","locationString":"Westland Tai Poutini National Park","x":1359601,"y":5162385,"assetId":100062383,"dateLoadedToGIS":"Tue, 05 Aug 2025 08:39:25 GMT","GlobalID":"c56a8c2f-1f19-4cce-aeb6-f1a6ba0d7719"}},{"type":"Feature","id":577590,"geometry":{"type":"Point","coordinates":[1524747,5294366]},"properties":{"OBJECTID":577590,"name":"Mid Robinson Hut","place":"Victoria Forest Park","region":"West Coast","bookable":"No","facilities":"Heating, Mattresses, Toilets - non-flush, Water from stream, Water supply","hasAlerts":"Refer to DOC website for current alerts","introductionThumbnail":"https://www.doc.govt.nz/thumbs/large/link/a375b6affc68470fb890278a9b445271.jpg","staticLink":"https://www.doc.govt.nz/link/b6b207563bf9463388f0bcd1166e6dbd.aspx","locationString":"Victoria Forest Park","x":1524747,"y":5294366,"assetId":100063183,"dateLoadedToGIS":"Tue, 05 Aug 2025 08:39:25 GMT","GlobalID":"2aea6aa9-5513-4c6d-b301-d0fbbc91df31"}},{"type":"Feature","id":577591,"geometry":{"type":"Point","coordinates":[1537482,5278654]},"properties":{"OBJECTID":577591,"name":"Hope Kiwi Lodge","place":"Lake Sumner Forest Park","region":"Canterbury","bookable":"Yes","facilities":"Heating, Mattresses, Toilets - non-flush, Water from tap - not treated, boil before use, Water supply","hasAlerts":"Refer to DOC website for current alerts","introductionThumbnail":"https://www.doc.govt.nz/thumbs/large/link/9a43ba253c96417ba857454f60652d3d.jpg","staticLink":"https://www.doc.govt.nz/link/b390bd24951444bc8de66e23e2ce547a.aspx","locationString":"Lake Sumner Forest Park","x":1537482,"y":5278654,"assetId":100062598,"dateLoadedToGIS":"Tue, 05 Aug 2025 08:39:25 GMT","GlobalID":"75d37faa-69e8-49d0-830c-25e467ab9836"}},{"type":"Feature","id":577592,"geometry":{"type":"Point","coordinates":[1287426,5101293]},"properties":{"OBJECTID":577592,"name":"Young Hut","place":"Mount Aspiring National Park","region":"Otago","bookable":"Yes","facilities":"Heating, Mattresses, Toilets - non-flush, Water from tap - not treated, boil before use, Water supply","hasAlerts":"Refer to DOC website for current alerts","introductionThumbnail":"https://www.doc.govt.nz/thumbs/large/link/c69c5e0b070f46ddbeb2c92390e75c52.aspx","staticLink":"https://www.doc.govt.nz/link/64bfd6f160fa45aa90da8728460eedf4.aspx","locationString":"Mount Aspiring National Park","x":1287426,"y":5101293,"assetId":100039578,"dateLoadedToGIS":"Tue, 05 Aug 2025 08:39:25 GMT","GlobalID":"f852a8ac-c635-4d5e-baf3-7644cd88d566"}},{"type":"Feature","id":577593,"geometry":{"type":"Point","coordinates":[1365730,5157433]},"properties":{"OBJECTID":577593,"name":"Hooker Hut","place":"Aoraki/Mount Cook National Park","region":"Canterbury","bookable":"Yes","facilities":"Cooking, Heating, Mattresses, Toilets - non-flush, Water from tap - not treated, boil before use, Water supply","hasAlerts":"Refer to DOC website for current alerts","introductionThumbnail":"https://www.doc.govt.nz/thumbs/large/link/426cfaec0a1243a1bb72b274bb3fd29f.aspx","staticLink":"https://www.doc.govt.nz/link/064466804b48485f8bfb6b98b82df096.aspx","locationString":"Aoraki/Mount Cook National Park","x":1365730,"y":5157433,"assetId":100063445,"dateLoadedToGIS":"Tue, 05 Aug 2025 08:39:25 GMT","GlobalID":"57933b46-e739-4e0e-bc5b-a1f456f1d0be"}},{"type":"Feature","id":577594,"geometry":{"type":"Point","coordinates":[1519231,5218796]},"properties":{"OBJECTID":577594,"name":"Black Hill Hut","place":"Oxford Forest Conservation Area","region":"Canterbury","bookable":"No","facilities":"Heating, Mattresses, Toilets - non-flush, Water from tap - not treated, boil before use, Water supply","hasAlerts":"Refer to DOC website for current alerts","introductionThumbnail":"https://www.doc.govt.nz/thumbs/large/link/78e1b3dff0f44d0bb572da6d9f1e64ec.jpg","staticLink":"https://www.doc.govt.nz/link/a4b97a92817847c68d228af4550488e0.aspx","locationString":"Oxford Forest Conservation Area","x":1519231,"y":5218796,"assetId":100034979,"dateLoadedToGIS":"Tue, 05 Aug 2025 08:39:25 GMT","GlobalID":"a7c59c79-35da-46f2-bd53-18ff699c9675"}},{"type":"Feature","id":577595,"geometry":{"type":"Point","coordinates":[1212859,4796934]},"properties":{"OBJECTID":577595,"name":"Freshwater Hut","place":"Rakiura National Park","region":"Southland","bookable":"No","facilities":"Heating, Mattresses, Toilets - flush, Water from tap - not treated, boil before use, Water supply","hasAlerts":"Refer to DOC website for current alerts","introductionThumbnail":"https://www.doc.govt.nz/thumbs/large/link/52bd8705cdac4ba3b5f492e5882d1acd.jpg","staticLink":"https://www.doc.govt.nz/link/edebfc2899794de09111b2d5844007bd.aspx","locationString":"Rakiura National Park","x":1212859,"y":4796934,"assetId":100055692,"dateLoadedToGIS":"Tue, 05 Aug 2025 08:39:26 GMT","GlobalID":"0835a774-2b9d-4b14-8ef3-3d55af07d829"}},{"type":"Feature","id":577596,"geometry":{"type":"Point","coordinates":[1300347,5142013]},"properties":{"OBJECTID":577596,"name":"Maori Saddle Hut","place":"Haast, Paringa and Moeraki rivers area","region":"West Coast","bookable":"No","facilities":"Heating, Mattresses, Toilets - non-flush, Water from tap - not treated, boil before use, Water supply","hasAlerts":"Refer to DOC website for current alerts","introductionThumbnail":"https://www.doc.govt.nz/thumbs/large/link/da185df708574d74b0c37d831447b330.aspx","staticLink":"https://www.doc.govt.nz/link/65e166c787194675920e399e4edba955.aspx","locationString":"Haast, Paringa and Moeraki rivers area","x":1300347,"y":5142013,"assetId":100062449,"dateLoadedToGIS":"Tue, 05 Aug 2025 08:39:26 GMT","GlobalID":"914a38d4-0aa5-4eb3-8ee4-9cc11cbebd9e"}},{"type":"Feature","id":577597,"geometry":{"type":"Point","coordinates":[1938928,5746829]},"properties":{"OBJECTID":577597,"name":"Duckville Hut","place":"Te Urewera","region":"East Coast","bookable":"No","facilities":"Heating, Mattresses, Toilets - non-flush, Water from stream, Water supply","hasAlerts":"Refer to DOC website for current alerts","introductionThumbnail":"https://www.doc.govt.nz/images/no-photo/no-photo-220x140.jpg","staticLink":"https://www.doc.govt.nz/link/8e30ec824e3f42c3b8da383e3928f491.aspx","locationString":"Te Urewera","x":1938928,"y":5746829,"assetId":100065459,"dateLoadedToGIS":"Tue, 05 Aug 2025 08:39:26 GMT","GlobalID":"6153523e-0583-4e46-b3e1-15bb058118df"}},{"type":"Feature","id":577598,"geometry":{"type":"Point","coordinates":[1847987,5843046]},"properties":{"OBJECTID":577598,"name":"Waitawheta Hut","place":"Kaimai Mamaku Conservation Park","region":"Bay of Plenty","bookable":"Yes","facilities":"Heating, Mattresses, Toilets - non-flush, Water from tap - not treated, boil before use, Water supply","hasAlerts":"Refer to DOC website for current alerts","introductionThumbnail":"https://www.doc.govt.nz/thumbs/large/link/e35887d42a264911ba60e2a00a03c504.jpg","staticLink":"https://www.doc.govt.nz/link/14d229c2f4194f24afa5797b77115491.aspx","locationString":"Kaimai Mamaku Conservation Park","x":1847987,"y":5843046,"assetId":100039054,"dateLoadedToGIS":"Tue, 05 Aug 2025 08:39:26 GMT","GlobalID":"faa0bda0-2e55-4951-9bf6-8f457c7f17c0"}},{"type":"Feature","id":577599,"geometry":{"type":"Point","coordinates":[1376400,5178700]},"properties":{"OBJECTID":577599,"name":"Centennial Hut","place":"Westland Tai Poutini National Park","region":"West Coast","bookable":"No","facilities":"Mattresses, Lighting, Toilets - non-flush, Water from tap - not treated, boil before use, Water supply","hasAlerts":"Refer to DOC website for current alerts","introductionThumbnail":"https://www.doc.govt.nz/thumbs/large/link/eb94717c493a4dbca262bb2135f38f64.aspx","staticLink":"https://www.doc.govt.nz/link/4d132e58a96f4257a833be0ac8924bb0.aspx","locationString":"Westland Tai Poutini National Park","x":1376400,"y":5178700,"assetId":100040566,"dateLoadedToGIS":"Tue, 05 Aug 2025 08:39:26 GMT","GlobalID":"17cd0674-d664-4014-a952-9f8680d6c49e"}},{"type":"Feature","id":577600,"geometry":{"type":"Point","coordinates":[1552800,5339300]},"properties":{"OBJECTID":577600,"name":"Nardoo Hut","place":"Nelson Lakes National Park","region":"Nelson/Tasman","bookable":"No","facilities":"Mattresses, Water from stream, Water supply","hasAlerts":"Refer to DOC website for current alerts","introductionThumbnail":"https://www.doc.govt.nz/thumbs/large/link/84f995feb52a4a22a86239ed3f2d0cda.aspx","staticLink":"https://www.doc.govt.nz/link/c6b9454aadee4bb09cd29e2ab2ec07a9.aspx","locationString":"Nelson Lakes National Park","x":1552800,"y":5339300,"assetId":100044065,"dateLoadedToGIS":"Tue, 05 Aug 2025 08:39:27 GMT","GlobalID":"d0b0b473-f03e-41d6-b9c3-3057cb34cb5d"}},{"type":"Feature","id":577601,"geometry":{"type":"Point","coordinates":[1695719,5647265]},"properties":{"OBJECTID":577601,"name":"Waingongoro Hut","place":"Dawson Falls area","region":"Taranaki","bookable":"No","facilities":"Heating, Mattresses, Toilets - non-flush, Water from tap - not treated, boil before use, Water supply","hasAlerts":"Refer to DOC website for current alerts","introductionThumbnail":"https://www.doc.govt.nz/thumbs/large/link/97a742ccb4e04eaf9a240dc3016dd51f.jpg","staticLink":"https://www.doc.govt.nz/link/670e92f97926452fafcd6730e497a2bd.aspx","locationString":"Dawson Falls area","x":1695719,"y":5647265,"assetId":100061023,"dateLoadedToGIS":"Tue, 05 Aug 2025 08:39:27 GMT","GlobalID":"1b8bab00-94d2-4d2e-9198-9e72ba110786"}},{"type":"Feature","id":577602,"geometry":{"type":"Point","coordinates":[1574528,5442274]},"properties":{"OBJECTID":577602,"name":"Upper Gridiron Hut","place":"Kahurangi National Park","region":"Nelson/Tasman","bookable":"No","facilities":"Heating, Mattresses, Toilets - non-flush, Water from tap - not treated, boil before use, Water supply","hasAlerts":"Refer to DOC website for current alerts","introductionThumbnail":"https://www.doc.govt.nz/thumbs/large/link/6d4e5b60314b436db28a1dcdc1b8fbd6.jpg","staticLink":"https://www.doc.govt.nz/link/671389d85c2e4837a9379dbe72c38f04.aspx","locationString":"Kahurangi National Park","x":1574528,"y":5442274,"assetId":100075825,"dateLoadedToGIS":"Tue, 05 Aug 2025 08:39:27 GMT","GlobalID":"e47254ab-e263-4ee1-87b0-f0d573e89fb6"}},{"type":"Feature","id":577603,"geometry":{"type":"Point","coordinates":[1409763,5184879]},"properties":{"OBJECTID":577603,"name":"Forbes Bivvy","place":"Rangitata and Rakaia Rivers area","region":"Canterbury","bookable":"No","facilities":"Heating, Mattresses, Toilets - non-flush, Water from stream, Water supply","hasAlerts":"Refer to DOC website for current alerts","introductionThumbnail":"https://www.doc.govt.nz/thumbs/large/link/5d00454e421548c2b8f159bc483dd34c.aspx","staticLink":"https://www.doc.govt.nz/link/0ceb9373c7884a4a81dd9aee1422a93e.aspx","locationString":"Rangitata and Rakaia Rivers area","x":1409763,"y":5184879,"assetId":100065471,"dateLoadedToGIS":"Tue, 05 Aug 2025 08:39:27 GMT","GlobalID":"154da422-57ed-4ad5-8b79-fe1932597892"}},{"type":"Feature","id":577604,"geometry":{"type":"Point","coordinates":[1656681,5373652]},"properties":{"OBJECTID":577604,"name":"Penk Hut","place":"Ferny Gair Conservation Area","region":"Marlborough","bookable":"No","facilities":"Heating, Mattresses, Toilets - non-flush, Water from stream, Water supply","hasAlerts":"Refer to DOC website for current alerts","introductionThumbnail":"https://www.doc.govt.nz/thumbs/large/link/4f2ff3b9ccbb44a3a59dfdd26a643edf.jpg","staticLink":"https://www.doc.govt.nz/link/069b6716876242dabc7f5481dc11b359.aspx","locationString":"Ferny Gair Conservation Area","x":1656681,"y":5373652,"assetId":100064237,"dateLoadedToGIS":"Tue, 05 Aug 2025 08:39:27 GMT","GlobalID":"49eeeb25-0e11-45e1-a179-d646d683ef53"}},{"type":"Feature","id":577605,"geometry":{"type":"Point","coordinates":[1201636,5078755]},"properties":{"OBJECTID":577605,"name":"Martins Bay Hut","place":"Fiordland National Park","region":"Fiordland","bookable":"No","facilities":"Heating, Mattresses, Toilets - non-flush, Water from tap - not treated, boil before use, Water supply","hasAlerts":"Refer to DOC website for current alerts","introductionThumbnail":"https://www.doc.govt.nz/thumbs/large/link/2e044356b63f4d09b511dfba7579c9e1.aspx","staticLink":"https://www.doc.govt.nz/link/ad6e3a6a055c4f5593b6a0eb5d6c9743.aspx","locationString":"Fiordland National Park","x":1201636,"y":5078755,"assetId":100043653,"dateLoadedToGIS":"Tue, 05 Aug 2025 08:39:28 GMT","GlobalID":"8aab89bb-5693-4a00-a531-68a7aa912473"}},{"type":"Feature","id":577606,"geometry":{"type":"Point","coordinates":[1460531,5249774]},"properties":{"OBJECTID":577606,"name":"Grassy Flat Hut","place":"Kelly Range – Styx River area","region":"West Coast","bookable":"No","facilities":"Heating, Mattresses, Toilets - non-flush, Water from tap - not treated, boil before use, Water supply","hasAlerts":"Refer to DOC website for current alerts","introductionThumbnail":"https://www.doc.govt.nz/thumbs/large/link/2bed3280a91b45748df7aaf72355b1b5.jpg","staticLink":"https://www.doc.govt.nz/link/915cabaed0f1400da00354684ff0550a.aspx","locationString":"Kelly Range – Styx River area","x":1460531,"y":5249774,"assetId":100039195,"dateLoadedToGIS":"Tue, 05 Aug 2025 08:39:28 GMT","GlobalID":"9123c409-0262-4c88-bb61-57e557a6b662"}},{"type":"Feature","id":577607,"geometry":{"type":"Point","coordinates":[1781513,5468231]},"properties":{"OBJECTID":577607,"name":"Kapakapanui Hut","place":"Tararua Forest Park","region":"Wellington/Kapiti","bookable":"No","facilities":"Heating, Mattresses, Toilets - non-flush, Water from tap - not treated, boil before use, Water supply","hasAlerts":"Refer to DOC website for current alerts","introductionThumbnail":"https://www.doc.govt.nz/thumbs/large/link/4968c7b4c4c74ad3b6b60ae7ebe8cbf1.jpg","staticLink":"https://www.doc.govt.nz/link/e49009ab08094dce80297f5fffd48d3f.aspx","locationString":"Tararua Forest Park","x":1781513,"y":5468231,"assetId":100062767,"dateLoadedToGIS":"Tue, 05 Aug 2025 08:39:28 GMT","GlobalID":"f757a404-3405-4ed8-ad8a-9384c9ecc1e4"}},{"type":"Feature","id":577608,"geometry":{"type":"Point","coordinates":[1868255.9809,5588456.8164]},"properties":{"OBJECTID":577608,"name":"Waikamaka Hut","place":"Ruahine Forest Park","region":"Manawatu/Whanganui","bookable":"No","facilities":"Heating, Mattresses, Toilets - non-flush, Water from tap - not treated, boil before use, Water supply","hasAlerts":"Refer to DOC website for current alerts","introductionThumbnail":"https://www.doc.govt.nz/thumbs/large/link/4b2cee9afba045f6baae187bc3bbec57.aspx","staticLink":"https://www.doc.govt.nz/link/c4e03191af0d446eaa9288aee4f9fa3b.aspx","locationString":"Ruahine Forest Park","x":1868256,"y":5588457,"assetId":100055428,"dateLoadedToGIS":"Tue, 05 Aug 2025 08:39:28 GMT","GlobalID":"46873dda-aed4-47b1-a4d0-c3bd82d1b6c2"}},{"type":"Feature","id":577609,"geometry":{"type":"Point","coordinates":[1226751,5018182]},"properties":{"OBJECTID":577609,"name":"Mid Caples Hut","place":"Greenstone and Caples Conservation Areas","region":"Otago","bookable":"Yes","facilities":"Heating, Mattresses, Toilets - flush, Water from tap - not treated, boil before use, Water supply","hasAlerts":"Refer to DOC website for current alerts","introductionThumbnail":"https://www.doc.govt.nz/thumbs/large/link/64358b43daa549cfa22949128681feac.aspx","staticLink":"https://www.doc.govt.nz/link/07b112c997d14a13ae8b426a61c7708f.aspx","locationString":"Greenstone and Caples Conservation Areas","x":1226751,"y":5018182,"assetId":100096404,"dateLoadedToGIS":"Tue, 05 Aug 2025 08:39:28 GMT","GlobalID":"3e7d8dd1-e7e8-4a80-b2ab-a8ea7c43b9fa"}},{"type":"Feature","id":577610,"geometry":{"type":"Point","coordinates":[1808293,5489785]},"properties":{"OBJECTID":577610,"name":"Dundas Hut","place":"Tararua Forest Park","region":"Wairarapa","bookable":"No","facilities":"Mattresses, Toilets - non-flush, Water from tap - not treated, boil before use, Water supply","hasAlerts":"Refer to DOC website for current alerts","introductionThumbnail":"https://www.doc.govt.nz/thumbs/large/link/7181be8525424337b7400f954fb7cb6b.jpg","staticLink":"https://www.doc.govt.nz/link/d4e81ce0ad88413c8a099d828beee0e3.aspx","locationString":"Tararua Forest Park","x":1808293,"y":5489785,"assetId":100034815,"dateLoadedToGIS":"Tue, 05 Aug 2025 08:39:29 GMT","GlobalID":"f810b43d-bf74-4f60-b3b8-d7ebbd82254e"}},{"type":"Feature","id":577611,"geometry":{"type":"Point","coordinates":[1826196,5713854]},"properties":{"OBJECTID":577611,"name":"Waihāhā Hut","place":"Pureora Forest Park","region":"Waikato","bookable":"No","facilities":"Heating, Mattresses, Toilets - non-flush, Water from tap - not treated, boil before use, Water supply","hasAlerts":"Refer to DOC website for current alerts","introductionThumbnail":"https://www.doc.govt.nz/thumbs/large/link/887fd77dd3dc4cdcb3434f4c9a72d1de.jpg","staticLink":"https://www.doc.govt.nz/link/ebf58dd2bb674b23bbf422de5506a944.aspx","locationString":"Pureora Forest Park","x":1826196,"y":5713854,"assetId":100040830,"dateLoadedToGIS":"Tue, 05 Aug 2025 08:39:29 GMT","GlobalID":"7fd7f782-3a9a-4bc1-b0aa-a7a579072030"}},{"type":"Feature","id":577612,"geometry":{"type":"Point","coordinates":[1492797,5271185]},"properties":{"OBJECTID":577612,"name":"Top Crooked Hut","place":"Ahaura River and Lake Brunner catchments area","region":"West Coast","bookable":"No","facilities":"Heating, Mattresses, Toilets - non-flush, Water from stream, Water supply","hasAlerts":"Refer to DOC website for current alerts","introductionThumbnail":"https://www.doc.govt.nz/thumbs/large/link/13c19256e3a64284b7fdb7a40f56412b.jpg","staticLink":"https://www.doc.govt.nz/link/d4519c508d6d4e3394e6505b72053c1a.aspx","locationString":"Ahaura River and Lake Brunner catchments area","x":1492797,"y":5271185,"assetId":100054107,"dateLoadedToGIS":"Tue, 05 Aug 2025 08:39:29 GMT","GlobalID":"e03573eb-57e0-4a65-9b30-3103c5b46cf0"}},{"type":"Feature","id":577613,"geometry":{"type":"Point","coordinates":[1444706,5218924]},"properties":{"OBJECTID":577613,"name":"West Mathias Bivvy","place":"Rangitata and Rakaia Rivers area","region":"Canterbury","bookable":"No","facilities":"Heating, Mattresses, Toilets - non-flush, Water from stream, Water supply","hasAlerts":"Refer to DOC website for current alerts","introductionThumbnail":"https://www.doc.govt.nz/thumbs/large/link/106036776b224eebaffb27391c7cefaf.jpg","staticLink":"https://www.doc.govt.nz/link/01fe518ac2aa4c3e8557193e6bf28bba.aspx","locationString":"Rangitata and Rakaia Rivers area","x":1444706,"y":5218924,"assetId":100060745,"dateLoadedToGIS":"Tue, 05 Aug 2025 08:39:29 GMT","GlobalID":"d41e2bba-c6bf-48ff-8014-6b7ca718eb86"}},{"type":"Feature","id":577614,"geometry":{"type":"Point","coordinates":[1883586,5637868]},"properties":{"OBJECTID":577614,"name":"Cameron Hut","place":"Kaweka Forest Park","region":"Hawke’s Bay","bookable":"No","facilities":"Heating, Mattresses, Toilets - non-flush, Water from stream, Water supply","hasAlerts":"Refer to DOC website for current alerts","introductionThumbnail":"https://www.doc.govt.nz/thumbs/large/link/3ca105a5e9804915a4fc24482bea3112.aspx","staticLink":"https://www.doc.govt.nz/link/c980168699d6453b82c8ba6ead71313e.aspx","locationString":"Kaweka Forest Park","x":1883586,"y":5637868,"assetId":100033712,"dateLoadedToGIS":"Tue, 05 Aug 2025 08:39:29 GMT","GlobalID":"346be593-43f8-465a-bef0-7f47df3335ff"}},{"type":"Feature","id":577615,"geometry":{"type":"Point","coordinates":[1437922,5235997]},"properties":{"OBJECTID":577615,"name":"Rapid Creek Hut","place":"Kokatahi River - Whitcombe River area","region":"West Coast","bookable":"No","facilities":"Heating, Mattresses, Toilets - non-flush, Water from stream, Water supply","hasAlerts":"Refer to DOC website for current alerts","introductionThumbnail":"https://www.doc.govt.nz/thumbs/large/link/a2441994a68249339b3ca58aa884af1c.jpg","staticLink":"https://www.doc.govt.nz/link/e729b1612a224100be6aa53dbddc446e.aspx","locationString":"Kokatahi River - Whitcombe River area","x":1437922,"y":5235997,"assetId":100062208,"dateLoadedToGIS":"Tue, 05 Aug 2025 08:39:30 GMT","GlobalID":"6092b996-3989-42d6-8d36-8b8005f3a988"}},{"type":"Feature","id":577616,"geometry":{"type":"Point","coordinates":[1602900,5354100]},"properties":{"OBJECTID":577616,"name":"Branch Bivvy","place":"Leatham Conservation Area","region":"Marlborough","bookable":"No","facilities":"Mattresses, Toilets - non-flush, Water from stream, Water supply","hasAlerts":"Refer to DOC website for current alerts","introductionThumbnail":"https://www.doc.govt.nz/thumbs/large/link/b397ba18d9c14ce888a9dab6e1556d99.aspx","staticLink":"https://www.doc.govt.nz/link/11c0bdb260f342f4af474b4a540da74e.aspx","locationString":"Leatham Conservation Area","x":1602900,"y":5354100,"assetId":100064268,"dateLoadedToGIS":"Tue, 05 Aug 2025 08:39:30 GMT","GlobalID":"03843fe1-0081-4098-91c6-79eccef90bba"}},{"type":"Feature","id":577617,"geometry":{"type":"Point","coordinates":[1340099,5108200]},"properties":{"OBJECTID":577617,"name":"South Temple Hut","place":"Ruataniwha Conservation Park","region":"Canterbury","bookable":"No","facilities":"Heating, Mattresses, Toilets - non-flush, Water from stream, Water supply","hasAlerts":"Refer to DOC website for current alerts","introductionThumbnail":"https://www.doc.govt.nz/thumbs/large/link/cf19fd5201ef45d9a0da957084fe8c62.jpg","staticLink":"https://www.doc.govt.nz/link/99b0fab7b8ee4505bd6deb8d8ee65abc.aspx","locationString":"Ruataniwha Conservation Park","x":1340099,"y":5108200,"assetId":100034569,"dateLoadedToGIS":"Tue, 05 Aug 2025 08:39:30 GMT","GlobalID":"2a046d6c-c2ad-4559-bfd3-35822d5bc0a2"}},{"type":"Feature","id":577618,"geometry":{"type":"Point","coordinates":[1328593,5092287]},"properties":{"OBJECTID":577618,"name":"Ahuriri Base Hut","place":"Ahuriri Conservation Park","region":"Canterbury","bookable":"No","facilities":"Heating, Mattresses, Toilets - non-flush, Water from tap - not treated, boil before use, Water supply","hasAlerts":"Refer to DOC website for current alerts","introductionThumbnail":"https://www.doc.govt.nz/thumbs/large/link/16f285377a2443869b424d784b2682a1.jpg","staticLink":"https://www.doc.govt.nz/link/88a5e2307adf45caaa0a13d862f964f0.aspx","locationString":"Ahuriri Conservation Park","x":1328593,"y":5092287,"assetId":100034565,"dateLoadedToGIS":"Tue, 05 Aug 2025 08:39:30 GMT","GlobalID":"e19cf543-dd2f-4f79-82b5-58bfc74bcf90"}},{"type":"Feature","id":577619,"geometry":{"type":"Point","coordinates":[1666690,6125356]},"properties":{"OBJECTID":577619,"name":"Lane Cove Hut","place":"Whangaroa area","region":"Northland","bookable":"Yes","facilities":"Mattresses, Toilets - non-flush, Water from tap - not treated, boil before use, Water supply","hasAlerts":"Refer to DOC website for current alerts","introductionThumbnail":"https://www.doc.govt.nz/thumbs/large/link/fdb8d47c96fb421db2d75021e0ff524a.jpg","staticLink":"https://www.doc.govt.nz/link/08cd5aa2d643478db1fe37a89a5c4bac.aspx","locationString":"Whangaroa area","x":1666690,"y":6125356,"assetId":100058116,"dateLoadedToGIS":"Tue, 05 Aug 2025 08:39:30 GMT","GlobalID":"77a316c8-2adc-46fb-b97b-4e0ced989c54"}},{"type":"Feature","id":577620,"geometry":{"type":"Point","coordinates":[1866501,5586582]},"properties":{"OBJECTID":577620,"name":"Waterfall Hut","place":"Ruahine Forest Park","region":"Manawatu/Whanganui","bookable":"No","facilities":"Heating, Mattresses, Toilets - non-flush, Water from stream, Water supply","hasAlerts":"Refer to DOC website for current alerts","introductionThumbnail":"https://www.doc.govt.nz/thumbs/large/link/8e0e66bb5bd74c118570e11100294ed1.aspx","staticLink":"https://www.doc.govt.nz/link/ec1c29d4a96c4e56bde32468aeea6304.aspx","locationString":"Ruahine Forest Park","x":1866501,"y":5586582,"assetId":100064479,"dateLoadedToGIS":"Tue, 05 Aug 2025 08:39:31 GMT","GlobalID":"0c953d65-426c-46fd-b430-64f7c9b3bc32"}},{"type":"Feature","id":577621,"geometry":{"type":"Point","coordinates":[1193591,4933584]},"properties":{"OBJECTID":577621,"name":"Cheviot Downs Hut","place":"Takitimu Conservation Area","region":"Southland","bookable":"No","facilities":"Mattresses, Toilets - non-flush, Water from tap - not treated, boil before use, Water supply","hasAlerts":"Refer to DOC website for current alerts","introductionThumbnail":"https://www.doc.govt.nz/thumbs/large/link/ca729be2f9b244c9a0612866a028ef9d.aspx","staticLink":"https://www.doc.govt.nz/link/2c07470929f44e1da6b8198f6cf7664d.aspx","locationString":"Takitimu Conservation Area","x":1193591,"y":4933584,"assetId":100061861,"dateLoadedToGIS":"Tue, 05 Aug 2025 08:39:31 GMT","GlobalID":"33a1e9aa-f53b-4368-8395-e47b2a723670"}},{"type":"Feature","id":577622,"geometry":{"type":"Point","coordinates":[1469897,5330060]},"properties":{"OBJECTID":577622,"name":"Pororari Hut","place":"Paparoa National Park","region":"West Coast","bookable":"Yes","facilities":"Cooking, Heating, Mattresses, Lighting, Toilets - non-flush, Water from tap - not treated, boil before use, Water supply","hasAlerts":"Refer to DOC website for current alerts","introductionThumbnail":"https://www.doc.govt.nz/thumbs/large/link/ccb49f57361a42928cebe1e6b254ecb8.aspx","staticLink":"https://www.doc.govt.nz/link/de782835cec24461ab377033af75de2f.aspx","locationString":"Paparoa National Park","x":1469897,"y":5330060,"assetId":100128448,"dateLoadedToGIS":"Tue, 05 Aug 2025 08:39:31 GMT","GlobalID":"e998121e-ab38-4f09-b69a-398bb11b75be"}},{"type":"Feature","id":577623,"geometry":{"type":"Point","coordinates":[1224712,4949494]},"properties":{"OBJECTID":577623,"name":"Lower Windley Hut","place":"Eyre Mountains/Taka Rā Haka Conservation Park","region":"Southland","bookable":"No","facilities":"Mattresses, Toilets - non-flush, Water from stream, Water supply","hasAlerts":"Refer to DOC website for current alerts","introductionThumbnail":"https://www.doc.govt.nz/images/no-photo/no-photo-220x140.jpg","staticLink":"https://www.doc.govt.nz/link/81a80d6328b74b59840e26806d9cb223.aspx","locationString":"Eyre Mountains/Taka Rā Haka Conservation Park","x":1224712,"y":4949494,"assetId":100031292,"dateLoadedToGIS":"Tue, 05 Aug 2025 08:39:31 GMT","GlobalID":"0a5b8548-865c-480c-9c51-bfb1e36f0c87"}},{"type":"Feature","id":577624,"geometry":{"type":"Point","coordinates":[1162299,4919457]},"properties":{"OBJECTID":577624,"name":"Borland Bivvy","place":"Fiordland National Park","region":"Fiordland","bookable":"No","facilities":"Toilets - non-flush, Water from stream, Water supply","hasAlerts":"Refer to DOC website for current alerts","introductionThumbnail":"https://www.doc.govt.nz/thumbs/large/link/84540a8d80cc498cb0b67231294a8d48.jpg","staticLink":"https://www.doc.govt.nz/link/bfac6bef81e04b2795cb60161d142d66.aspx","locationString":"Fiordland National Park","x":1162299,"y":4919457,"assetId":100059095,"dateLoadedToGIS":"Tue, 05 Aug 2025 08:39:31 GMT","GlobalID":"6d53984a-867f-4f03-ba82-64f69cdb826e"}},{"type":"Feature","id":577625,"geometry":{"type":"Point","coordinates":[1856789,5814882]},"properties":{"OBJECTID":577625,"name":"Te Whare Okioki","place":"Kaimai Mamaku Conservation Park","region":"Bay of Plenty","bookable":"Yes","facilities":"Heating, Mattresses, Lighting, Toilets - non-flush, Water from tap - not treated, boil before use, Water supply","hasAlerts":"Refer to DOC website for current alerts","introductionThumbnail":"https://www.doc.govt.nz/thumbs/large/link/ee7b87ccf5cf44829cc790a95bfaf646.aspx","staticLink":"https://www.doc.govt.nz/link/7167b8df2365466cbaf3847c1e72f6d6.aspx","locationString":"Kaimai Mamaku Conservation Park","x":1856789,"y":5814882,"assetId":100132129,"dateLoadedToGIS":"Tue, 05 Aug 2025 08:39:32 GMT","GlobalID":"e501aff3-5263-4339-a0a7-18cf703db282"}},{"type":"Feature","id":577626,"geometry":{"type":"Point","coordinates":[1868760,5577144]},"properties":{"OBJECTID":577626,"name":"Daphne Hut","place":"Ruahine Forest Park","region":"Hawke’s Bay","bookable":"No","facilities":"Heating, Mattresses, Toilets - non-flush, Water from stream, Water supply","hasAlerts":"Refer to DOC website for current alerts","introductionThumbnail":"https://www.doc.govt.nz/thumbs/large/link/63ed594d56764a398f50c914cd40f30c.aspx","staticLink":"https://www.doc.govt.nz/link/b1f48e7243d2413fbcf0dad0e3b3a2a0.aspx","locationString":"Ruahine Forest Park","x":1868760,"y":5577144,"assetId":100072305,"dateLoadedToGIS":"Tue, 05 Aug 2025 08:39:32 GMT","GlobalID":"f7facb69-75f9-4d27-8899-d40aded47e2e"}},{"type":"Feature","id":577627,"geometry":{"type":"Point","coordinates":[1509816,5254545]},"properties":{"OBJECTID":577627,"name":"Ranger Bivvy","place":"Arthur's Pass National Park","region":"Canterbury","bookable":"No","facilities":"Heating, Toilets - non-flush, Water from stream, Water supply","hasAlerts":"Refer to DOC website for current alerts","introductionThumbnail":"https://www.doc.govt.nz/thumbs/large/link/ffc92f52352f4353aded5eac7790e955.jpg","staticLink":"https://www.doc.govt.nz/link/a8db45ae45a54af3b40739e17669c780.aspx","locationString":"Arthur's Pass National Park","x":1509816,"y":5254545,"assetId":100034584,"dateLoadedToGIS":"Tue, 05 Aug 2025 08:39:32 GMT","GlobalID":"aaede46b-886a-46b5-9ab5-ed1724286c0c"}},{"type":"Feature","id":577628,"geometry":{"type":"Point","coordinates":[1444162,5178580]},"properties":{"OBJECTID":577628,"name":"Boundary Creek Hut","place":"Hakatere Conservation Park","region":"Canterbury","bookable":"No","facilities":"Heating, Mattresses","hasAlerts":"Refer to DOC website for current alerts","introductionThumbnail":"https://www.doc.govt.nz/thumbs/large/link/5529d7aa157c414cb7868c005f740b83.jpg","staticLink":"https://www.doc.govt.nz/link/1168229795584ad3a6b1ee125c757b37.aspx","locationString":"Hakatere Conservation Park","x":1444162,"y":5178580,"assetId":100040276,"dateLoadedToGIS":"Tue, 05 Aug 2025 08:39:32 GMT","GlobalID":"23893390-1642-4f3d-8b52-362b03ef6b23"}},{"type":"Feature","id":577629,"geometry":{"type":"Point","coordinates":[1496216,5273673]},"properties":{"OBJECTID":577629,"name":"Cone Creek Hut","place":"Ahaura River and Lake Brunner catchments area","region":"West Coast","bookable":"No","facilities":"Heating, Mattresses, Toilets - non-flush, Water from stream, Water supply","hasAlerts":"Refer to DOC website for current alerts","introductionThumbnail":"https://www.doc.govt.nz/thumbs/large/link/04ed7eaa69e64a1aa1ec4469b8946898.jpg","staticLink":"https://www.doc.govt.nz/link/599618c640fd418d8071f1a8fcd8843e.aspx","locationString":"Ahaura River and Lake Brunner catchments area","x":1496216,"y":5273673,"assetId":100075435,"dateLoadedToGIS":"Tue, 05 Aug 2025 08:39:33 GMT","GlobalID":"b944cf0b-2148-43e6-939d-1fb3540ad0bc"}},{"type":"Feature","id":577630,"geometry":{"type":"Point","coordinates":[1256219,5029702]},"properties":{"OBJECTID":577630,"name":"Dynamo Red Hut","place":"Skippers area","region":"Otago","bookable":"No","facilities":"Heating, Toilets - non-flush, Water from stream, Water supply","hasAlerts":"Refer to DOC website for current alerts","introductionThumbnail":"https://www.doc.govt.nz/thumbs/large/link/d435472ed9014cbc9623e962141e8e41.jpg","staticLink":"https://www.doc.govt.nz/link/d2838f0db0b9489a8a29ae1c3bac3d9e.aspx","locationString":"Skippers area","x":1256219,"y":5029702,"assetId":100031572,"dateLoadedToGIS":"Tue, 05 Aug 2025 08:39:33 GMT","GlobalID":"2d76aed5-eb0d-4672-8793-d107e3cddfd8"}},{"type":"Feature","id":577631,"geometry":{"type":"Point","coordinates":[1224227,4774600]},"properties":{"OBJECTID":577631,"name":"Upper Lords Hunters Hut","place":"Rakiura National Park","region":"Southland","bookable":"Yes","facilities":"Heating, Mattresses, Toilets - non-flush, Water from tap - not treated, boil before use, Water supply","hasAlerts":"Refer to DOC website for current alerts","introductionThumbnail":"https://www.doc.govt.nz/thumbs/large/link/3aa979616a264027897dcd04e0b3111a.jpg","staticLink":"https://www.doc.govt.nz/link/4c069f066f0843cabd8eecc524d061d2.aspx","locationString":"Rakiura National Park","x":1224227,"y":4774600,"assetId":100090949,"dateLoadedToGIS":"Tue, 05 Aug 2025 08:39:33 GMT","GlobalID":"a806cd55-1e5f-4259-8b81-593c2cf9afe7"}},{"type":"Feature","id":577632,"geometry":{"type":"Point","coordinates":[1520866,5360981]},"properties":{"OBJECTID":577632,"name":"Mt Curtis Hut","place":"Victoria Forest Park","region":"West Coast","bookable":"No","facilities":"Heating, Mattresses, Toilets - non-flush, Water from stream, Water supply","hasAlerts":"Refer to DOC website for current alerts","introductionThumbnail":"https://www.doc.govt.nz/images/no-photo/no-photo-220x140.jpg","staticLink":"https://www.doc.govt.nz/link/af328e31649d4d10a6ab208776cde26d.aspx","locationString":"Victoria Forest Park","x":1520866,"y":5360981,"assetId":100095579,"dateLoadedToGIS":"Tue, 05 Aug 2025 08:39:33 GMT","GlobalID":"cb2b1e8f-ebcb-4ee8-b757-f58ec3c62bd8"}},{"type":"Feature","id":577633,"geometry":{"type":"Point","coordinates":[1773735,5423076]},"properties":{"OBJECTID":577633,"name":"Wharepapa Hut","place":"Remutaka Forest Park","region":"Wairarapa","bookable":"No","facilities":"Heating, Mattresses, Toilets - non-flush, Water from stream, Water supply","hasAlerts":"Refer to DOC website for current alerts","introductionThumbnail":"https://www.doc.govt.nz/thumbs/large/link/516f07bfd2d94d0ea895ef66220b29ba.jpg","staticLink":"https://www.doc.govt.nz/link/8559ce4e1fe2434b8041f1cac6e8c8e4.aspx","locationString":"Remutaka Forest Park","x":1773735,"y":5423076,"assetId":100059788,"dateLoadedToGIS":"Tue, 05 Aug 2025 08:39:33 GMT","GlobalID":"8b865b60-ea94-45a4-ad33-4803bd992ed4"}},{"type":"Feature","id":577634,"geometry":{"type":"Point","coordinates":[1616195,5357775]},"properties":{"OBJECTID":577634,"name":"Top Gordon Hut","place":"Leatham Conservation Area","region":"Marlborough","bookable":"No","facilities":"Heating, Mattresses, Toilets - non-flush, Water from stream, Water supply","hasAlerts":"Refer to DOC website for current alerts","introductionThumbnail":"https://www.doc.govt.nz/thumbs/large/link/db678c28f21b4c039f36bb46145ba8b0.aspx","staticLink":"https://www.doc.govt.nz/link/f63bb452444e4eefa31d1817b8cf6fa8.aspx","locationString":"Leatham Conservation Area","x":1616195,"y":5357775,"assetId":100061607,"dateLoadedToGIS":"Tue, 05 Aug 2025 08:39:33 GMT","GlobalID":"ab3d4a5a-d47f-4e4e-9ae5-b6fb5dac6a15"}},{"type":"Feature","id":577635,"geometry":{"type":"Point","coordinates":[1385158,5178692]},"properties":{"OBJECTID":577635,"name":"Tasman Saddle Hut","place":"Aoraki/Mount Cook National Park","region":"Canterbury","bookable":"No","facilities":"Mattresses, Lighting, Toilets - non-flush, Water from tap - not treated, boil before use, Water supply","hasAlerts":"Refer to DOC website for current alerts","introductionThumbnail":"https://www.doc.govt.nz/thumbs/large/link/8541c9952f854db4aa236202e8d5b26f.aspx","staticLink":"https://www.doc.govt.nz/link/a596c6fd385f47b682cc7bcead514212.aspx","locationString":"Aoraki/Mount Cook National Park","x":1385158,"y":5178692,"assetId":100075444,"dateLoadedToGIS":"Tue, 05 Aug 2025 08:39:34 GMT","GlobalID":"a1189064-3817-4c58-9280-cf006f464254"}},{"type":"Feature","id":577636,"geometry":{"type":"Point","coordinates":[1358519,5150402]},"properties":{"OBJECTID":577636,"name":"Barron Saddle Hut","place":"Aoraki/Mount Cook National Park","region":"Canterbury","bookable":"No","facilities":"Mattresses, Toilets - non-flush, Water from tap - not treated, boil before use, Water supply","hasAlerts":"Refer to DOC website for current alerts","introductionThumbnail":"https://www.doc.govt.nz/thumbs/large/link/1931990f1d5b48f7ae178afcd74e8df4.aspx","staticLink":"https://www.doc.govt.nz/link/4a0ca61987fd46d782ff266008d7536a.aspx","locationString":"Aoraki/Mount Cook National Park","x":1358519,"y":5150402,"assetId":100075440,"dateLoadedToGIS":"Tue, 05 Aug 2025 08:39:34 GMT","GlobalID":"3c1a88b3-6002-40a9-b033-5632c51a3a8f"}},{"type":"Feature","id":577637,"geometry":{"type":"Point","coordinates":[1866736,5572975]},"properties":{"OBJECTID":577637,"name":"Longview Hut","place":"Ruahine Forest Park","region":"Hawke’s Bay","bookable":"No","facilities":"Heating, Mattresses, Toilets - non-flush, Water from tap - not treated, boil before use, Water supply","hasAlerts":"Refer to DOC website for current alerts","introductionThumbnail":"https://www.doc.govt.nz/thumbs/large/link/f008083088c24a41a7bbc5701ba264a6.aspx","staticLink":"https://www.doc.govt.nz/link/06605d5b92064ca2843719b4ad607d47.aspx","locationString":"Ruahine Forest Park","x":1866736,"y":5572975,"assetId":100054641,"dateLoadedToGIS":"Tue, 05 Aug 2025 08:39:34 GMT","GlobalID":"58cec082-c820-4870-9a36-7392f1b6db68"}},{"type":"Feature","id":577638,"geometry":{"type":"Point","coordinates":[1221316,4788583]},"properties":{"OBJECTID":577638,"name":"Abrahams Bay Hunters Hut","place":"Rakiura National Park","region":"Southland","bookable":"Yes","facilities":"Heating, Mattresses, Toilets - non-flush, Water from tap - not treated, boil before use, Water supply","hasAlerts":"Refer to DOC website for current alerts","introductionThumbnail":"https://www.doc.govt.nz/thumbs/large/link/d838ed2b00344110bc3fb75874b6c5c0.jpg","staticLink":"https://www.doc.govt.nz/link/21950157e3e34f1fb39079819245d906.aspx","locationString":"Rakiura National Park","x":1221316,"y":4788583,"assetId":100039845,"dateLoadedToGIS":"Tue, 05 Aug 2025 08:39:34 GMT","GlobalID":"ffab16ec-c629-4005-ae0e-b81a67762a23"}},{"type":"Feature","id":577639,"geometry":{"type":"Point","coordinates":[1541985,5295820]},"properties":{"OBJECTID":577639,"name":"Devils Den Bivvy","place":"Lake Sumner Forest Park","region":"Canterbury","bookable":"No","facilities":"Mattresses, Toilets - non-flush, Water from tap - not treated, boil before use, Water supply","hasAlerts":"Refer to DOC website for current alerts","introductionThumbnail":"https://www.doc.govt.nz/thumbs/large/link/3ecf12eadab54f4287d53d944ef2c1c6.aspx","staticLink":"https://www.doc.govt.nz/link/8641f5d30802483aa1bed9c3f79d88a9.aspx","locationString":"Lake Sumner Forest Park","x":1541985,"y":5295820,"assetId":100038295,"dateLoadedToGIS":"Tue, 05 Aug 2025 08:39:34 GMT","GlobalID":"26b12dff-1218-40fa-a2c6-c4e44e54adbd"}},{"type":"Feature","id":577640,"geometry":{"type":"Point","coordinates":[1471584,5256345]},"properties":{"OBJECTID":577640,"name":"Dunns Creek Hut","place":"Kelly Range – Styx River area","region":"West Coast","bookable":"No","facilities":"Mattresses, Toilets - non-flush, Water from tap - not treated, boil before use, Water supply","hasAlerts":"Refer to DOC website for current alerts","introductionThumbnail":"https://www.doc.govt.nz/thumbs/large/link/ae7ff5653f0c4d1597a0b669af12ed57.jpg","staticLink":"https://www.doc.govt.nz/link/3f421ffe4c194027a008ce6c5b10bc55.aspx","locationString":"Kelly Range – Styx River area","x":1471584,"y":5256345,"assetId":100072396,"dateLoadedToGIS":"Tue, 05 Aug 2025 08:39:35 GMT","GlobalID":"ee43baa3-57cf-44a7-ab70-d3077edc309e"}},{"type":"Feature","id":577641,"geometry":{"type":"Point","coordinates":[1137909,4923812]},"properties":{"OBJECTID":577641,"name":"Loch Maree Hut","place":"Fiordland National Park","region":"Fiordland","bookable":"No","facilities":"Heating, Mattresses, Toilets - non-flush, Water from tap - not treated, boil before use, Water supply","hasAlerts":"Refer to DOC website for current alerts","introductionThumbnail":"https://www.doc.govt.nz/thumbs/large/link/eb80fd9d98594ab0af7d58abfb40a64d.aspx","staticLink":"https://www.doc.govt.nz/link/e2a6fdf2480f4e489e83ba252fd7a2f6.aspx","locationString":"Fiordland National Park","x":1137909,"y":4923812,"assetId":100057908,"dateLoadedToGIS":"Tue, 05 Aug 2025 08:39:35 GMT","GlobalID":"68ab0659-2b42-40c7-998e-15c17813179e"}},{"type":"Feature","id":577642,"geometry":{"type":"Point","coordinates":[1868984,5597520]},"properties":{"OBJECTID":577642,"name":"Maropea Forks Hut","place":"Ruahine Forest Park","region":"Manawatu/Whanganui","bookable":"No","facilities":"Heating, Mattresses, Toilets - non-flush, Water from tap - not treated, boil before use, Water supply","hasAlerts":"Refer to DOC website for current alerts","introductionThumbnail":"https://www.doc.govt.nz/thumbs/large/link/149f009e27604dca9aed5422a7d99544.aspx","staticLink":"https://www.doc.govt.nz/link/0f116fb6e1714a47985cc2bf45976ec5.aspx","locationString":"Ruahine Forest Park","x":1868984,"y":5597520,"assetId":100097446,"dateLoadedToGIS":"Tue, 05 Aug 2025 08:39:35 GMT","GlobalID":"b08b474e-b020-4e0d-ab0b-2f3932cd60aa"}},{"type":"Feature","id":577643,"geometry":{"type":"Point","coordinates":[1209196,4816054]},"properties":{"OBJECTID":577643,"name":"Yankee River Hut","place":"Rakiura National Park","region":"Southland","bookable":"No","facilities":"Heating, Mattresses, Toilets - non-flush, Water from tap - not treated, boil before use, Water supply","hasAlerts":"Refer to DOC website for current alerts","introductionThumbnail":"https://www.doc.govt.nz/thumbs/large/link/7baa4e864e4347a3a5f8079949e9acb6.jpg","staticLink":"https://www.doc.govt.nz/link/ab1f69f3a7414cbeb7013ef92014e195.aspx","locationString":"Rakiura National Park","x":1209196,"y":4816054,"assetId":100072451,"dateLoadedToGIS":"Tue, 05 Aug 2025 08:39:35 GMT","GlobalID":"b28ed179-2915-4627-91a5-929625a8e27e"}},{"type":"Feature","id":577644,"geometry":{"type":"Point","coordinates":[1655026,5377822]},"properties":{"OBJECTID":577644,"name":"Lake Alexander Hut","place":"Ferny Gair Conservation Area","region":"Marlborough","bookable":"No","facilities":"Heating, Mattresses, Toilets - non-flush, Water from stream, Water supply","hasAlerts":"Refer to DOC website for current alerts","introductionThumbnail":"https://www.doc.govt.nz/thumbs/large/link/7b9f9ad57ac44c9282f20427b0094ef4.jpg","staticLink":"https://www.doc.govt.nz/link/ab460b7de92c4da3a0239b57e83d0201.aspx","locationString":"Ferny Gair Conservation Area","x":1655026,"y":5377822,"assetId":100059963,"dateLoadedToGIS":"Tue, 05 Aug 2025 08:39:35 GMT","GlobalID":"c1277f7e-d758-40ff-93c7-191e4f1556db"}},{"type":"Feature","id":577645,"geometry":{"type":"Point","coordinates":[1365081,5111920]},"properties":{"OBJECTID":577645,"name":"Baikie Hut","place":"Ruataniwha Conservation Park","region":"Canterbury","bookable":"No","facilities":"Heating, Mattresses, Toilets - non-flush, Water from stream, Water supply","hasAlerts":"Refer to DOC website for current alerts","introductionThumbnail":"https://www.doc.govt.nz/thumbs/large/link/af0cae0b23fb44e281015fe571b5316c.aspx","staticLink":"https://www.doc.govt.nz/link/88829ce9d1a84ea6a3ad069b817525f4.aspx","locationString":"Ruataniwha Conservation Park","x":1365081,"y":5111920,"assetId":100060647,"dateLoadedToGIS":"Tue, 05 Aug 2025 08:39:35 GMT","GlobalID":"8521f2fe-dc1d-4cfe-aee7-97c50bba2438"}},{"type":"Feature","id":577646,"geometry":{"type":"Point","coordinates":[1456731,5249274]},"properties":{"OBJECTID":577646,"name":"Mid Styx Hut","place":"Kelly Range – Styx River area","region":"West Coast","bookable":"No","facilities":"Heating, Mattresses, Water from stream, Water supply","hasAlerts":"Refer to DOC website for current alerts","introductionThumbnail":"https://www.doc.govt.nz/thumbs/large/link/5673fef6e45b423a814d663ad855e819.aspx","staticLink":"https://www.doc.govt.nz/link/9d06984ac23b4a619282de268f1a15c2.aspx","locationString":"Kelly Range – Styx River area","x":1456731,"y":5249274,"assetId":100061893,"dateLoadedToGIS":"Tue, 05 Aug 2025 08:39:36 GMT","GlobalID":"da8e8cd5-744b-47a8-b374-f92476bed24c"}},{"type":"Feature","id":577647,"geometry":{"type":"Point","coordinates":[1923632,5704619]},"properties":{"OBJECTID":577647,"name":"Moerangi Hut","place":"Whirinaki Te Pua-a-Tāne Conservation Park","region":"East Coast","bookable":"No","facilities":"Heating, Mattresses, Toilets - non-flush, Water from tap - not treated, boil before use, Water supply","hasAlerts":"Refer to DOC website for current alerts","introductionThumbnail":"https://www.doc.govt.nz/thumbs/large/link/0394f201d025467fafa9a298e1c6eb2c.jpg","staticLink":"https://www.doc.govt.nz/link/a4c2375a85dd48969df1ad8e9c329255.aspx","locationString":"Whirinaki Te Pua-a-Tāne Conservation Park","x":1923632,"y":5704619,"assetId":100056872,"dateLoadedToGIS":"Tue, 05 Aug 2025 08:39:36 GMT","GlobalID":"2f76a78a-bca0-45d6-bc81-e615e9df9867"}},{"type":"Feature","id":577648,"geometry":{"type":"Point","coordinates":[1145313,4908077]},"properties":{"OBJECTID":577648,"name":"Hauroko Burn Hut","place":"Fiordland National Park","region":"Fiordland","bookable":"No","facilities":"Heating, Mattresses, Toilets - non-flush, Water from tap - not treated, boil before use, Water supply","hasAlerts":"Refer to DOC website for current alerts","introductionThumbnail":"https://www.doc.govt.nz/thumbs/large/link/d9c35b3860ad478f93c6510e1567d0ce.aspx","staticLink":"https://www.doc.govt.nz/link/da0d63059452438b88f4ac898c2580b0.aspx","locationString":"Fiordland National Park","x":1145313,"y":4908077,"assetId":100059099,"dateLoadedToGIS":"Tue, 05 Aug 2025 08:39:36 GMT","GlobalID":"7cdc2635-609f-4e81-845c-a77404098337"}},{"type":"Feature","id":577649,"geometry":{"type":"Point","coordinates":[1622600,5402900]},"properties":{"OBJECTID":577649,"name":"Old Man Hut","place":"Mount Richmond Forest Park","region":"Marlborough","bookable":"No","facilities":"Heating, Mattresses, Toilets - non-flush, Water from tap - not treated, boil before use, Water supply","hasAlerts":"Refer to DOC website for current alerts","introductionThumbnail":"https://www.doc.govt.nz/thumbs/large/link/f044b095cc5a4052a95d063df90eebf8.jpg","staticLink":"https://www.doc.govt.nz/link/d9248299483640cda4dc33f1d497f33d.aspx","locationString":"Mount Richmond Forest Park","x":1622600,"y":5402900,"assetId":100063991,"dateLoadedToGIS":"Tue, 05 Aug 2025 08:39:36 GMT","GlobalID":"dd51bff0-4627-4790-ab79-c16d44da7970"}},{"type":"Feature","id":577650,"geometry":{"type":"Point","coordinates":[1420362,5160525]},"properties":{"OBJECTID":577650,"name":"Stone Hut","place":"Te Kahui Kaupeka Conservation Park","region":"Canterbury","bookable":"No","facilities":"Heating, Mattresses, Toilets - non-flush, Water from stream, Water supply","hasAlerts":"Refer to DOC website for current alerts","introductionThumbnail":"https://www.doc.govt.nz/thumbs/large/link/bebe804137a84cac84d5145b65089ceb.jpg","staticLink":"https://www.doc.govt.nz/link/2082b5f1f26e4b41b7e9785e5e351562.aspx","locationString":"Te Kahui Kaupeka Conservation Park","x":1420362,"y":5160525,"assetId":100083035,"dateLoadedToGIS":"Tue, 05 Aug 2025 08:39:36 GMT","GlobalID":"863b4c65-2ac8-4480-bbc5-104e4c8f4322"}},{"type":"Feature","id":577651,"geometry":{"type":"Point","coordinates":[1866023,5567258]},"properties":{"OBJECTID":577651,"name":"Makaretu Hut","place":"Ruahine Forest Park","region":"Hawke’s Bay","bookable":"No","facilities":"Heating, Mattresses, Toilets - non-flush, Water from stream, Water supply","hasAlerts":"Refer to DOC website for current alerts","introductionThumbnail":"https://www.doc.govt.nz/thumbs/large/link/5b2d9e6718e846bb9d7ce05a4d48680a.aspx","staticLink":"https://www.doc.govt.nz/link/e5b83d24c2d64a16857f53e324f1118d.aspx","locationString":"Ruahine Forest Park","x":1866023,"y":5567258,"assetId":100033740,"dateLoadedToGIS":"Tue, 05 Aug 2025 08:39:37 GMT","GlobalID":"3845d927-e157-45e9-8cd9-edc506a73b96"}},{"type":"Feature","id":577652,"geometry":{"type":"Point","coordinates":[1887284,5645876]},"properties":{"OBJECTID":577652,"name":"Back Ridge Bivouac","place":"Kaweka Forest Park","region":"Hawke’s Bay","bookable":"No","facilities":"Mattresses, Toilets - non-flush, Water from stream, Water supply","hasAlerts":"Refer to DOC website for current alerts","introductionThumbnail":"https://www.doc.govt.nz/thumbs/large/link/c23858b75b6646f58636153cf5b904cd.aspx","staticLink":"https://www.doc.govt.nz/link/c53fea6e0f554a40bfbb3f2b27324976.aspx","locationString":"Kaweka Forest Park","x":1887284,"y":5645876,"assetId":100033737,"dateLoadedToGIS":"Tue, 05 Aug 2025 08:39:37 GMT","GlobalID":"00f119c9-bb6d-49cb-9127-e90137bf3ce5"}},{"type":"Feature","id":577653,"geometry":{"type":"Point","coordinates":[1575568.7234,5169327.5227]},"properties":{"OBJECTID":577653,"name":"Ōtamahua Hut","place":"Christchurch area","region":"Canterbury","bookable":"Yes","facilities":"Heating, Toilets - flush, Water from tap - not treated, boil before use, Water supply","hasAlerts":"Refer to DOC website for current alerts","introductionThumbnail":"https://www.doc.govt.nz/thumbs/large/link/76b26dc92977471087f0911e2b152a83.aspx","staticLink":"https://www.doc.govt.nz/link/30917550c16a4dee905ebc4f56f269a1.aspx","locationString":"Christchurch area","x":1575569,"y":5169328,"assetId":100130661,"dateLoadedToGIS":"Tue, 05 Aug 2025 08:39:37 GMT","GlobalID":"7c12bdbb-f64b-4232-92e8-4f8fc27f5694"}},{"type":"Feature","id":577654,"geometry":{"type":"Point","coordinates":[1461131,5253773]},"properties":{"OBJECTID":577654,"name":"Lower Arahura Hut","place":"Kelly Range – Styx River area","region":"West Coast","bookable":"No","facilities":"Heating, Mattresses, Toilets - non-flush, Water from tap - not treated, boil before use, Water supply","hasAlerts":"Refer to DOC website for current alerts","introductionThumbnail":"https://www.doc.govt.nz/thumbs/large/link/bbe0187fb7c849a283005c88cc4eeb10.jpg","staticLink":"https://www.doc.govt.nz/link/d433c34acbbb4c1facfeef826bd80528.aspx","locationString":"Kelly Range – Styx River area","x":1461131,"y":5253773,"assetId":100081518,"dateLoadedToGIS":"Tue, 05 Aug 2025 08:39:37 GMT","GlobalID":"1a93cd1f-824a-468a-bd9d-60dc1bd7ccad"}},{"type":"Feature","id":577655,"geometry":{"type":"Point","coordinates":[1202396,4922677]},"properties":{"OBJECTID":577655,"name":"Upper Wairaki Hut","place":"Takitimu Conservation Area","region":"Southland","bookable":"No","facilities":"Heating, Mattresses, Toilets - non-flush, Water from stream, Water supply","hasAlerts":"Refer to DOC website for current alerts","introductionThumbnail":"https://www.doc.govt.nz/thumbs/large/link/e458224f5e3e4e93ad01e603509e2eed.jpg","staticLink":"https://www.doc.govt.nz/link/8c7c334c9d9a4a4db156f23463b59d90.aspx","locationString":"Takitimu Conservation Area","x":1202396,"y":4922677,"assetId":100031291,"dateLoadedToGIS":"Tue, 05 Aug 2025 08:39:37 GMT","GlobalID":"2dbed06e-95d1-4133-b22e-9d6bf68a2361"}},{"type":"Feature","id":577656,"geometry":{"type":"Point","coordinates":[1610133,5397881]},"properties":{"OBJECTID":577656,"name":"Mid Wairoa Hut","place":"Mount Richmond Forest Park","region":"Nelson/Tasman","bookable":"No","facilities":"Heating, Mattresses, Toilets - non-flush, Water from stream, Water supply","hasAlerts":"Refer to DOC website for current alerts","introductionThumbnail":"https://www.doc.govt.nz/thumbs/large/link/383054b10ffa45deb903db42302570e1.aspx","staticLink":"https://www.doc.govt.nz/link/1c5a5813e29545cd88584224df3513c1.aspx","locationString":"Mount Richmond Forest Park","x":1610133,"y":5397881,"assetId":100061742,"dateLoadedToGIS":"Tue, 05 Aug 2025 08:39:38 GMT","GlobalID":"d0b247fc-eb31-4a69-bdfe-ff3a9f86bcef"}},{"type":"Feature","id":577657,"geometry":{"type":"Point","coordinates":[1875356,5599001]},"properties":{"OBJECTID":577657,"name":"Barlow Hut","place":"Ruahine Forest Park","region":"Manawatu/Whanganui","bookable":"No","facilities":"Heating, Mattresses, Toilets - non-flush, Water from stream, Water supply","hasAlerts":"Refer to DOC website for current alerts","introductionThumbnail":"https://www.doc.govt.nz/thumbs/large/link/d244be56ba044dc7bcb776469437493b.jpg","staticLink":"https://www.doc.govt.nz/link/8cb08fc1c85c4a0c86317df4af7e5483.aspx","locationString":"Ruahine Forest Park","x":1875356,"y":5599001,"assetId":100033708,"dateLoadedToGIS":"Tue, 05 Aug 2025 08:39:38 GMT","GlobalID":"f716d9c1-adfd-4976-8b52-4e3d7d9f0cfc"}},{"type":"Feature","id":577658,"geometry":{"type":"Point","coordinates":[1437756,5225424]},"properties":{"OBJECTID":577658,"name":"Historic Price Flat Hut","place":"Kokatahi River - Whitcombe River area","region":"West Coast","bookable":"No","facilities":"Toilets - non-flush, Water from stream, Water supply","hasAlerts":"Refer to DOC website for current alerts","introductionThumbnail":"https://www.doc.govt.nz/thumbs/large/link/d64cc805ed454aaca0d6deaab09d2760.aspx","staticLink":"https://www.doc.govt.nz/link/cafe330f3795463cb2f8d235807a921b.aspx","locationString":"Kokatahi River - Whitcombe River area","x":1437756,"y":5225424,"assetId":100062481,"dateLoadedToGIS":"Tue, 05 Aug 2025 08:39:38 GMT","GlobalID":"12f0fd63-f9e0-47d5-8e33-689dec9c8429"}},{"type":"Feature","id":577659,"geometry":{"type":"Point","coordinates":[1537359,5282771]},"properties":{"OBJECTID":577659,"name":"St Jacob's Hut","place":"Lake Sumner Forest Park","region":"Canterbury","bookable":"No","facilities":"Heating, Mattresses, Toilets - non-flush, Water from stream, Water supply","hasAlerts":"Refer to DOC website for current alerts","introductionThumbnail":"https://www.doc.govt.nz/thumbs/large/link/20ca6cef28ba4d63b4ea2ba41a6d46b6.aspx","staticLink":"https://www.doc.govt.nz/link/3900f4dae1f7498aabc4fe8fc988eb11.aspx","locationString":"Lake Sumner Forest Park","x":1537359,"y":5282771,"assetId":100075588,"dateLoadedToGIS":"Tue, 05 Aug 2025 08:39:38 GMT","GlobalID":"3456165d-df10-4d65-9df6-ec1be7402dff"}},{"type":"Feature","id":577660,"geometry":{"type":"Point","coordinates":[1754174,5640709]},"properties":{"OBJECTID":577660,"name":"Puteore Hut","place":"Waitōtara Conservation Area","region":"Manawatu/Whanganui","bookable":"No","facilities":"Heating, Mattresses, Toilets - non-flush, Water from tap - not treated, boil before use, Water supply","hasAlerts":"Refer to DOC website for current alerts","introductionThumbnail":"https://www.doc.govt.nz/thumbs/large/link/4616d6c7bc1a4df0b358237cda8b5de8.aspx","staticLink":"https://www.doc.govt.nz/link/171f520bd1644987b77831654a0d9279.aspx","locationString":"Waitōtara Conservation Area","x":1754174,"y":5640709,"assetId":100061260,"dateLoadedToGIS":"Tue, 05 Aug 2025 08:39:38 GMT","GlobalID":"fed92ea5-24e8-4e3a-91b7-0379e24df2f9"}},{"type":"Feature","id":577661,"geometry":{"type":"Point","coordinates":[1301260,4970761]},"properties":{"OBJECTID":577661,"name":"Nicholsons Hut","place":"Kopuwai Conservation Area","region":"Otago","bookable":"No","facilities":"Mattresses, Toilets - non-flush, Water from stream, Water supply","hasAlerts":"Refer to DOC website for current alerts","introductionThumbnail":"https://www.doc.govt.nz/thumbs/large/link/f6170be316434c5fb605ff2331b3c4f0.aspx","staticLink":"https://www.doc.govt.nz/link/be6703240c3140c586b30b9200a6a87d.aspx","locationString":"Kopuwai Conservation Area","x":1301260,"y":4970761,"assetId":100043894,"dateLoadedToGIS":"Tue, 05 Aug 2025 08:39:39 GMT","GlobalID":"d12cabda-8b1c-497b-b440-83cc35cd40d9"}},{"type":"Feature","id":577662,"geometry":{"type":"Point","coordinates":[1425231,5219380]},"properties":{"OBJECTID":577662,"name":"County Stream Hut","place":"Waitaha River area","region":"West Coast","bookable":"No","facilities":"Mattresses, Toilets - non-flush, Water from tap - not treated, boil before use, Water supply","hasAlerts":"Refer to DOC website for current alerts","introductionThumbnail":"https://www.doc.govt.nz/thumbs/large/link/a9837a495f8f4eed9b1f7837553eba5f.aspx","staticLink":"https://www.doc.govt.nz/link/5c7ccfbdbc3b4bfaae9e9c2852e780a7.aspx","locationString":"Waitaha River area","x":1425231,"y":5219380,"assetId":100054572,"dateLoadedToGIS":"Tue, 05 Aug 2025 08:39:39 GMT","GlobalID":"36e6550a-d847-47c5-99db-14dfbbbfb5f6"}},{"type":"Feature","id":577663,"geometry":{"type":"Point","coordinates":[1483529,5234390]},"properties":{"OBJECTID":577663,"name":"Bealey Spur Hut","place":"Arthur's Pass National Park","region":"Canterbury","bookable":"No","facilities":"Heating, Toilets - non-flush, Water from tap - not treated, boil before use, Water supply","hasAlerts":"Refer to DOC website for current alerts","introductionThumbnail":"https://www.doc.govt.nz/thumbs/large/link/041acac2a0b24d8ba7a3e4fd3cbe22bf.aspx","staticLink":"https://www.doc.govt.nz/link/a14d11ea44094955852f280abbfa626b.aspx","locationString":"Arthur's Pass National Park","x":1483529,"y":5234390,"assetId":100062578,"dateLoadedToGIS":"Tue, 05 Aug 2025 08:39:39 GMT","GlobalID":"ad36ae7b-4404-438a-b7d8-f1ca82d28909"}},{"type":"Feature","id":577664,"geometry":{"type":"Point","coordinates":[1856896.2373,5555992.3724]},"properties":{"OBJECTID":577664,"name":"Traverse (A-Frame) Hut","place":"Ruahine Forest Park","region":"Hawke’s Bay","bookable":"No","facilities":"Heating, Mattresses, Toilets - non-flush, Water from tap - not treated, boil before use, Water supply","hasAlerts":"Refer to DOC website for current alerts","introductionThumbnail":"https://www.doc.govt.nz/thumbs/large/link/5e42d7027132415f9710b95fce45d712.aspx","staticLink":"https://www.doc.govt.nz/link/24b460ca56a54adebca5bac45c66a1e2.aspx","locationString":"Ruahine Forest Park","x":1856896,"y":5555992,"assetId":100072825,"dateLoadedToGIS":"Tue, 05 Aug 2025 08:39:39 GMT","GlobalID":"b113e115-cf1d-4ee5-8b9b-1d6a973c2576"}},{"type":"Feature","id":577665,"geometry":{"type":"Point","coordinates":[1471329,5249372]},"properties":{"OBJECTID":577665,"name":"Julia Hut","place":"Kelly Range – Styx River area","region":"West Coast","bookable":"No","facilities":"Heating, Mattresses, Toilets - non-flush, Water from tap - not treated, boil before use, Water supply","hasAlerts":"Refer to DOC website for current alerts","introductionThumbnail":"https://www.doc.govt.nz/thumbs/large/link/2a44db0c74254cb4bf01000682d1e340.jpg","staticLink":"https://www.doc.govt.nz/link/9d86897ebb0e47a99839ad6488b97750.aspx","locationString":"Kelly Range – Styx River area","x":1471329,"y":5249372,"assetId":100059504,"dateLoadedToGIS":"Tue, 05 Aug 2025 08:39:39 GMT","GlobalID":"a0210f35-75af-453a-af8e-0e3f52eca183"}},{"type":"Feature","id":577666,"geometry":{"type":"Point","coordinates":[1560090,5454923]},"properties":{"OBJECTID":577666,"name":"Cobb Hut","place":"Cobb Valley","region":"Nelson/Tasman","bookable":"No","facilities":"Mattresses, Toilets - non-flush, Water from stream, Water supply","hasAlerts":"Refer to DOC website for current alerts","introductionThumbnail":"https://www.doc.govt.nz/thumbs/large/link/918f497f42934da7a8154f08ab5e4c05.jpg","staticLink":"https://www.doc.govt.nz/link/63e7287332c84662ab218ae229ebd89d.aspx","locationString":"Cobb Valley","x":1560090,"y":5454923,"assetId":100060063,"dateLoadedToGIS":"Tue, 05 Aug 2025 08:39:40 GMT","GlobalID":"fad20914-a459-48bc-ac4f-98eb45bd8109"}},{"type":"Feature","id":577667,"geometry":{"type":"Point","coordinates":[1597906,5356524]},"properties":{"OBJECTID":577667,"name":"Lees Creek Hut","place":"Upper Wairau River area","region":"Nelson/Tasman","bookable":"No","facilities":"Heating, Mattresses, Toilets - non-flush, Water from stream, Water supply","hasAlerts":"Refer to DOC website for current alerts","introductionThumbnail":"https://www.doc.govt.nz/thumbs/large/link/fa73dd581e21457b93954adac3643b57.aspx","staticLink":"https://www.doc.govt.nz/link/261b70ac47c7490dacadc1fd73958aae.aspx","locationString":"Upper Wairau River area","x":1597906,"y":5356524,"assetId":100064308,"dateLoadedToGIS":"Tue, 05 Aug 2025 08:39:40 GMT","GlobalID":"0c5e2da2-877d-462a-adbc-01309e038389"}},{"type":"Feature","id":577668,"geometry":{"type":"Point","coordinates":[1529290,5400426]},"properties":{"OBJECTID":577668,"name":"Specimen Point Hut","place":"Lyell area","region":"West Coast","bookable":"Yes","facilities":"Cooking, Heating, Mattresses, Toilets - non-flush, Water from tap - not treated, boil before use, Water supply","hasAlerts":"Refer to DOC website for current alerts","introductionThumbnail":"https://www.doc.govt.nz/thumbs/large/link/65147a5f9b9d41018d11f9d0c5bd8051.aspx","staticLink":"https://www.doc.govt.nz/link/f5c95048f76d4e2493a4f2a532382911.aspx","locationString":"Lyell area","x":1529290,"y":5400426,"assetId":100097382,"dateLoadedToGIS":"Tue, 05 Aug 2025 08:39:40 GMT","GlobalID":"7f407e9d-7745-4ddc-afda-e8079f3d37c7"}},{"type":"Feature","id":577669,"geometry":{"type":"Point","coordinates":[1267531,4957821]},"properties":{"OBJECTID":577669,"name":"Garston Ski Hut","place":"Kingston area","region":"Otago","bookable":"No","facilities":"Heating, Mattresses, Toilets - non-flush, Water from tap - not treated, boil before use, Water supply","hasAlerts":"Refer to DOC website for current alerts","introductionThumbnail":"https://www.doc.govt.nz/thumbs/large/link/4a6d2cca17f84de8b3ec3f57d97d8b30.aspx","staticLink":"https://www.doc.govt.nz/link/5ee172b5eaae49bf876757a5f2d0189c.aspx","locationString":"Kingston area","x":1267531,"y":4957821,"assetId":100090254,"dateLoadedToGIS":"Tue, 05 Aug 2025 08:39:40 GMT","GlobalID":"6b0da752-1a1a-4cf4-bcb3-ad3640097385"}},{"type":"Feature","id":577670,"geometry":{"type":"Point","coordinates":[1377746,5033708]},"properties":{"OBJECTID":577670,"name":"Chimney Creek Hut","place":"Oteake Conservation Park","region":"Otago","bookable":"No","facilities":null,"hasAlerts":"Refer to DOC website for current alerts","introductionThumbnail":"https://www.doc.govt.nz/thumbs/large/link/bd676c2b36074331b4bc0f1495b6175d.aspx","staticLink":"https://www.doc.govt.nz/link/74214c028e944bea89b25d1faf0c2e8a.aspx","locationString":"Oteake Conservation Park","x":1377746,"y":5033708,"assetId":100082269,"dateLoadedToGIS":"Tue, 05 Aug 2025 08:39:41 GMT","GlobalID":"f7bd1efc-d652-4634-8e41-51fe4d7fa174"}},{"type":"Feature","id":577671,"geometry":{"type":"Point","coordinates":[1443531,5235877]},"properties":{"OBJECTID":577671,"name":"Serpentine Hut","place":"Kokatahi River - Whitcombe River area","region":"West Coast","bookable":"No","facilities":"Heating, Mattresses, Toilets - non-flush, Water from stream, Water supply","hasAlerts":"Refer to DOC website for current alerts","introductionThumbnail":"https://www.doc.govt.nz/thumbs/large/link/269cc2a1704e41cf9f6f84e77e9a2593.jpg","staticLink":"https://www.doc.govt.nz/link/9190d09abd71426aae698406a4cf9120.aspx","locationString":"Kokatahi River - Whitcombe River area","x":1443531,"y":5235877,"assetId":100054573,"dateLoadedToGIS":"Tue, 05 Aug 2025 08:39:41 GMT","GlobalID":"747c821c-42ff-47cb-be52-4a657bfe62ed"}},{"type":"Feature","id":577672,"geometry":{"type":"Point","coordinates":[1855737,5665308]},"properties":{"OBJECTID":577672,"name":"Waipakihi Hut","place":"Kaimanawa Forest Park","region":"Central North Island","bookable":"No","facilities":"Heating, Mattresses, Toilets - non-flush, Water from tap - not treated, boil before use, Water supply","hasAlerts":"Refer to DOC website for current alerts","introductionThumbnail":"https://www.doc.govt.nz/thumbs/large/link/fd73e53a15e54a4fa891f4e1853e10e1.aspx","staticLink":"https://www.doc.govt.nz/link/52694600cd7a465782471a67e54cce35.aspx","locationString":"Kaimanawa Forest Park","x":1855737,"y":5665308,"assetId":100056298,"dateLoadedToGIS":"Tue, 05 Aug 2025 08:39:41 GMT","GlobalID":"1d1ce080-5e2e-4f6e-86c9-57a48e66b19d"}},{"type":"Feature","id":577673,"geometry":{"type":"Point","coordinates":[1206246,4938728]},"properties":{"OBJECTID":577673,"name":"Lower Princhester Hut","place":"Takitimu Conservation Area","region":"Southland","bookable":"No","facilities":"Heating, Mattresses, Toilets - non-flush, Water from stream, Water supply","hasAlerts":"Refer to DOC website for current alerts","introductionThumbnail":"https://www.doc.govt.nz/thumbs/large/link/1e4403a13e4d419fa82b0a2f8bfbba5d.aspx","staticLink":"https://www.doc.govt.nz/link/af4cc27f3af04b8db841c3df7e6dfc96.aspx","locationString":"Takitimu Conservation Area","x":1206246,"y":4938728,"assetId":100058149,"dateLoadedToGIS":"Tue, 05 Aug 2025 08:39:41 GMT","GlobalID":"41b5e41c-3229-4897-b725-09fc1b994450"}},{"type":"Feature","id":577674,"geometry":{"type":"Point","coordinates":[1561202,5311131]},"properties":{"OBJECTID":577674,"name":"Anne Hut","place":"St James Conservation Area","region":"Canterbury","bookable":"Yes","facilities":"Heating, Mattresses, Toilets - non-flush, Water from tap - not treated, boil before use, Water supply","hasAlerts":"Refer to DOC website for current alerts","introductionThumbnail":"https://www.doc.govt.nz/thumbs/large/link/f953775a365f4e9ca12ec69b36fa95a1.jpg","staticLink":"https://www.doc.govt.nz/link/6382f58f66104b849fd0cc8b6d4e885a.aspx","locationString":"St James Conservation Area","x":1561202,"y":5311131,"assetId":100090113,"dateLoadedToGIS":"Tue, 05 Aug 2025 08:39:41 GMT","GlobalID":"62b770ce-46c4-473a-bcd2-7b2a8b205390"}},{"type":"Feature","id":577675,"geometry":{"type":"Point","coordinates":[1301952,4953221]},"properties":{"OBJECTID":577675,"name":"Junction Hut","place":"Kopuwai Conservation Area","region":"Otago","bookable":"No","facilities":"Heating, Mattresses, Toilets - non-flush, Water from stream, Water supply","hasAlerts":"Refer to DOC website for current alerts","introductionThumbnail":"https://www.doc.govt.nz/thumbs/large/link/856a59a493f34da583c024a5a3f132bc.jpg","staticLink":"https://www.doc.govt.nz/link/50d86fd0fa2d4025af8541de2c2abb24.aspx","locationString":"Kopuwai Conservation Area","x":1301952,"y":4953221,"assetId":100042895,"dateLoadedToGIS":"Tue, 05 Aug 2025 08:39:41 GMT","GlobalID":"ad39a26d-f990-457f-8efc-62ce8a5f64ff"}},{"type":"Feature","id":577676,"geometry":{"type":"Point","coordinates":[2018740,5772411]},"properties":{"OBJECTID":577676,"name":"Mangaotane Hut (Mcmillans)","place":"Raukumara Conservation Park","region":"East Coast","bookable":"No","facilities":"Heating, Mattresses, Toilets - non-flush, Water from tap - not treated, boil before use, Water supply","hasAlerts":"Refer to DOC website for current alerts","introductionThumbnail":"https://www.doc.govt.nz/thumbs/large/link/8d04858789bb46fc8178a5b8b1256f12.jpg","staticLink":"https://www.doc.govt.nz/link/c5a63c6d35a84b42ac01948cedc7ee53.aspx","locationString":"Raukumara Conservation Park","x":2018740,"y":5772411,"assetId":100040519,"dateLoadedToGIS":"Tue, 05 Aug 2025 08:39:42 GMT","GlobalID":"fdc498d7-64ce-4684-8870-8b22bdaf116c"}},{"type":"Feature","id":577677,"geometry":{"type":"Point","coordinates":[1884079,5650377]},"properties":{"OBJECTID":577677,"name":"Omarukokere Bivvy","place":"Kaweka Forest Park","region":"Hawke’s Bay","bookable":"No","facilities":"Mattresses, Toilets - non-flush, Water from stream, Water supply","hasAlerts":"Refer to DOC website for current alerts","introductionThumbnail":"https://www.doc.govt.nz/thumbs/large/link/e6bce703765545fa9fc1edffaa6302e6.aspx","staticLink":"https://www.doc.govt.nz/link/f3af3229795b49c0bdae040040c31b6a.aspx","locationString":"Kaweka Forest Park","x":1884079,"y":5650377,"assetId":100055374,"dateLoadedToGIS":"Tue, 05 Aug 2025 08:39:42 GMT","GlobalID":"374e6edc-96ed-416c-9801-39a366bf2305"}},{"type":"Feature","id":577678,"geometry":{"type":"Point","coordinates":[1223775,5000278]},"properties":{"OBJECTID":577678,"name":"Taipo Hut","place":"Mavora Lakes Conservation Park","region":"Southland","bookable":"No","facilities":"Mattresses, Toilets - non-flush, Water from tap - not treated, boil before use, Water supply","hasAlerts":"Refer to DOC website for current alerts","introductionThumbnail":"https://www.doc.govt.nz/thumbs/large/link/ccbe62b6839e46149ada179b5e382203.aspx","staticLink":"https://www.doc.govt.nz/link/de9a0270401a4027bb4959f8a50f787d.aspx","locationString":"Mavora Lakes Conservation Park","x":1223775,"y":5000278,"assetId":100074496,"dateLoadedToGIS":"Tue, 05 Aug 2025 08:39:42 GMT","GlobalID":"9a82aa29-2bb0-4511-8462-0a116e733eb4"}},{"type":"Feature","id":577679,"geometry":{"type":"Point","coordinates":[1345564,5130866]},"properties":{"OBJECTID":577679,"name":"Elcho Hut","place":"Ruataniwha Conservation Park","region":"Canterbury","bookable":"No","facilities":"Heating, Mattresses, Toilets - non-flush, Water from stream, Water supply","hasAlerts":"Refer to DOC website for current alerts","introductionThumbnail":"https://www.doc.govt.nz/thumbs/large/link/8e2a6c56fd3f41fab281ee12295edffe.aspx","staticLink":"https://www.doc.govt.nz/link/e4a363fb354b48118736d9d6f5eec874.aspx","locationString":"Ruataniwha Conservation Park","x":1345564,"y":5130866,"assetId":100059540,"dateLoadedToGIS":"Tue, 05 Aug 2025 08:39:42 GMT","GlobalID":"4018f3ae-714f-4c80-90df-ac4ca304402f"}},{"type":"Feature","id":577680,"geometry":{"type":"Point","coordinates":[1198598,4802026]},"properties":{"OBJECTID":577680,"name":"Big Hellfire Hut","place":"Rakiura National Park","region":"Southland","bookable":"No","facilities":"Heating, Mattresses, Toilets - non-flush, Water from tap - not treated, boil before use, Water supply","hasAlerts":"Refer to DOC website for current alerts","introductionThumbnail":"https://www.doc.govt.nz/thumbs/large/link/2f0373e644894ec39929960eb7fba382.jpg","staticLink":"https://www.doc.govt.nz/link/9e996df67e82429380f9a0852d99b55f.aspx","locationString":"Rakiura National Park","x":1198598,"y":4802026,"assetId":100054890,"dateLoadedToGIS":"Tue, 05 Aug 2025 08:39:42 GMT","GlobalID":"caa09ae5-58a8-48b1-9563-2d1475c39a04"}},{"type":"Feature","id":577681,"geometry":{"type":"Point","coordinates":[1570126,5449392]},"properties":{"OBJECTID":577681,"name":"Sylvester Hut","place":"Kahurangi National Park","region":"Nelson/Tasman","bookable":"No","facilities":"Heating, Mattresses, Toilets - non-flush, Water from tap - not treated, boil before use, Water supply","hasAlerts":"Refer to DOC website for current alerts","introductionThumbnail":"https://www.doc.govt.nz/thumbs/large/link/5113b1da04684b08959208b4eb17b301.jpg","staticLink":"https://www.doc.govt.nz/link/64b94705bca6445cad4f10af0077157b.aspx","locationString":"Kahurangi National Park","x":1570126,"y":5449392,"assetId":100040740,"dateLoadedToGIS":"Tue, 05 Aug 2025 08:39:42 GMT","GlobalID":"ae96a716-3c19-4d50-a5af-9c4059256c75"}},{"type":"Feature","id":577682,"geometry":{"type":"Point","coordinates":[1642880,6070069]},"properties":{"OBJECTID":577682,"name":"Frampton's Hut","place":"Waima & Mataraua Forests","region":"Northland","bookable":"No","facilities":"Toilets - non-flush, Water from tap - not treated, boil before use, Water supply","hasAlerts":"Refer to DOC website for current alerts","introductionThumbnail":"https://www.doc.govt.nz/thumbs/large/link/2c9cf7d0ea8047338a8d43da318cf492.aspx","staticLink":"https://www.doc.govt.nz/link/4ccdc5c641b349d49a5958a0e18629ca.aspx","locationString":"Waima & Mataraua Forests","x":1642880,"y":6070069,"assetId":100040748,"dateLoadedToGIS":"Tue, 05 Aug 2025 08:39:43 GMT","GlobalID":"48eabf48-bde6-43a1-a119-98a8e6588d65"}},{"type":"Feature","id":577683,"geometry":{"type":"Point","coordinates":[1577370,5440951]},"properties":{"OBJECTID":577683,"name":"Flora Hut","place":"Kahurangi National Park","region":"Nelson/Tasman","bookable":"No","facilities":"Heating, Mattresses, Toilets - non-flush, Water from stream, Water supply","hasAlerts":"Refer to DOC website for current alerts","introductionThumbnail":"https://www.doc.govt.nz/thumbs/large/link/9ad1035499cb489d863e38d8e18f440c.aspx","staticLink":"https://www.doc.govt.nz/link/e4291b5c8bb6414d88af8b5dfbdc8647.aspx","locationString":"Kahurangi National Park","x":1577370,"y":5440951,"assetId":100060127,"dateLoadedToGIS":"Tue, 05 Aug 2025 08:39:43 GMT","GlobalID":"4273924f-7485-447c-a30d-3068bb058c5a"}},{"type":"Feature","id":577684,"geometry":{"type":"Point","coordinates":[1926810,5691255]},"properties":{"OBJECTID":577684,"name":"Central Te Hoe Hut","place":"Whirinaki Te Pua-a-Tāne Conservation Park","region":"East Coast","bookable":"No","facilities":"Heating, Mattresses","hasAlerts":"Refer to DOC website for current alerts","introductionThumbnail":"https://www.doc.govt.nz/thumbs/large/link/61d5e161b3d7462aa6f4af175d7a587e.aspx","staticLink":"https://www.doc.govt.nz/link/b9710c92a1b34df8a4035273ec1238e9.aspx","locationString":"Whirinaki Te Pua-a-Tāne Conservation Park","x":1926810,"y":5691255,"assetId":100073399,"dateLoadedToGIS":"Tue, 05 Aug 2025 08:39:43 GMT","GlobalID":"cf5e1a97-a974-403d-ab24-c40afb700755"}},{"type":"Feature","id":577685,"geometry":{"type":"Point","coordinates":[1599298.5164,5380072.1281]},"properties":{"OBJECTID":577685,"name":"Red Hills Hut","place":"Mount Richmond Forest Park","region":"Nelson/Tasman","bookable":"No","facilities":"Mattresses, Toilets - non-flush, Water from tap - not treated, boil before use, Water supply","hasAlerts":"Refer to DOC website for current alerts","introductionThumbnail":"https://www.doc.govt.nz/thumbs/large/link/fc1f1bc4044c4bd0ac4ba01e1e87546c.jpg","staticLink":"https://www.doc.govt.nz/link/4aa7dc66ccc147b6999349d86e6eafd0.aspx","locationString":"Mount Richmond Forest Park","x":1599299,"y":5380072,"assetId":100081276,"dateLoadedToGIS":"Tue, 05 Aug 2025 08:39:43 GMT","GlobalID":"ed50ffb3-5d30-474a-8e2d-ec4dbd77a8d5"}},{"type":"Feature","id":577686,"geometry":{"type":"Point","coordinates":[1539304,5434543]},"properties":{"OBJECTID":577686,"name":"Greys Hut","place":"Kahurangi National Park","region":"West Coast","bookable":"No","facilities":"Heating, Mattresses, Toilets - non-flush, Water from stream, Water supply","hasAlerts":"Refer to DOC website for current alerts","introductionThumbnail":"https://www.doc.govt.nz/thumbs/large/link/f9a26202ec0c4cb1bcb66ecee0ec978c.aspx","staticLink":"https://www.doc.govt.nz/link/74d83418a284489ea5e4315eaeffc4da.aspx","locationString":"Kahurangi National Park","x":1539304,"y":5434543,"assetId":100072560,"dateLoadedToGIS":"Tue, 05 Aug 2025 08:39:43 GMT","GlobalID":"6327150a-77fc-4644-bc34-e6fb52bf5149"}},{"type":"Feature","id":577687,"geometry":{"type":"Point","coordinates":[1752712,5633664]},"properties":{"OBJECTID":577687,"name":"Tahupo Hut","place":"Waitōtara Conservation Area","region":"Manawatu/Whanganui","bookable":"No","facilities":"Heating, Mattresses, Toilets - non-flush, Water from tap - not treated, boil before use, Water supply","hasAlerts":"Refer to DOC website for current alerts","introductionThumbnail":"https://www.doc.govt.nz/thumbs/large/link/23032b439ed34c4e86b2a824c2cac1bf.jpg","staticLink":"https://www.doc.govt.nz/link/9a08154363db47eaa836bc0c5db2fdbb.aspx","locationString":"Waitōtara Conservation Area","x":1752712,"y":5633664,"assetId":100041832,"dateLoadedToGIS":"Tue, 05 Aug 2025 08:39:44 GMT","GlobalID":"aae9c061-d4f4-490b-84be-0d2ac886eb27"}},{"type":"Feature","id":577688,"geometry":{"type":"Point","coordinates":[1604855.3668,5466023.4452]},"properties":{"OBJECTID":577688,"name":"Anchorage Hut","place":"Abel Tasman National Park","region":"Nelson/Tasman","bookable":"Yes","facilities":"Heating, Mattresses, Toilets - flush, Water from tap - not treated, boil before use, Water supply","hasAlerts":"Refer to DOC website for current alerts","introductionThumbnail":"https://www.doc.govt.nz/thumbs/large/link/ec6b2b49c656424f81a73040fc991862.jpg","staticLink":"https://www.doc.govt.nz/link/70231cabc76c4a13aee27ae26d622912.aspx","locationString":"Abel Tasman National Park","x":1604855,"y":5466023,"assetId":100094828,"dateLoadedToGIS":"Tue, 05 Aug 2025 08:39:44 GMT","GlobalID":"85493f23-0fc3-45b3-89ac-5f8f49f07bc9"}},{"type":"Feature","id":577689,"geometry":{"type":"Point","coordinates":[1686514,5646656]},"properties":{"OBJECTID":577689,"name":"Waiaua Gorge Hut","place":"Te Papa-Kura-o-Taranaki","region":"Taranaki","bookable":"No","facilities":"Heating, Mattresses, Toilets - non-flush, Water from tap - not treated, boil before use, Water supply","hasAlerts":"Refer to DOC website for current alerts","introductionThumbnail":"https://www.doc.govt.nz/thumbs/large/link/027a93042a894fd9b2bd0fa486e3c0a5.aspx","staticLink":"https://www.doc.govt.nz/link/493ccefebd954a00af71045d69880754.aspx","locationString":"Te Papa-Kura-o-Taranaki","x":1686514,"y":5646656,"assetId":100063698,"dateLoadedToGIS":"Tue, 05 Aug 2025 08:39:44 GMT","GlobalID":"13fd1c2b-e6fc-41f9-a1a9-541b8c7c6952"}},{"type":"Feature","id":577690,"geometry":{"type":"Point","coordinates":[1144130,4922186]},"properties":{"OBJECTID":577690,"name":"Lake Roe Hut","place":"Fiordland National Park","region":"Fiordland","bookable":"No","facilities":"Heating, Mattresses, Toilets - non-flush, Water from tap - not treated, boil before use, Water supply","hasAlerts":"Refer to DOC website for current alerts","introductionThumbnail":"https://www.doc.govt.nz/thumbs/large/link/0c06bdc513734cae849a01812e83b012.aspx","staticLink":"https://www.doc.govt.nz/link/b92a6a2658c849c99d14f33c68a8b5b2.aspx","locationString":"Fiordland National Park","x":1144130,"y":4922186,"assetId":100059096,"dateLoadedToGIS":"Tue, 05 Aug 2025 08:39:44 GMT","GlobalID":"e0b5ec2c-0742-406e-9097-86f354909bd0"}},{"type":"Feature","id":577691,"geometry":{"type":"Point","coordinates":[1573829,5349310]},"properties":{"OBJECTID":577691,"name":"West Sabine Hut","place":"Nelson Lakes National Park","region":"Nelson/Tasman","bookable":"Yes","facilities":"Heating, Mattresses, Toilets - non-flush, Water from tap - not treated, boil before use, Water supply","hasAlerts":"Refer to DOC website for current alerts","introductionThumbnail":"https://www.doc.govt.nz/thumbs/large/link/f29b8178024c49029767cff1d8db7500.jpg","staticLink":"https://www.doc.govt.nz/link/9bd89fc2385b420a88ef166676c48f6d.aspx","locationString":"Nelson Lakes National Park","x":1573829,"y":5349310,"assetId":100064155,"dateLoadedToGIS":"Tue, 05 Aug 2025 08:39:44 GMT","GlobalID":"ef8ccc34-5b34-4204-9a35-e7957fd47794"}},{"type":"Feature","id":577692,"geometry":{"type":"Point","coordinates":[1126615,4977839]},"properties":{"OBJECTID":577692,"name":"Deas Cove Hut","place":"Southern fiords area","region":"Fiordland","bookable":"No","facilities":"Heating, Mattresses, Toilets - non-flush, Water from tap - not treated, boil before use, Water supply","hasAlerts":"Refer to DOC website for current alerts","introductionThumbnail":"https://www.doc.govt.nz/thumbs/large/link/48e2bec636f643cf8770fa9f19c00664.jpg","staticLink":"https://www.doc.govt.nz/link/3ab02d6b60b84e139dcd744fa1252812.aspx","locationString":"Southern fiords area","x":1126615,"y":4977839,"assetId":100037975,"dateLoadedToGIS":"Tue, 05 Aug 2025 08:39:44 GMT","GlobalID":"46554717-2f6b-43c2-a9ab-3fc34c9ea599"}},{"type":"Feature","id":577693,"geometry":{"type":"Point","coordinates":[1366022,5162374]},"properties":{"OBJECTID":577693,"name":"Copland Shelter","place":"Aoraki/Mount Cook National Park","region":"Canterbury","bookable":"No","facilities":"Mattresses, Toilets - non-flush, Water from tap - not treated, boil before use, Water supply","hasAlerts":"Refer to DOC website for current alerts","introductionThumbnail":"https://www.doc.govt.nz/thumbs/large/link/7e0a0ab52dc44261b34e7f0ae6c86ba3.aspx","staticLink":"https://www.doc.govt.nz/link/cc1dd51d0c1247e49f595dbbce4ad8a6.aspx","locationString":"Aoraki/Mount Cook National Park","x":1366022,"y":5162374,"assetId":100062671,"dateLoadedToGIS":"Tue, 05 Aug 2025 08:39:45 GMT","GlobalID":"871c73c2-c4eb-4f2a-88b1-e0f4673437af"}},{"type":"Feature","id":577694,"geometry":{"type":"Point","coordinates":[1826248,5646639]},"properties":{"OBJECTID":577694,"name":"Rangipo Hut","place":"Tongariro National Park","region":"Central North Island","bookable":"No","facilities":"Heating, Mattresses, Toilets - non-flush, Water from tap - not treated, boil before use, Water supply","hasAlerts":"Refer to DOC website for current alerts","introductionThumbnail":"https://www.doc.govt.nz/thumbs/large/link/42132202453a4761a5ee23f7c16b2481.jpg","staticLink":"https://www.doc.govt.nz/link/eee3692307b0468c91d966cdb1efe516.aspx","locationString":"Tongariro National Park","x":1826248,"y":5646639,"assetId":100072706,"dateLoadedToGIS":"Tue, 05 Aug 2025 08:39:45 GMT","GlobalID":"c48ab9f4-2ddf-4a32-bcd7-fe16222140fa"}},{"type":"Feature","id":577695,"geometry":{"type":"Point","coordinates":[1389400,5178200]},"properties":{"OBJECTID":577695,"name":"Murchison Hut","place":"Aoraki/Mount Cook National Park","region":"Canterbury","bookable":"No","facilities":null,"hasAlerts":"Refer to DOC website for current alerts","introductionThumbnail":"https://www.doc.govt.nz/images/no-photo/no-photo-220x140.jpg","staticLink":"https://www.doc.govt.nz/link/bf02a3fd4c1149cd9f4e9e5ecefd4056.aspx","locationString":"Aoraki/Mount Cook National Park","x":1389400,"y":5178200,"assetId":100031574,"dateLoadedToGIS":"Tue, 05 Aug 2025 08:39:45 GMT","GlobalID":"1f33a947-8a42-4057-b5c4-6c3e4483dc4c"}},{"type":"Feature","id":577696,"geometry":{"type":"Point","coordinates":[1500359,5273077]},"properties":{"OBJECTID":577696,"name":"Elizabeth Hut","place":"Ahaura River and Lake Brunner catchments area","region":"West Coast","bookable":"No","facilities":"Heating, Mattresses, Toilets - non-flush, Water from stream, Water supply","hasAlerts":"Refer to DOC website for current alerts","introductionThumbnail":"https://www.doc.govt.nz/thumbs/large/link/f397a58a3a824b66be9e35494a581510.jpg","staticLink":"https://www.doc.govt.nz/link/5cdc715b3b944de5a3d50b92d576c8cf.aspx","locationString":"Ahaura River and Lake Brunner catchments area","x":1500359,"y":5273077,"assetId":100075437,"dateLoadedToGIS":"Tue, 05 Aug 2025 08:39:45 GMT","GlobalID":"c82a55a9-4efb-4ea0-8d21-2fcaa1727575"}},{"type":"Feature","id":577697,"geometry":{"type":"Point","coordinates":[1561052,5453789]},"properties":{"OBJECTID":577697,"name":"Tent Camp","place":"Cobb Valley","region":"Nelson/Tasman","bookable":"No","facilities":"Heating, Toilets - non-flush, Water from stream, Water supply","hasAlerts":"Refer to DOC website for current alerts","introductionThumbnail":"https://www.doc.govt.nz/thumbs/large/link/34ce2d9b21b247c39ffcf0405b89205e.jpg","staticLink":"https://www.doc.govt.nz/link/9ed3cd0f6dfa4350b93deb1069114b9f.aspx","locationString":"Cobb Valley","x":1561052,"y":5453789,"assetId":100060064,"dateLoadedToGIS":"Tue, 05 Aug 2025 08:39:45 GMT","GlobalID":"d11baf17-4172-4633-b543-26ff7f039367"}},{"type":"Feature","id":577698,"geometry":{"type":"Point","coordinates":[1771772,5643888]},"properties":{"OBJECTID":577698,"name":"Tīeke Marae/kāinga","place":"Whanganui National Park","region":"Manawatu/Whanganui","bookable":"Yes","facilities":"Cooking, Heating, Mattresses, Toilets - non-flush, Water from tap - not treated, boil before use, Water supply","hasAlerts":"Refer to DOC website for current alerts","introductionThumbnail":"https://www.doc.govt.nz/thumbs/large/link/9e66e3c8e5a8445f94adf25af0a91663.jpg","staticLink":"https://www.doc.govt.nz/link/2da1ed56c192451b95ece33630dcf982.aspx","locationString":"Whanganui National Park","x":1771772,"y":5643888,"assetId":100063328,"dateLoadedToGIS":"Tue, 05 Aug 2025 08:39:45 GMT","GlobalID":"06a39dd4-18e6-4427-a184-e62d87e58d4d"}},{"type":"Feature","id":577699,"geometry":{"type":"Point","coordinates":[1563414,5328538]},"properties":{"OBJECTID":577699,"name":"East Matakitaki Hut","place":"Nelson Lakes National Park","region":"Nelson/Tasman","bookable":"No","facilities":"Heating, Mattresses, Toilets - non-flush, Water from stream, Water supply","hasAlerts":"Refer to DOC website for current alerts","introductionThumbnail":"https://www.doc.govt.nz/thumbs/large/link/15a5698016404c778435257565fe3f34.aspx","staticLink":"https://www.doc.govt.nz/link/bdba6d2f81114a23849a13a8ad1ff0cb.aspx","locationString":"Nelson Lakes National Park","x":1563414,"y":5328538,"assetId":100064345,"dateLoadedToGIS":"Tue, 05 Aug 2025 08:39:46 GMT","GlobalID":"328c7390-9645-4ff4-86d6-43636660378a"}},{"type":"Feature","id":577700,"geometry":{"type":"Point","coordinates":[1624601,5379070]},"properties":{"OBJECTID":577700,"name":"Hidden Hut","place":"Leatham Conservation Area","region":"Marlborough","bookable":"No","facilities":"Heating, Mattresses, Toilets - non-flush, Water from stream, Water supply","hasAlerts":"Refer to DOC website for current alerts","introductionThumbnail":"https://www.doc.govt.nz/thumbs/large/link/9aeb8c2a03a9495fb1ab929828535fce.jpg","staticLink":"https://www.doc.govt.nz/link/93aef5acb45d44d88c2d4259b259340d.aspx","locationString":"Leatham Conservation Area","x":1624601,"y":5379070,"assetId":100064236,"dateLoadedToGIS":"Tue, 05 Aug 2025 08:39:46 GMT","GlobalID":"b7838615-a131-41c5-b3c1-5502aa4b183d"}},{"type":"Feature","id":577701,"geometry":{"type":"Point","coordinates":[1447032.8007,5237844.9476]},"properties":{"OBJECTID":577701,"name":"Mullins Hut","place":"Kokatahi River - Whitcombe River area","region":"West Coast","bookable":"No","facilities":"Mattresses, Water from stream, Water supply","hasAlerts":"Refer to DOC website for current alerts","introductionThumbnail":"https://www.doc.govt.nz/thumbs/large/link/ddab7a2e166f4f7689ba0354183eada2.jpg","staticLink":"https://www.doc.govt.nz/link/0928f7c1625e4261b34775ab31f3b698.aspx","locationString":"Kokatahi River - Whitcombe River area","x":1447033,"y":5237845,"assetId":100055565,"dateLoadedToGIS":"Tue, 05 Aug 2025 08:39:46 GMT","GlobalID":"ccd555b5-a920-4084-bb8f-919b36873cdf"}},{"type":"Feature","id":577702,"geometry":{"type":"Point","coordinates":[1428886,5145177]},"properties":{"OBJECTID":577702,"name":"Spurs Hut","place":"Te Kahui Kaupeka Conservation Park","region":"Canterbury","bookable":"No","facilities":"Heating, Mattresses, Toilets - non-flush, Water from stream, Water supply","hasAlerts":"Refer to DOC website for current alerts","introductionThumbnail":"https://www.doc.govt.nz/thumbs/large/link/5a7c5814566f4844be53f861a6c0acf4.aspx","staticLink":"https://www.doc.govt.nz/link/8aef5efb4c504da1a79acdc15e935dee.aspx","locationString":"Te Kahui Kaupeka Conservation Park","x":1428886,"y":5145177,"assetId":100062543,"dateLoadedToGIS":"Tue, 05 Aug 2025 08:39:46 GMT","GlobalID":"3334b4d6-b243-41a1-bca0-12de708c91ed"}},{"type":"Feature","id":577703,"geometry":{"type":"Point","coordinates":[1782684,5600434]},"properties":{"OBJECTID":577703,"name":"Downes Hut","place":"Whanganui National Park","region":"Manawatu/Whanganui","bookable":"Yes","facilities":"Heating, Mattresses, Toilets - non-flush, Water from tap - not treated, boil before use, Water supply","hasAlerts":"Refer to DOC website for current alerts","introductionThumbnail":"https://www.doc.govt.nz/thumbs/large/link/d1626d9c7cff4dd9a024c98f48eea6a1.jpg","staticLink":"https://www.doc.govt.nz/link/e7545c0b272d40de9218b860bd5b2b48.aspx","locationString":"Whanganui National Park","x":1782684,"y":5600434,"assetId":100061031,"dateLoadedToGIS":"Tue, 05 Aug 2025 08:39:46 GMT","GlobalID":"f32e0a2b-451d-423a-9f02-699e81f2983a"}},{"type":"Feature","id":577704,"geometry":{"type":"Point","coordinates":[1804243.0483,5471197.5287]},"properties":{"OBJECTID":577704,"name":"Powell Hut","place":"Holdsworth area","region":"Wairarapa","bookable":"Yes","facilities":"Cooking, Heating, Mattresses, Toilets - non-flush, Water from tap - not treated, boil before use, Water supply","hasAlerts":"Refer to DOC website for current alerts","introductionThumbnail":"https://www.doc.govt.nz/thumbs/large/link/505513e962b840bf8da31a8814f4eedb.aspx","staticLink":"https://www.doc.govt.nz/link/e6a70d2b1d8e4e9297339b84a5822405.aspx","locationString":"Holdsworth area","x":1804243,"y":5471198,"assetId":100130805,"dateLoadedToGIS":"Tue, 05 Aug 2025 08:39:47 GMT","GlobalID":"d46a6bd7-f853-4169-9e09-963a2816c21f"}},{"type":"Feature","id":577705,"geometry":{"type":"Point","coordinates":[1347570,5155920]},"properties":{"OBJECTID":577705,"name":"Lame Duck Hut","place":"Westland Tai Poutini National Park","region":"West Coast","bookable":"No","facilities":"Heating, Mattresses, Toilets - non-flush, Water from tap - not treated, boil before use, Water supply","hasAlerts":"Refer to DOC website for current alerts","introductionThumbnail":"https://www.doc.govt.nz/thumbs/large/link/d26968da3fdf4c63bb995153c72678a1.jpg","staticLink":"https://www.doc.govt.nz/link/9a0dd08fb50a41a2a77c40e9eda99fc4.aspx","locationString":"Westland Tai Poutini National Park","x":1347570,"y":5155920,"assetId":100081613,"dateLoadedToGIS":"Tue, 05 Aug 2025 08:39:47 GMT","GlobalID":"7905ecfd-91f9-4717-bca7-f8412114fefe"}},{"type":"Feature","id":577706,"geometry":{"type":"Point","coordinates":[1449475,5233571]},"properties":{"OBJECTID":577706,"name":"Poet Hut","place":"Kokatahi River - Whitcombe River area","region":"West Coast","bookable":"No","facilities":"Heating, Mattresses, Toilets - non-flush, Water from stream, Water supply","hasAlerts":"Refer to DOC website for current alerts","introductionThumbnail":"https://www.doc.govt.nz/thumbs/large/link/33f75be37984491eb8bcc36d4b866ee2.jpg","staticLink":"https://www.doc.govt.nz/link/2817545c8f3d4d6caef781ecffa21435.aspx","locationString":"Kokatahi River - Whitcombe River area","x":1449475,"y":5233571,"assetId":100062278,"dateLoadedToGIS":"Tue, 05 Aug 2025 08:39:47 GMT","GlobalID":"a297173a-2a26-4c5f-b449-f8c578f27b85"}},{"type":"Feature","id":577707,"geometry":{"type":"Point","coordinates":[1556845,5294869]},"properties":{"OBJECTID":577707,"name":"Magdalen Hut","place":"St James Conservation Area","region":"Canterbury","bookable":"No","facilities":"Heating, Mattresses, Toilets - non-flush, Water from tap - not treated, boil before use, Water supply","hasAlerts":"Refer to DOC website for current alerts","introductionThumbnail":"https://www.doc.govt.nz/thumbs/large/link/a793820cf689469cb26823450279cc9e.jpg","staticLink":"https://www.doc.govt.nz/link/aba6d10d76174cbb857f7eb154f5b815.aspx","locationString":"St James Conservation Area","x":1556845,"y":5294869,"assetId":100037700,"dateLoadedToGIS":"Tue, 05 Aug 2025 08:39:48 GMT","GlobalID":"34f09ed5-4b98-4975-ad91-08162d835dac"}},{"type":"Feature","id":577708,"geometry":{"type":"Point","coordinates":[1604093,5470553]},"properties":{"OBJECTID":577708,"name":"Bark Bay Hut","place":"Abel Tasman National Park","region":"Nelson/Tasman","bookable":"Yes","facilities":"Heating, Mattresses, Toilets - flush, Water from tap - not treated, boil before use, Water supply","hasAlerts":"Refer to DOC website for current alerts","introductionThumbnail":"https://www.doc.govt.nz/thumbs/large/link/cfc6ba5bbef24cc0bb7b4e76ca4ae619.jpg","staticLink":"https://www.doc.govt.nz/link/832ade20d9634a57839035c7a860113d.aspx","locationString":"Abel Tasman National Park","x":1604093,"y":5470553,"assetId":100075680,"dateLoadedToGIS":"Tue, 05 Aug 2025 08:39:48 GMT","GlobalID":"97d1acf4-2b26-46fc-a553-02ef3580b855"}},{"type":"Feature","id":577709,"geometry":{"type":"Point","coordinates":[1358617,5145637]},"properties":{"OBJECTID":577709,"name":"Reardon Hut","place":"Ruataniwha Conservation Park","region":"Canterbury","bookable":"No","facilities":"Mattresses, Toilets - non-flush, Water from tap - not treated, boil before use, Water supply","hasAlerts":"Refer to DOC website for current alerts","introductionThumbnail":"https://www.doc.govt.nz/thumbs/large/link/84bb72fa1b474fa688d7d9337b83cdb3.jpg","staticLink":"https://www.doc.govt.nz/link/fa6650a6b8df451abf39521fce25afe6.aspx","locationString":"Ruataniwha Conservation Park","x":1358617,"y":5145637,"assetId":100034567,"dateLoadedToGIS":"Tue, 05 Aug 2025 08:39:48 GMT","GlobalID":"009cfd8b-b98d-4cba-971b-f6aeef4793e0"}},{"type":"Feature","id":577710,"geometry":{"type":"Point","coordinates":[1227263,5011033]},"properties":{"OBJECTID":577710,"name":"Slip Flat Hut","place":"Greenstone and Caples Conservation Areas","region":"Otago","bookable":"No","facilities":"Heating, Mattresses, Toilets - non-flush, Water from stream, Water supply","hasAlerts":"Refer to DOC website for current alerts","introductionThumbnail":"https://www.doc.govt.nz/thumbs/large/link/cdbae02e07b14102b61757d12eac9cc1.aspx","staticLink":"https://www.doc.govt.nz/link/e29a887c9d0a46a5ad6d52f2e5f5f8fc.aspx","locationString":"Greenstone and Caples Conservation Areas","x":1227263,"y":5011033,"assetId":100059208,"dateLoadedToGIS":"Tue, 05 Aug 2025 08:39:48 GMT","GlobalID":"2953687d-9fc1-4f7b-9704-8eb963bef0c8"}},{"type":"Feature","id":577711,"geometry":{"type":"Point","coordinates":[1126117,4966409]},"properties":{"OBJECTID":577711,"name":"The Gut Hut","place":"Fiordland National Park","region":"Fiordland","bookable":"No","facilities":"Mattresses, Toilets - non-flush, Water from tap - not treated, boil before use, Water supply","hasAlerts":"Refer to DOC website for current alerts","introductionThumbnail":"https://www.doc.govt.nz/thumbs/large/link/a9ecfd5458dd4715996c1b0254fe3cc7.jpg","staticLink":"https://www.doc.govt.nz/link/31dbb37f7e554a92b3a151a51e5dafb9.aspx","locationString":"Fiordland National Park","x":1126117,"y":4966409,"assetId":100058155,"dateLoadedToGIS":"Tue, 05 Aug 2025 08:39:48 GMT","GlobalID":"61610abe-f670-4649-b3bc-027dc58ddc9f"}},{"type":"Feature","id":577712,"geometry":{"type":"Point","coordinates":[1383994,5025788]},"properties":{"OBJECTID":577712,"name":"Brown Hut","place":"Oteake Conservation Park","region":"Otago","bookable":"No","facilities":"Mattresses, Toilets - non-flush, Water from stream, Water supply","hasAlerts":"Refer to DOC website for current alerts","introductionThumbnail":"https://www.doc.govt.nz/thumbs/large/link/a05a9ec40cfd4a03ba928c823988a6fa.jpg","staticLink":"https://www.doc.govt.nz/link/0b363cfad7a74d1986b9317cb4941d50.aspx","locationString":"Oteake Conservation Park","x":1383994,"y":5025788,"assetId":100082273,"dateLoadedToGIS":"Tue, 05 Aug 2025 08:39:49 GMT","GlobalID":"100bec59-6b15-4e58-bcf2-fb2664fef142"}},{"type":"Feature","id":577713,"geometry":{"type":"Point","coordinates":[1612548,5344074]},"properties":{"OBJECTID":577713,"name":"Saxton Hut","place":"Molesworth Recreation Reserve","region":"Marlborough","bookable":"No","facilities":"Heating, Mattresses, Toilets - non-flush, Water from tap - not treated, boil before use, Water supply","hasAlerts":"Refer to DOC website for current alerts","introductionThumbnail":"https://www.doc.govt.nz/thumbs/large/link/d98ca90e390042dd991ce552affe6e7c.aspx","staticLink":"https://www.doc.govt.nz/link/acb25a72be5a42cdadde4d75b70fbc60.aspx","locationString":"Molesworth Recreation Reserve","x":1612548,"y":5344074,"assetId":100064238,"dateLoadedToGIS":"Tue, 05 Aug 2025 08:39:49 GMT","GlobalID":"53ae1d64-1134-4ef6-8075-8d1999054850"}},{"type":"Feature","id":577714,"geometry":{"type":"Point","coordinates":[1572620,5456140]},"properties":{"OBJECTID":577714,"name":"Waingaro Forks Hut","place":"Kahurangi National Park","region":"Nelson/Tasman","bookable":"No","facilities":"Heating, Mattresses, Toilets - non-flush, Water from stream, Water supply","hasAlerts":"Refer to DOC website for current alerts","introductionThumbnail":"https://www.doc.govt.nz/thumbs/large/link/0b143a3ce593405daeef66421eece9d9.jpg","staticLink":"https://www.doc.govt.nz/link/93d6b655711f4319b0a2897c04685d05.aspx","locationString":"Kahurangi National Park","x":1572620,"y":5456140,"assetId":100060066,"dateLoadedToGIS":"Tue, 05 Aug 2025 08:39:49 GMT","GlobalID":"b2cc828f-4da7-4b0e-89e4-4aeaaabfd251"}},{"type":"Feature","id":577715,"geometry":{"type":"Point","coordinates":[1879672,5656579]},"properties":{"OBJECTID":577715,"name":"Harkness Hut ","place":"Kaweka Forest Park","region":"Hawke’s Bay","bookable":"No","facilities":"Heating, Mattresses, Toilets - non-flush, Water from tap - not treated, boil before use, Water supply","hasAlerts":"Refer to DOC website for current alerts","introductionThumbnail":"https://www.doc.govt.nz/thumbs/large/link/bf07acff4c06439ab1693c188812b41f.aspx","staticLink":"https://www.doc.govt.nz/link/69d65af998f945bb91b35ee6de59ce64.aspx","locationString":"Kaweka Forest Park","x":1879672,"y":5656579,"assetId":100054631,"dateLoadedToGIS":"Tue, 05 Aug 2025 08:39:49 GMT","GlobalID":"9135c04d-9ee0-4158-b74f-b46269f69df6"}},{"type":"Feature","id":577716,"geometry":{"type":"Point","coordinates":[1802994,5492098]},"properties":{"OBJECTID":577716,"name":"North Ohau Hut","place":"Tararua Forest Park","region":"Wellington/Kapiti","bookable":"No","facilities":"Heating, Mattresses, Toilets - non-flush, Water from tap - not treated, boil before use, Water supply","hasAlerts":"Refer to DOC website for current alerts","introductionThumbnail":"https://www.doc.govt.nz/thumbs/large/link/7325ab7b19b24360be85d5046e90c22e.jpg","staticLink":"https://www.doc.govt.nz/link/e31fee1831c54b61a58680f2665133fa.aspx","locationString":"Tararua Forest Park","x":1802994,"y":5492098,"assetId":100039234,"dateLoadedToGIS":"Tue, 05 Aug 2025 08:39:49 GMT","GlobalID":"94480557-5059-48a9-b722-031d300ba1dd"}},{"type":"Feature","id":577717,"geometry":{"type":"Point","coordinates":[1316255,5117670]},"properties":{"OBJECTID":577717,"name":"Wills Hut","place":"Makarora area","region":"West Coast","bookable":"No","facilities":"Heating, Mattresses, Toilets - non-flush, Water from stream, Water supply","hasAlerts":"Refer to DOC website for current alerts","introductionThumbnail":"https://www.doc.govt.nz/thumbs/large/link/1a6c3eb0738944a681351251aaad66e7.jpg","staticLink":"https://www.doc.govt.nz/link/9ea7b21d8eb142c4a473a4687ca1a67d.aspx","locationString":"Makarora area","x":1316255,"y":5117670,"assetId":100060268,"dateLoadedToGIS":"Tue, 05 Aug 2025 08:39:50 GMT","GlobalID":"b4dee4ec-63a3-4ae3-8bab-f9c8c98b0ef1"}},{"type":"Feature","id":577718,"geometry":{"type":"Point","coordinates":[1354922,5130987]},"properties":{"OBJECTID":577718,"name":"Grough Hut","place":"Ruataniwha Conservation Park","region":"Canterbury","bookable":"No","facilities":"Mattresses, Toilets - non-flush, Water from stream, Water supply","hasAlerts":"Refer to DOC website for current alerts","introductionThumbnail":"https://www.doc.govt.nz/thumbs/large/link/51f34eb005af4bf5b131aa7df4f2d9de.aspx","staticLink":"https://www.doc.govt.nz/link/5d26225fcd36422fb543be1698bb8c32.aspx","locationString":"Ruataniwha Conservation Park","x":1354922,"y":5130987,"assetId":100060566,"dateLoadedToGIS":"Tue, 05 Aug 2025 08:39:50 GMT","GlobalID":"ed836fb8-4ea6-4c52-9636-cc5d439d5a9e"}},{"type":"Feature","id":577719,"geometry":{"type":"Point","coordinates":[1911847.4154,5688819.7478]},"properties":{"OBJECTID":577719,"name":"Upper Matakuhia Hut","place":"Waipunga Forest","region":"East Coast","bookable":"No","facilities":"Heating, Mattresses, Toilets - non-flush, Water from stream, Water supply","hasAlerts":"Refer to DOC website for current alerts","introductionThumbnail":"https://www.doc.govt.nz/thumbs/large/link/e606168bd2b74c01a1d23e50700a9497.jpg","staticLink":"https://www.doc.govt.nz/link/0359b0886afd4be88b92fa8188b813f7.aspx","locationString":"Waipunga Forest","x":1911847,"y":5688820,"assetId":100042461,"dateLoadedToGIS":"Tue, 05 Aug 2025 08:39:50 GMT","GlobalID":"d3be5924-2cf0-4b26-bd20-652701eeb635"}},{"type":"Feature","id":577720,"geometry":{"type":"Point","coordinates":[1783955,5465707]},"properties":{"OBJECTID":577720,"name":"Waiotauru Hut","place":"Tararua Forest Park","region":"Wellington/Kapiti","bookable":"No","facilities":"Toilets - non-flush, Water from stream, Water supply","hasAlerts":"Refer to DOC website for current alerts","introductionThumbnail":"https://www.doc.govt.nz/thumbs/large/link/c9e8cc73e0364fde97aa78f8d3f158c5.aspx","staticLink":"https://www.doc.govt.nz/link/f957430851a14e52a6637c7a54037811.aspx","locationString":"Tararua Forest Park","x":1783955,"y":5465707,"assetId":100131850,"dateLoadedToGIS":"Tue, 05 Aug 2025 08:39:50 GMT","GlobalID":"8555b450-55a1-41ed-a266-d09e198ac0b5"}},{"type":"Feature","id":577721,"geometry":{"type":"Point","coordinates":[1681683,5360928]},"properties":{"OBJECTID":577721,"name":"Isolation Hut","place":"Isolated Hill Scenic Reserve","region":"Marlborough","bookable":"No","facilities":"Heating, Mattresses, Toilets - non-flush, Water from tap - not treated, boil before use, Water supply","hasAlerts":"Refer to DOC website for current alerts","introductionThumbnail":"https://www.doc.govt.nz/thumbs/large/link/3832d0e9f1894584b3cac0d4d1604753.jpg","staticLink":"https://www.doc.govt.nz/link/52c611ef86894c5bb1dcbe297c31a7ad.aspx","locationString":"Isolated Hill Scenic Reserve","x":1681683,"y":5360928,"assetId":100061612,"dateLoadedToGIS":"Tue, 05 Aug 2025 08:39:51 GMT","GlobalID":"55c567c8-0085-4d4a-8a6c-e9712a97414f"}},{"type":"Feature","id":577722,"geometry":{"type":"Point","coordinates":[1398678,5182823]},"properties":{"OBJECTID":577722,"name":"Godley Hut","place":"Aoraki/Mount Cook National Park","region":"Canterbury","bookable":"No","facilities":"Mattresses, Toilets - non-flush, Water from stream, Water supply","hasAlerts":"Refer to DOC website for current alerts","introductionThumbnail":"https://www.doc.govt.nz/thumbs/large/link/52592066f84b46aa8c1627a1e6375254.aspx","staticLink":"https://www.doc.govt.nz/link/fa4950ff2c3f459a85723c40e8fbe70b.aspx","locationString":"Aoraki/Mount Cook National Park","x":1398678,"y":5182823,"assetId":100043243,"dateLoadedToGIS":"Tue, 05 Aug 2025 08:39:51 GMT","GlobalID":"d72cc27e-7b3b-446e-ab8e-2c10a9b788dd"}},{"type":"Feature","id":577723,"geometry":{"type":"Point","coordinates":[1431633,5236779]},"properties":{"OBJECTID":577723,"name":"Explorer Hut","place":"Mikonui River - Kakapotahi River area","region":"West Coast","bookable":"No","facilities":"Heating, Mattresses, Toilets - non-flush, Water from tap - not treated, boil before use, Water supply","hasAlerts":"Refer to DOC website for current alerts","introductionThumbnail":"https://www.doc.govt.nz/thumbs/large/link/96ef94ba90904a3ead51d0b4b60e99f0.aspx","staticLink":"https://www.doc.govt.nz/link/32388a4c176a4f338d35af9b78fb2ae7.aspx","locationString":"Mikonui River - Kakapotahi River area","x":1431633,"y":5236779,"assetId":100054219,"dateLoadedToGIS":"Tue, 05 Aug 2025 08:39:51 GMT","GlobalID":"0f01a89b-3e73-4956-89db-7fdfa7460081"}},{"type":"Feature","id":577724,"geometry":{"type":"Point","coordinates":[1478664,5238148]},"properties":{"OBJECTID":577724,"name":"Anti Crow Hut","place":"Arthur's Pass National Park","region":"Canterbury","bookable":"Yes","facilities":"Heating, Mattresses, Toilets - non-flush, Water from tap - not treated, boil before use, Water supply","hasAlerts":"Refer to DOC website for current alerts","introductionThumbnail":"https://www.doc.govt.nz/thumbs/large/link/31f43366bd7748f191208f900ad7f8bb.aspx","staticLink":"https://www.doc.govt.nz/link/1fcd55310a8f4e089af6aa3302d0913e.aspx","locationString":"Arthur's Pass National Park","x":1478664,"y":5238148,"assetId":100063006,"dateLoadedToGIS":"Tue, 05 Aug 2025 08:39:51 GMT","GlobalID":"2b3a129a-f554-4351-850a-00934fa0b2df"}},{"type":"Feature","id":577725,"geometry":{"type":"Point","coordinates":[1549036,5416874.4363]},"properties":{"OBJECTID":577725,"name":"Trevor Carter Hut","place":"Kahurangi National Park","region":"Nelson/Tasman","bookable":"No","facilities":"Heating, Mattresses, Toilets - non-flush, Water from tap - not treated, boil before use, Water supply","hasAlerts":"Refer to DOC website for current alerts","introductionThumbnail":"https://www.doc.govt.nz/thumbs/large/link/02e5d1815de54eefa644b0ff3526bece.aspx","staticLink":"https://www.doc.govt.nz/link/5badb658bd88406eb5bf4005715164cd.aspx","locationString":"Kahurangi National Park","x":1549036,"y":5416874,"assetId":100061174,"dateLoadedToGIS":"Tue, 05 Aug 2025 08:39:51 GMT","GlobalID":"616fd0c4-98d9-443b-a8f3-4a2b2540e9e7"}},{"type":"Feature","id":577726,"geometry":{"type":"Point","coordinates":[1892788,5646580]},"properties":{"OBJECTID":577726,"name":"Dominie Hut","place":"Kaweka Forest Park","region":"Hawke’s Bay","bookable":"No","facilities":"Mattresses, Toilets - non-flush, Water from tap - not treated, boil before use, Water supply","hasAlerts":"Refer to DOC website for current alerts","introductionThumbnail":"https://www.doc.govt.nz/thumbs/large/link/a96c02ac658b4d5c800877d5fbe97ee4.aspx","staticLink":"https://www.doc.govt.nz/link/527735e0201441bfa5ac793d9efb66a2.aspx","locationString":"Kaweka Forest Park","x":1892788,"y":5646580,"assetId":100055373,"dateLoadedToGIS":"Tue, 05 Aug 2025 08:39:52 GMT","GlobalID":"994d0a19-f0e1-4c99-a821-fc53ea76764a"}},{"type":"Feature","id":577727,"geometry":{"type":"Point","coordinates":[1452343,5239476]},"properties":{"OBJECTID":577727,"name":"Top Kokatahi Hut","place":"Kokatahi River - Whitcombe River area","region":"West Coast","bookable":"No","facilities":"Heating, Mattresses, Toilets - non-flush, Water from tap - not treated, boil before use, Water supply","hasAlerts":"Refer to DOC website for current alerts","introductionThumbnail":"https://www.doc.govt.nz/thumbs/large/link/28c1894ff77744738af545bf7910dbea.jpg","staticLink":"https://www.doc.govt.nz/link/e5107d16f15040b9a0d1b90689eab059.aspx","locationString":"Kokatahi River - Whitcombe River area","x":1452343,"y":5239476,"assetId":100038435,"dateLoadedToGIS":"Tue, 05 Aug 2025 08:39:52 GMT","GlobalID":"d1ad0114-c455-4635-84e6-880c5e469599"}},{"type":"Feature","id":577728,"geometry":{"type":"Point","coordinates":[1549414,5267438]},"properties":{"OBJECTID":577728,"name":"Cold Stream Hut","place":"Lake Sumner Forest Park","region":"Canterbury","bookable":"No","facilities":"Heating, Mattresses, Toilets - non-flush, Water from stream, Water supply","hasAlerts":"Refer to DOC website for current alerts","introductionThumbnail":"https://www.doc.govt.nz/thumbs/large/link/94edbd364d3a455aacf04768ef7209e1.aspx","staticLink":"https://www.doc.govt.nz/link/31df336492d84cd79b6bb075cb2101a9.aspx","locationString":"Lake Sumner Forest Park","x":1549414,"y":5267438,"assetId":100062866,"dateLoadedToGIS":"Tue, 05 Aug 2025 08:39:52 GMT","GlobalID":"819fd812-ad8e-448a-b755-09fdc4a781de"}},{"type":"Feature","id":577729,"geometry":{"type":"Point","coordinates":[1151842,4995938]},"properties":{"OBJECTID":577729,"name":"Caswell Sound Hut","place":"Fiordland National Park","region":"Fiordland","bookable":"No","facilities":"Toilets - non-flush, Water from stream, Water supply","hasAlerts":"Refer to DOC website for current alerts","introductionThumbnail":"https://www.doc.govt.nz/thumbs/large/link/679834d286fd4d26bd397c3322b11073.jpg","staticLink":"https://www.doc.govt.nz/link/bbed85cec2804b49999384732b9a5df0.aspx","locationString":"Fiordland National Park","x":1151842,"y":4995938,"assetId":100071868,"dateLoadedToGIS":"Tue, 05 Aug 2025 08:39:52 GMT","GlobalID":"dcc0566e-ec67-4025-9648-7d49c2cf7712"}},{"type":"Feature","id":577730,"geometry":{"type":"Point","coordinates":[1896089,5649184]},"properties":{"OBJECTID":577730,"name":"Iron Whare","place":null,"region":"Hawke’s Bay","bookable":"No","facilities":"Toilets - non-flush, Water from stream, Water supply","hasAlerts":"Refer to DOC website for current alerts","introductionThumbnail":"https://www.doc.govt.nz/thumbs/large/link/1f48382e75e94b54960b96d15c946ce3.aspx","staticLink":"https://www.doc.govt.nz/link/eecfadbd6ae6448792a221cb9bdce587.aspx","locationString":null,"x":1896089,"y":5649184,"assetId":100072296,"dateLoadedToGIS":"Tue, 05 Aug 2025 08:39:53 GMT","GlobalID":"819c5a61-4938-43a9-a71c-69e221e34973"}},{"type":"Feature","id":577731,"geometry":{"type":"Point","coordinates":[1687490,5650079]},"properties":{"OBJECTID":577731,"name":"Kahui Hut","place":"Te Papa-Kura-o-Taranaki","region":"Taranaki","bookable":"No","facilities":"Mattresses, Toilets - non-flush, Water from tap - not treated, boil before use, Water supply","hasAlerts":"Refer to DOC website for current alerts","introductionThumbnail":"https://www.doc.govt.nz/thumbs/large/link/30c592ccfa594ff797230c1faa5991ff.aspx","staticLink":"https://www.doc.govt.nz/link/2021fc96a37445de9d43d8849a4c81e2.aspx","locationString":"Te Papa-Kura-o-Taranaki","x":1687490,"y":5650079,"assetId":100064257,"dateLoadedToGIS":"Tue, 05 Aug 2025 08:39:53 GMT","GlobalID":"3952f5fe-3d88-4ff4-a9d1-903b4a662e75"}},{"type":"Feature","id":577732,"geometry":{"type":"Point","coordinates":[1375398,5029831]},"properties":{"OBJECTID":577732,"name":"Ida Railway Hut","place":"Oteake Conservation Park","region":"Otago","bookable":"No","facilities":"Heating, Mattresses, Toilets - non-flush, Water from stream, Water supply","hasAlerts":"Refer to DOC website for current alerts","introductionThumbnail":"https://www.doc.govt.nz/thumbs/large/link/ebf22ed36ef94030a82358377e7ad894.aspx","staticLink":"https://www.doc.govt.nz/link/d13d972d7f4349408d49afbbb1735897.aspx","locationString":"Oteake Conservation Park","x":1375398,"y":5029831,"assetId":100082268,"dateLoadedToGIS":"Tue, 05 Aug 2025 08:39:53 GMT","GlobalID":"a6f482c9-73cf-4228-964f-27916d10315a"}},{"type":"Feature","id":577733,"geometry":{"type":"Point","coordinates":[1238432,4958130]},"properties":{"OBJECTID":577733,"name":"Irthing Hut","place":"Eyre Mountains/Taka Rā Haka Conservation Park","region":"Southland","bookable":"No","facilities":"Heating, Mattresses, Toilets - non-flush, Water from stream, Water supply","hasAlerts":"Refer to DOC website for current alerts","introductionThumbnail":"https://www.doc.govt.nz/images/no-photo/no-photo-220x140.jpg","staticLink":"https://www.doc.govt.nz/link/3f4a98a4431c45b3a03a6961dc1285ad.aspx","locationString":"Eyre Mountains/Taka Rā Haka Conservation Park","x":1238432,"y":4958130,"assetId":100056331,"dateLoadedToGIS":"Tue, 05 Aug 2025 08:39:53 GMT","GlobalID":"d43e1885-ba4a-4af7-9696-09dc82d177cc"}},{"type":"Feature","id":577734,"geometry":{"type":"Point","coordinates":[1310725,5057059]},"properties":{"OBJECTID":577734,"name":"Pakituhi Hut","place":"Hāwea Conservation Park","region":"Otago","bookable":"No","facilities":"Mattresses, Toilets - non-flush, Water from tap - not treated, boil before use, Water supply","hasAlerts":"Refer to DOC website for current alerts","introductionThumbnail":"https://www.doc.govt.nz/thumbs/large/link/14c6e5f4cbcb4081b0c135eddbc758c1.jpg","staticLink":"https://www.doc.govt.nz/link/8e37cc3356a1428aac8a963df53ca174.aspx","locationString":"Hāwea Conservation Park","x":1310725,"y":5057059,"assetId":100085583,"dateLoadedToGIS":"Tue, 05 Aug 2025 08:39:53 GMT","GlobalID":"86527f41-12b2-497f-8201-ccc08a395370"}},{"type":"Feature","id":577735,"geometry":{"type":"Point","coordinates":[1431565,5198396]},"properties":{"OBJECTID":577735,"name":"Lawrence Bivvy","place":"Rangitata and Rakaia Rivers area","region":"Canterbury","bookable":"No","facilities":"Mattresses, Toilets - non-flush, Water from stream, Water supply","hasAlerts":"Refer to DOC website for current alerts","introductionThumbnail":"https://www.doc.govt.nz/thumbs/large/link/21cea5351fab453b88e59ed69c18ce6e.aspx","staticLink":"https://www.doc.govt.nz/link/3de3431ce1d44a898d8abdca49c25a64.aspx","locationString":"Rangitata and Rakaia Rivers area","x":1431565,"y":5198396,"assetId":100060522,"dateLoadedToGIS":"Tue, 05 Aug 2025 08:39:53 GMT","GlobalID":"4d2c9316-6f87-4c13-a089-113cf96bee87"}},{"type":"Feature","id":577736,"geometry":{"type":"Point","coordinates":[1569355,5352094]},"properties":{"OBJECTID":577736,"name":"Morgan Hut","place":"Nelson Lakes National Park","region":"Nelson/Tasman","bookable":"No","facilities":"Heating, Mattresses, Toilets - non-flush, Water from tap - not treated, boil before use, Water supply","hasAlerts":"Refer to DOC website for current alerts","introductionThumbnail":"https://www.doc.govt.nz/thumbs/large/link/9b0121ac70824f4695ab73bdc1fc08da.jpg","staticLink":"https://www.doc.govt.nz/link/4057b9b3a8a74314b92b1bb034c33878.aspx","locationString":"Nelson Lakes National Park","x":1569355,"y":5352094,"assetId":100064355,"dateLoadedToGIS":"Tue, 05 Aug 2025 08:39:54 GMT","GlobalID":"74d4cecc-d034-4054-8f2e-6faebcc0b478"}},{"type":"Feature","id":577737,"geometry":{"type":"Point","coordinates":[1339814,5098911]},"properties":{"OBJECTID":577737,"name":"Maitland Hut","place":"Ruataniwha Conservation Park","region":"Canterbury","bookable":"No","facilities":"Heating, Mattresses, Toilets - non-flush, Water from stream, Water supply","hasAlerts":"Refer to DOC website for current alerts","introductionThumbnail":"https://www.doc.govt.nz/thumbs/large/link/6c9c7373245a46d7b9b083b9965e5f5d.jpg","staticLink":"https://www.doc.govt.nz/link/0284bb2d96044d72983f719a637d376b.aspx","locationString":"Ruataniwha Conservation Park","x":1339814,"y":5098911,"assetId":100060920,"dateLoadedToGIS":"Tue, 05 Aug 2025 08:39:54 GMT","GlobalID":"446f24c0-bc45-4e85-be78-9137e52295bd"}},{"type":"Feature","id":577738,"geometry":{"type":"Point","coordinates":[1806460,5477511]},"properties":{"OBJECTID":577738,"name":"Mid King Bivvy","place":"Tararua Forest Park","region":"Wairarapa","bookable":"No","facilities":"Toilets - non-flush, Water from stream, Water supply","hasAlerts":"Refer to DOC website for current alerts","introductionThumbnail":"https://www.doc.govt.nz/thumbs/large/link/6623fa0df441469fbe63ac1ff84fcf9a.jpg","staticLink":"https://www.doc.govt.nz/link/745dc4cd8df6427bb5b2a9517118be0f.aspx","locationString":"Tararua Forest Park","x":1806460,"y":5477511,"assetId":100063028,"dateLoadedToGIS":"Tue, 05 Aug 2025 08:39:54 GMT","GlobalID":"bfcd202c-3f5f-465f-b5dc-304d63f6298f"}},{"type":"Feature","id":577739,"geometry":{"type":"Point","coordinates":[1444766,5240427]},"properties":{"OBJECTID":577739,"name":"Gerhardt Spur Bivvy","place":"Kokatahi River - Whitcombe River area","region":"West Coast","bookable":"No","facilities":"Mattresses, Toilets - non-flush, Water from stream, Water supply","hasAlerts":"Refer to DOC website for current alerts","introductionThumbnail":"https://www.doc.govt.nz/thumbs/large/link/9404b8d4dbd94d00bd18f7c1130b2f01.aspx","staticLink":"https://www.doc.govt.nz/link/9448f5ae5a254719ae35056af4d32b72.aspx","locationString":"Kokatahi River - Whitcombe River area","x":1444766,"y":5240427,"assetId":100054748,"dateLoadedToGIS":"Tue, 05 Aug 2025 08:39:54 GMT","GlobalID":"ce879a01-10b0-4035-a30b-31328545d235"}},{"type":"Feature","id":577740,"geometry":{"type":"Point","coordinates":[1218249,4789767]},"properties":{"OBJECTID":577740,"name":"Southwest Arm Hunters Hut","place":"Rakiura National Park","region":"Southland","bookable":"Yes","facilities":"Heating, Mattresses, Toilets - non-flush, Water from tap - not treated, boil before use, Water supply","hasAlerts":"Refer to DOC website for current alerts","introductionThumbnail":"https://www.doc.govt.nz/thumbs/large/link/cc8897a0b623421c99eaf9e27916e9c4.jpg","staticLink":"https://www.doc.govt.nz/link/99ca295f6969432c9853d8c7edfb8924.aspx","locationString":"Rakiura National Park","x":1218249,"y":4789767,"assetId":100073711,"dateLoadedToGIS":"Tue, 05 Aug 2025 08:39:54 GMT","GlobalID":"bd625e37-9215-4a8f-8858-3622ebfcf87c"}},{"type":"Feature","id":577741,"geometry":{"type":"Point","coordinates":[1471429,5249372]},"properties":{"OBJECTID":577741,"name":"Julia Hut (Old)","place":"Kelly Range – Styx River area","region":"West Coast","bookable":"No","facilities":"Heating, Toilets - non-flush, Water from stream, Water supply","hasAlerts":"Refer to DOC website for current alerts","introductionThumbnail":"https://www.doc.govt.nz/thumbs/large/link/6c52e5d5f51f448dbb284596029b2403.jpg","staticLink":"https://www.doc.govt.nz/link/c6b93b9896b549b0adec2095be8035c4.aspx","locationString":"Kelly Range – Styx River area","x":1471429,"y":5249372,"assetId":100059503,"dateLoadedToGIS":"Tue, 05 Aug 2025 08:39:55 GMT","GlobalID":"a904c553-a172-4b78-9b4b-8406f52f3407"}},{"type":"Feature","id":577742,"geometry":{"type":"Point","coordinates":[1216517,4811041]},"properties":{"OBJECTID":577742,"name":"Christmas Village Hut","place":"Rakiura National Park","region":"Southland","bookable":"No","facilities":"Heating, Mattresses, Toilets - non-flush, Water from tap - not treated, boil before use, Water supply","hasAlerts":"Refer to DOC website for current alerts","introductionThumbnail":"https://www.doc.govt.nz/thumbs/large/link/bd0e42c7543640ecab7515670322effd.jpg","staticLink":"https://www.doc.govt.nz/link/8bb72652b24741a6a653cac7e40d7450.aspx","locationString":"Rakiura National Park","x":1216517,"y":4811041,"assetId":100072011,"dateLoadedToGIS":"Tue, 05 Aug 2025 08:39:55 GMT","GlobalID":"df8c58c7-80a5-44af-9251-5ca893763860"}},{"type":"Feature","id":577743,"geometry":{"type":"Point","coordinates":[1377913,5147723]},"properties":{"OBJECTID":577743,"name":"Green Point Hut","place":"Gamack Conservation Area","region":"Canterbury","bookable":"No","facilities":"Mattresses, Toilets - non-flush, Water from stream, Water supply","hasAlerts":"Refer to DOC website for current alerts","introductionThumbnail":"https://www.doc.govt.nz/thumbs/large/link/253a96972f8d40fdb5926888a7ef36ba.jpg","staticLink":"https://www.doc.govt.nz/link/a2addfd3a05f460c8835415b40f8af46.aspx","locationString":"Gamack Conservation Area","x":1377913,"y":5147723,"assetId":100094105,"dateLoadedToGIS":"Tue, 05 Aug 2025 08:39:55 GMT","GlobalID":"6c0631b1-5227-4820-b031-115e7127937e"}},{"type":"Feature","id":577744,"geometry":{"type":"Point","coordinates":[1374221.8427,5182697.7429]},"properties":{"OBJECTID":577744,"name":"Almer Hut","place":"Franz Josef Glacier/Kā Roimata o Hine Hukatere","region":"West Coast","bookable":"No","facilities":"Mattresses, Toilets - non-flush, Water from tap - not treated, boil before use, Water supply","hasAlerts":"Refer to DOC website for current alerts","introductionThumbnail":"https://www.doc.govt.nz/thumbs/large/link/4af9bc0708be4842ba96764ba9f4ee4c.jpg","staticLink":"https://www.doc.govt.nz/link/4da66eff68f345e78a709b6236ee4752.aspx","locationString":"Franz Josef Glacier/Kā Roimata o Hine Hukatere","x":1374222,"y":5182698,"assetId":100061940,"dateLoadedToGIS":"Tue, 05 Aug 2025 08:39:55 GMT","GlobalID":"36c0acf0-b723-4feb-8919-8b1c8841e16c"}},{"type":"Feature","id":577745,"geometry":{"type":"Point","coordinates":[1216530,5019820]},"properties":{"OBJECTID":577745,"name":"Mckellar Hut","place":"Greenstone and Caples Conservation Areas","region":"Otago","bookable":"Yes","facilities":"Heating, Mattresses, Toilets - flush, Water from tap - not treated, boil before use, Water supply","hasAlerts":"Refer to DOC website for current alerts","introductionThumbnail":"https://www.doc.govt.nz/thumbs/large/link/81d0aedf6c6f4a95a9a9cc9dd63aa401.aspx","staticLink":"https://www.doc.govt.nz/link/78a4a280343641c7b5b2d7f87b649c3a.aspx","locationString":"Greenstone and Caples Conservation Areas","x":1216530,"y":5019820,"assetId":100090255,"dateLoadedToGIS":"Tue, 05 Aug 2025 08:39:55 GMT","GlobalID":"27e3db85-82fe-4353-b97f-a733f769a9b9"}},{"type":"Feature","id":577746,"geometry":{"type":"Point","coordinates":[1872443,5596484]},"properties":{"OBJECTID":577746,"name":"Sparrowhawk Bivvy","place":"Ruahine Forest Park","region":"Manawatu/Whanganui","bookable":"No","facilities":"Mattresses, Toilets - non-flush, Water from tap - not treated, boil before use, Water supply","hasAlerts":"Refer to DOC website for current alerts","introductionThumbnail":"https://www.doc.govt.nz/thumbs/large/link/f59cc9242cb047b1a9aca66e0c95dc19.aspx","staticLink":"https://www.doc.govt.nz/link/c7031ba2981f4f66a50fe361f20fcf09.aspx","locationString":"Ruahine Forest Park","x":1872443,"y":5596484,"assetId":100072003,"dateLoadedToGIS":"Tue, 05 Aug 2025 08:39:56 GMT","GlobalID":"065c8b2e-81ed-4546-9eab-83ffdb1b1fe2"}},{"type":"Feature","id":577747,"geometry":{"type":"Point","coordinates":[1957781,5735224]},"properties":{"OBJECTID":577747,"name":"Te Panaa Hut","place":"Te Urewera","region":"East Coast","bookable":"No","facilities":"Heating, Mattresses, Toilets - non-flush, Water from tap - not treated, boil before use, Water supply","hasAlerts":"Refer to DOC website for current alerts","introductionThumbnail":"https://www.doc.govt.nz/images/no-photo/no-photo-220x140.jpg","staticLink":"https://www.doc.govt.nz/link/8e30ec824e3f42c3b8da383e3928f491.aspx","locationString":"Te Urewera","x":1957781,"y":5735224,"assetId":100073360,"dateLoadedToGIS":"Tue, 05 Aug 2025 08:39:56 GMT","GlobalID":"93874d60-ad51-41cf-8c0e-8d9bbede8591"}},{"type":"Feature","id":577748,"geometry":{"type":"Point","coordinates":[1876903,5609965]},"properties":{"OBJECTID":577748,"name":"Rockslide Hut","place":"Ruahine Forest Park","region":"Hawke’s Bay","bookable":"No","facilities":"Mattresses, Toilets - non-flush, Water from stream, Water supply","hasAlerts":"Refer to DOC website for current alerts","introductionThumbnail":"https://www.doc.govt.nz/thumbs/large/link/58e454a5fb1d4404ae5872cff3cab39c.aspx","staticLink":"https://www.doc.govt.nz/link/561f7f11f0ec4d6ead7a57a2d10c64d8.aspx","locationString":"Ruahine Forest Park","x":1876903,"y":5609965,"assetId":100055432,"dateLoadedToGIS":"Tue, 05 Aug 2025 08:39:56 GMT","GlobalID":"a5e6f9a1-7f4f-4432-a35e-e362de81a853"}},{"type":"Feature","id":577749,"geometry":{"type":"Point","coordinates":[1499256,5197464]},"properties":{"OBJECTID":577749,"name":"Benmore Hut","place":"Korowai/Torlesse Tussocklands Park","region":"Canterbury","bookable":"No","facilities":"Heating, Mattresses, Toilets - non-flush, Water from tap - not treated, boil before use, Water supply","hasAlerts":"Refer to DOC website for current alerts","introductionThumbnail":"https://www.doc.govt.nz/thumbs/large/link/b95226d307ea40e2925e436492a0c481.aspx","staticLink":"https://www.doc.govt.nz/link/35720bfdff6b41e5b1746a94ac83a46e.aspx","locationString":"Korowai/Torlesse Tussocklands Park","x":1499256,"y":5197464,"assetId":100064756,"dateLoadedToGIS":"Tue, 05 Aug 2025 08:39:56 GMT","GlobalID":"39814bfb-eba9-4c3c-8692-cb302c082e9a"}},{"type":"Feature","id":577750,"geometry":{"type":"Point","coordinates":[1493517,5227573]},"properties":{"OBJECTID":577750,"name":"Cass Saddle Hut","place":"Craigieburn Forest Park","region":"Canterbury","bookable":"No","facilities":"Heating, Mattresses, Toilets - non-flush, Water from stream, Water supply","hasAlerts":"Refer to DOC website for current alerts","introductionThumbnail":"https://www.doc.govt.nz/thumbs/large/link/927dd48672b3406aa776012dd1902038.jpg","staticLink":"https://www.doc.govt.nz/link/626d11ba02db4ababe01c45653240f47.aspx","locationString":"Craigieburn Forest Park","x":1493517,"y":5227573,"assetId":100060889,"dateLoadedToGIS":"Tue, 05 Aug 2025 08:39:56 GMT","GlobalID":"6ac1e92b-6fdd-42d9-9888-ec714b1e0b97"}},{"type":"Feature","id":577751,"geometry":{"type":"Point","coordinates":[1850712,5832325]},"properties":{"OBJECTID":577751,"name":"Motutapere Hut","place":"Kaimai Mamaku Conservation Park","region":"Bay of Plenty","bookable":"No","facilities":"Heating, Mattresses, Toilets - non-flush, Water from tap - not treated, boil before use, Water supply","hasAlerts":"Refer to DOC website for current alerts","introductionThumbnail":"https://www.doc.govt.nz/thumbs/large/link/44b729b66e09496d981e718d0101b07d.aspx","staticLink":"https://www.doc.govt.nz/link/605de58f046143f2ab740b47ebd8172f.aspx","locationString":"Kaimai Mamaku Conservation Park","x":1850712,"y":5832325,"assetId":100056979,"dateLoadedToGIS":"Tue, 05 Aug 2025 08:39:57 GMT","GlobalID":"a1cb1516-ac3c-4fae-9872-30af968cdb7b"}},{"type":"Feature","id":577752,"geometry":{"type":"Point","coordinates":[1764392,5640333]},"properties":{"OBJECTID":577752,"name":"Ngapurua Hut","place":"Whanganui National Park","region":"Manawatu/Whanganui","bookable":"No","facilities":"Heating, Mattresses, Toilets - non-flush, Water from tap - not treated, boil before use, Water supply","hasAlerts":"Refer to DOC website for current alerts","introductionThumbnail":"https://www.doc.govt.nz/thumbs/large/link/20d1657df9f64f3a9cc840f57ae95546.jpg","staticLink":"https://www.doc.govt.nz/link/fdbb9b5c130149d19912d98314619344.aspx","locationString":"Whanganui National Park","x":1764392,"y":5640333,"assetId":100081146,"dateLoadedToGIS":"Tue, 05 Aug 2025 08:39:57 GMT","GlobalID":"2d91c25c-1b2a-43d2-ac51-fbf37842b992"}},{"type":"Feature","id":577753,"geometry":{"type":"Point","coordinates":[1323170,5104749]},"properties":{"OBJECTID":577753,"name":"Bull Flat Hut","place":"Hāwea Conservation Park","region":"Otago","bookable":"No","facilities":"Heating, Mattresses, Toilets - non-flush, Water from stream, Water supply","hasAlerts":"Refer to DOC website for current alerts","introductionThumbnail":"https://www.doc.govt.nz/thumbs/large/link/49375e3d3aac48f28e24cf76a665a466.jpg","staticLink":"https://www.doc.govt.nz/link/1a3ed1e9957446b3ae0ebdaf79474931.aspx","locationString":"Hāwea Conservation Park","x":1323170,"y":5104749,"assetId":100074844,"dateLoadedToGIS":"Tue, 05 Aug 2025 08:39:57 GMT","GlobalID":"8ef293b5-94d5-4638-b2dc-8c4b6c278f1c"}},{"type":"Feature","id":577754,"geometry":{"type":"Point","coordinates":[1600244,5394683]},"properties":{"OBJECTID":577754,"name":"Hunters Hut","place":"Mount Richmond Forest Park","region":"Nelson/Tasman","bookable":"No","facilities":"Heating, Mattresses, Toilets - non-flush, Water from tap - not treated, boil before use, Water supply","hasAlerts":"Refer to DOC website for current alerts","introductionThumbnail":"https://www.doc.govt.nz/thumbs/large/link/60bfaf799a04428381aee82a2161ac45.jpg","staticLink":"https://www.doc.govt.nz/link/4779357f75c645358c4c23ab4017f2b2.aspx","locationString":"Mount Richmond Forest Park","x":1600244,"y":5394683,"assetId":100061176,"dateLoadedToGIS":"Tue, 05 Aug 2025 08:39:57 GMT","GlobalID":"2c597dbc-0797-4520-9063-164ac6cb8ba1"}},{"type":"Feature","id":577755,"geometry":{"type":"Point","coordinates":[1628742,5314070]},"properties":{"OBJECTID":577755,"name":"Alfred Hut","place":"Ka Whata Tu o Rakihouia Clarence","region":"Marlborough","bookable":"No","facilities":"Heating, Mattresses, Toilets - non-flush, Water from stream, Water supply","hasAlerts":"Refer to DOC website for current alerts","introductionThumbnail":"https://www.doc.govt.nz/thumbs/large/link/157d6aa5b157495885e4863a76f3db81.jpg","staticLink":"https://www.doc.govt.nz/link/4fa360d6371b4e0eb5f112aa9e8290fb.aspx","locationString":"Ka Whata Tu o Rakihouia Clarence","x":1628742,"y":5314070,"assetId":100064245,"dateLoadedToGIS":"Tue, 05 Aug 2025 08:39:57 GMT","GlobalID":"a6c8738c-dd0f-4cfe-9a32-b45ce21eb46d"}},{"type":"Feature","id":577756,"geometry":{"type":"Point","coordinates":[1546411,5302601]},"properties":{"OBJECTID":577756,"name":"Lucretia Hut","place":"Lake Sumner Forest Park","region":"Canterbury","bookable":"No","facilities":"Heating, Toilets - non-flush, Water from stream, Water supply","hasAlerts":"Refer to DOC website for current alerts","introductionThumbnail":"https://www.doc.govt.nz/thumbs/large/link/21d6d47792ae4e4eae981cf77bd7018e.jpg","staticLink":"https://www.doc.govt.nz/link/6a760735127742fc8a1f06f8149cb171.aspx","locationString":"Lake Sumner Forest Park","x":1546411,"y":5302601,"assetId":100062870,"dateLoadedToGIS":"Tue, 05 Aug 2025 08:39:58 GMT","GlobalID":"e6932f59-7961-460f-b8b7-8c3c38bcb0ce"}},{"type":"Feature","id":577757,"geometry":{"type":"Point","coordinates":[1583410,5346429]},"properties":{"OBJECTID":577757,"name":"Begley Hut","place":"Upper Wairau River area","region":"Nelson/Tasman","bookable":"No","facilities":"Heating, Mattresses, Toilets - non-flush, Water from stream, Water supply","hasAlerts":"Refer to DOC website for current alerts","introductionThumbnail":"https://www.doc.govt.nz/thumbs/large/link/ff987bbc88bc4561b421cf727c7c0c3d.aspx","staticLink":"https://www.doc.govt.nz/link/93d462eb66e84df1973928190947338d.aspx","locationString":"Upper Wairau River area","x":1583410,"y":5346429,"assetId":100060141,"dateLoadedToGIS":"Tue, 05 Aug 2025 08:39:58 GMT","GlobalID":"32680b42-c985-46f3-88fb-4af64186a8a7"}},{"type":"Feature","id":577758,"geometry":{"type":"Point","coordinates":[1242421,4968385]},"properties":{"OBJECTID":577758,"name":"Beech Hut","place":"Eyre Mountains/Taka Rā Haka Conservation Park","region":"Southland","bookable":"No","facilities":"Heating, Mattresses, Water from stream, Water supply","hasAlerts":"Refer to DOC website for current alerts","introductionThumbnail":"https://www.doc.govt.nz/thumbs/large/link/6b4be8241db44bc6b244ebf1f7e85595.jpg","staticLink":"https://www.doc.govt.nz/link/52e0487400c4401e9426e733ed68d0e6.aspx","locationString":"Eyre Mountains/Taka Rā Haka Conservation Park","x":1242421,"y":4968385,"assetId":100056333,"dateLoadedToGIS":"Tue, 05 Aug 2025 08:39:58 GMT","GlobalID":"4a244dbc-7d21-4dc5-995c-2996b1d5c352"}},{"type":"Feature","id":577759,"geometry":{"type":"Point","coordinates":[1311576,5143041]},"properties":{"OBJECTID":577759,"name":"Horseshoe Flat Hut","place":"Haast, Paringa and Moeraki rivers area","region":"West Coast","bookable":"No","facilities":"Heating, Mattresses, Toilets - non-flush, Water from tap - not treated, boil before use, Water supply","hasAlerts":"Refer to DOC website for current alerts","introductionThumbnail":"https://www.doc.govt.nz/thumbs/large/link/a2dee6435d9f49b2a1ff939b4e35a633.jpg","staticLink":"https://www.doc.govt.nz/link/011be6b1ce9b4159a937b6a0dd3077ea.aspx","locationString":"Haast, Paringa and Moeraki rivers area","x":1311576,"y":5143041,"assetId":100062366,"dateLoadedToGIS":"Tue, 05 Aug 2025 08:39:58 GMT","GlobalID":"b7c12d62-222a-4dbe-83ef-58835799df12"}},{"type":"Feature","id":577760,"geometry":{"type":"Point","coordinates":[1453040,5234717]},"properties":{"OBJECTID":577760,"name":"Mungo Hut","place":"Kokatahi River - Whitcombe River area","region":"West Coast","bookable":"No","facilities":"Heating, Mattresses, Toilets - non-flush, Water from stream, Water supply","hasAlerts":"Refer to DOC website for current alerts","introductionThumbnail":"https://www.doc.govt.nz/thumbs/large/link/8b1c572a69a148d1b45d23b304e063fa.jpg","staticLink":"https://www.doc.govt.nz/link/474dd12b78ac4ea8a8ec55f432493ac6.aspx","locationString":"Kokatahi River - Whitcombe River area","x":1453040,"y":5234717,"assetId":100063409,"dateLoadedToGIS":"Tue, 05 Aug 2025 08:39:58 GMT","GlobalID":"b9150d48-8d1d-4083-9a99-4447a1d94096"}},{"type":"Feature","id":577761,"geometry":{"type":"Point","coordinates":[1636197,5319185]},"properties":{"OBJECTID":577761,"name":"Warden Hut","place":"Ka Whata Tu o Rakihouia Clarence","region":"Marlborough","bookable":"No","facilities":"Heating, Mattresses, Toilets - non-flush, Water from tap - not treated, boil before use, Water supply","hasAlerts":"Refer to DOC website for current alerts","introductionThumbnail":"https://www.doc.govt.nz/thumbs/large/link/e92d1bfe69624faa88690435802747a6.jpg","staticLink":"https://www.doc.govt.nz/link/95074ec9ab8d44e4b9cf665eb7a4dd10.aspx","locationString":"Ka Whata Tu o Rakihouia Clarence","x":1636197,"y":5319185,"assetId":100039299,"dateLoadedToGIS":"Tue, 05 Aug 2025 08:39:59 GMT","GlobalID":"7770a68f-661d-496a-9684-5de2eb0ed493"}},{"type":"Feature","id":577762,"geometry":{"type":"Point","coordinates":[1210648,4932089]},"properties":{"OBJECTID":577762,"name":"Becketts Hut","place":"Takitimu Conservation Area","region":"Southland","bookable":"No","facilities":"Heating, Mattresses, Toilets - non-flush, Water from stream, Water supply","hasAlerts":"Refer to DOC website for current alerts","introductionThumbnail":"https://www.doc.govt.nz/thumbs/large/link/423b224614984ae3b3afaaabe2040731.aspx","staticLink":"https://www.doc.govt.nz/link/9b2d31544ac644f99172b0cf72a6b2da.aspx","locationString":"Takitimu Conservation Area","x":1210648,"y":4932089,"assetId":100072023,"dateLoadedToGIS":"Tue, 05 Aug 2025 08:39:59 GMT","GlobalID":"576f900b-89f6-4c1c-a5b7-7f910f42b75e"}},{"type":"Feature","id":577763,"geometry":{"type":"Point","coordinates":[1225039,4788096]},"properties":{"OBJECTID":577763,"name":"Hapuatuna Hunters Hut","place":"Rakiura National Park","region":"Southland","bookable":"Yes","facilities":"Heating, Mattresses, Toilets - non-flush, Water from tap - not treated, boil before use, Water supply","hasAlerts":"Refer to DOC website for current alerts","introductionThumbnail":"https://www.doc.govt.nz/thumbs/large/link/7e1e6e637de94dd88d93e051a421841e.jpg","staticLink":"https://www.doc.govt.nz/link/54cfd70f1ac6492b9ef34ddc514bd30d.aspx","locationString":"Rakiura National Park","x":1225039,"y":4788096,"assetId":100039936,"dateLoadedToGIS":"Tue, 05 Aug 2025 08:39:59 GMT","GlobalID":"22fb705a-0dc1-4de5-9f32-2a6192feb4af"}},{"type":"Feature","id":577764,"geometry":{"type":"Point","coordinates":[1208280,5061440]},"properties":{"OBJECTID":577764,"name":"Demon Trail Hut","place":"Fiordland National Park","region":"Fiordland","bookable":"No","facilities":"Heating, Mattresses, Toilets - non-flush, Water from tap - not treated, boil before use, Water supply","hasAlerts":"Refer to DOC website for current alerts","introductionThumbnail":"https://www.doc.govt.nz/thumbs/large/link/e5e7d6a84fe347a8b4591358bc97a0e5.jpg","staticLink":"https://www.doc.govt.nz/link/8a9cca1bd9cd4ab1bab2613e2aec039e.aspx","locationString":"Fiordland National Park","x":1208280,"y":5061440,"assetId":100058225,"dateLoadedToGIS":"Tue, 05 Aug 2025 08:39:59 GMT","GlobalID":"e70e7b04-8b52-41f7-8eaf-8b92c84087ec"}},{"type":"Feature","id":577765,"geometry":{"type":"Point","coordinates":[1221043,5036428]},"properties":{"OBJECTID":577765,"name":"Routeburn Flats Hut ","place":"Mount Aspiring National Park","region":"Otago","bookable":"Yes","facilities":"Cooking, Heating, Mattresses, Lighting, Toilets - flush, Water from tap - not treated, boil before use, Water supply","hasAlerts":"Refer to DOC website for current alerts","introductionThumbnail":"https://www.doc.govt.nz/thumbs/large/link/bfe23c83f35d4285a5f4d34f54f9e2ab.jpg","staticLink":"https://www.doc.govt.nz/link/e69181c9097d42fe9265a93be8fd9bd4.aspx","locationString":"Mount Aspiring National Park","x":1221043,"y":5036428,"assetId":100059056,"dateLoadedToGIS":"Tue, 05 Aug 2025 08:39:59 GMT","GlobalID":"fcca4783-d0a5-4427-9c9f-faa32444088e"}},{"type":"Feature","id":577766,"geometry":{"type":"Point","coordinates":[1506005,5281360]},"properties":{"OBJECTID":577766,"name":"Waikiti Hut","place":"Ahaura River and Lake Brunner catchments area","region":"West Coast","bookable":"No","facilities":"Heating, Mattresses, Toilets - non-flush, Water from stream, Water supply","hasAlerts":"Refer to DOC website for current alerts","introductionThumbnail":"https://www.doc.govt.nz/thumbs/large/link/7c948127a4ea4a5d8839ae07940d1af8.jpg","staticLink":"https://www.doc.govt.nz/link/06cddc08ca464feb9cf161266e35bc78.aspx","locationString":"Ahaura River and Lake Brunner catchments area","x":1506005,"y":5281360,"assetId":100059343,"dateLoadedToGIS":"Tue, 05 Aug 2025 08:40:00 GMT","GlobalID":"11ebe108-99aa-4ec9-b96b-8fa2fbc2805e"}},{"type":"Feature","id":577767,"geometry":{"type":"Point","coordinates":[1652019,5330410]},"properties":{"OBJECTID":577767,"name":"Fidgit Bivvy","place":"Ka Whata Tu o Rakihouia Clarence","region":"Marlborough","bookable":"No","facilities":"Mattresses, Toilets - non-flush, Water from stream, Water supply","hasAlerts":"Refer to DOC website for current alerts","introductionThumbnail":"https://www.doc.govt.nz/thumbs/large/link/a7358a32f8b74d73b2dccd1f37af9bc4.jpg","staticLink":"https://www.doc.govt.nz/link/9f504970a8b540b0a2382b2fe34f8ac7.aspx","locationString":"Ka Whata Tu o Rakihouia Clarence","x":1652019,"y":5330410,"assetId":100063733,"dateLoadedToGIS":"Tue, 05 Aug 2025 08:40:00 GMT","GlobalID":"2b799728-f9e0-488b-bf5a-4de5950c4637"}},{"type":"Feature","id":577768,"geometry":{"type":"Point","coordinates":[1769039.157,5423326.3697]},"properties":{"OBJECTID":577768,"name":"Papatahi Hut","place":"Catchpool Valley & Ōrongorongo Valley","region":"Wellington/Kapiti","bookable":"Yes","facilities":"Cooking, Heating, Mattresses, Toilets - non-flush, Water from tap - not treated, boil before use, Water supply","hasAlerts":"Refer to DOC website for current alerts","introductionThumbnail":"https://www.doc.govt.nz/thumbs/large/link/5cf27aa1068c4fa4a855b139a6c01d8c.jpg","staticLink":"https://www.doc.govt.nz/link/1ab13a7a2e914915b5b42f5bc1b2ecd7.aspx","locationString":"Catchpool Valley & Ōrongorongo Valley","x":1769039,"y":5423326,"assetId":100086641,"dateLoadedToGIS":"Tue, 05 Aug 2025 08:40:00 GMT","GlobalID":"9be67f60-8e95-4800-8d0f-f499274e30b6"}},{"type":"Feature","id":577769,"geometry":{"type":"Point","coordinates":[1794773,5410080]},"properties":{"OBJECTID":577769,"name":"Sutherlands Hut","place":"Aorangi Forest Park","region":"Wairarapa","bookable":"No","facilities":"Heating, Mattresses, Toilets - non-flush, Water from tap - not treated, boil before use, Water supply","hasAlerts":"Refer to DOC website for current alerts","introductionThumbnail":"https://www.doc.govt.nz/thumbs/large/link/eb7656e3146c4432a58171eac93e712e.jpg","staticLink":"https://www.doc.govt.nz/link/97ef13b439444e97a3d83c8623d54e09.aspx","locationString":"Aorangi Forest Park","x":1794773,"y":5410080,"assetId":100060768,"dateLoadedToGIS":"Tue, 05 Aug 2025 08:40:00 GMT","GlobalID":"f50b6983-b013-4c6c-9c7f-18a40ceaef92"}},{"type":"Feature","id":577770,"geometry":{"type":"Point","coordinates":[1636398,5419606]},"properties":{"OBJECTID":577770,"name":"Captains Creek Hut","place":"Mount Richmond Forest Park","region":"Marlborough","bookable":"No","facilities":"Heating, Mattresses, Toilets - non-flush, Water from stream, Water supply","hasAlerts":"Refer to DOC website for current alerts","introductionThumbnail":"https://www.doc.govt.nz/thumbs/large/link/21434f4c74b247688bc725464f9ae02d.jpg","staticLink":"https://www.doc.govt.nz/link/24384e1bdf7544549153aef93ce5f7dc.aspx","locationString":"Mount Richmond Forest Park","x":1636398,"y":5419606,"assetId":100061254,"dateLoadedToGIS":"Tue, 05 Aug 2025 08:40:00 GMT","GlobalID":"ea695cca-00c0-4aac-b747-e9c6ea96632d"}},{"type":"Feature","id":577771,"geometry":{"type":"Point","coordinates":[1648227,5414916]},"properties":{"OBJECTID":577771,"name":"Devils Creek Hut","place":"Mount Richmond Forest Park","region":"Marlborough","bookable":"No","facilities":"Heating, Mattresses, Toilets - non-flush, Water from tap - not treated, boil before use, Water supply","hasAlerts":"Refer to DOC website for current alerts","introductionThumbnail":"https://www.doc.govt.nz/thumbs/large/link/f869dd37c08044ec8c6ccbe59e924253.aspx","staticLink":"https://www.doc.govt.nz/link/bdc299945a1f44acaa44ce2d7c1b3774.aspx","locationString":"Mount Richmond Forest Park","x":1648227,"y":5414916,"assetId":100034926,"dateLoadedToGIS":"Tue, 05 Aug 2025 08:40:01 GMT","GlobalID":"47b6f610-46a8-49cd-ae31-6dee76ed54b5"}},{"type":"Feature","id":577772,"geometry":{"type":"Point","coordinates":[1519541,5277770]},"properties":{"OBJECTID":577772,"name":"Mackenzie Hut","place":"Lake Sumner Forest Park","region":"Canterbury","bookable":"No","facilities":"Heating, Mattresses, Toilets - non-flush, Water from stream, Water supply","hasAlerts":"Refer to DOC website for current alerts","introductionThumbnail":"https://www.doc.govt.nz/thumbs/large/link/b476c71f7f6c4d69a43034b44b738710.aspx","staticLink":"https://www.doc.govt.nz/link/178c17ba336345fa96a9a9bc536f23e7.aspx","locationString":"Lake Sumner Forest Park","x":1519541,"y":5277770,"assetId":100063293,"dateLoadedToGIS":"Tue, 05 Aug 2025 08:40:01 GMT","GlobalID":"08ccbc69-3d19-496b-bd57-99b747009f3c"}},{"type":"Feature","id":577773,"geometry":{"type":"Point","coordinates":[1448664.1061,5241634.1394]},"properties":{"OBJECTID":577773,"name":"Historic Cedar Flat Hut","place":"Kokatahi River - Whitcombe River area","region":"West Coast","bookable":"No","facilities":"Heating, Mattresses, Toilets - non-flush, Water from tap - not treated, boil before use, Water supply","hasAlerts":"Refer to DOC website for current alerts","introductionThumbnail":"https://www.doc.govt.nz/thumbs/large/link/47c9c744a74a470eba72aec414be1490.jpg","staticLink":"https://www.doc.govt.nz/link/d3fcb967b8df437390fd6eedeb0677d3.aspx","locationString":"Kokatahi River - Whitcombe River area","x":1448664,"y":5241634,"assetId":100060610,"dateLoadedToGIS":"Tue, 05 Aug 2025 08:40:01 GMT","GlobalID":"b2379440-aa82-4b3d-8261-00b111166fef"}},{"type":"Feature","id":577774,"geometry":{"type":"Point","coordinates":[1564518,5472247]},"properties":{"OBJECTID":577774,"name":"Boulder Lake Hut","place":"Kahurangi National Park","region":"Nelson/Tasman","bookable":"No","facilities":"Heating, Mattresses, Toilets - non-flush, Water from stream, Water supply","hasAlerts":"Refer to DOC website for current alerts","introductionThumbnail":"https://www.doc.govt.nz/thumbs/large/link/bceadb391b244e73bc0b36186f0a0ec3.jpg","staticLink":"https://www.doc.govt.nz/link/97743f4c5306461a923b94148f5adabf.aspx","locationString":"Kahurangi National Park","x":1564518,"y":5472247,"assetId":100064304,"dateLoadedToGIS":"Tue, 05 Aug 2025 08:40:02 GMT","GlobalID":"ac4ac768-4fc9-400b-9682-16317c6deb6f"}},{"type":"Feature","id":577775,"geometry":{"type":"Point","coordinates":[1499494,5258962]},"properties":{"OBJECTID":577775,"name":"Poulter Bivvy","place":"Arthur's Pass National Park","region":"Canterbury","bookable":"No","facilities":"Mattresses, Toilets - non-flush, Water from stream, Water supply","hasAlerts":"Refer to DOC website for current alerts","introductionThumbnail":"https://www.doc.govt.nz/thumbs/large/link/dbd5ea3073f341928ec4340f35fde321.aspx","staticLink":"https://www.doc.govt.nz/link/21ae0557150e43cba4a6889c30c96d8e.aspx","locationString":"Arthur's Pass National Park","x":1499494,"y":5258962,"assetId":100030269,"dateLoadedToGIS":"Tue, 05 Aug 2025 08:40:02 GMT","GlobalID":"d365049b-fb61-4256-a191-7869037424a3"}},{"type":"Feature","id":577776,"geometry":{"type":"Point","coordinates":[1502766,5255217]},"properties":{"OBJECTID":577776,"name":"Poulter Hut","place":"Arthur's Pass National Park","region":"Canterbury","bookable":"No","facilities":"Heating, Toilets - non-flush, Water from tap - not treated, boil before use, Water supply","hasAlerts":"Refer to DOC website for current alerts","introductionThumbnail":"https://www.doc.govt.nz/thumbs/large/link/80bd0d034e3748c9a2c7603be521d1c5.aspx","staticLink":"https://www.doc.govt.nz/link/9f9ef01cd1bf4acc8fe3013c7599ec9b.aspx","locationString":"Arthur's Pass National Park","x":1502766,"y":5255217,"assetId":100059856,"dateLoadedToGIS":"Tue, 05 Aug 2025 08:40:02 GMT","GlobalID":"2fcfb844-37e8-48af-8ace-8fd853f40085"}},{"type":"Feature","id":577777,"geometry":{"type":"Point","coordinates":[1538742,5301420]},"properties":{"OBJECTID":577777,"name":"Lake Christabel Hut","place":"Victoria Forest Park","region":"West Coast","bookable":"No","facilities":"Heating, Mattresses, Toilets - non-flush, Water from stream, Water supply","hasAlerts":"Refer to DOC website for current alerts","introductionThumbnail":"https://www.doc.govt.nz/thumbs/large/link/ce59f01154844fa693a5982f5a666780.jpg","staticLink":"https://www.doc.govt.nz/link/3f95aeddfd8c4ce0b1dfaecd910bc4d1.aspx","locationString":"Victoria Forest Park","x":1538742,"y":5301420,"assetId":100034669,"dateLoadedToGIS":"Tue, 05 Aug 2025 08:40:02 GMT","GlobalID":"adf23c99-a15f-4de1-b419-53d1294c5824"}},{"type":"Feature","id":577778,"geometry":{"type":"Point","coordinates":[1549697,5472079]},"properties":{"OBJECTID":577778,"name":"Perry Saddle Hut","place":"Kahurangi National Park","region":"Nelson/Tasman","bookable":"Yes","facilities":"Cooking, Heating, Mattresses, Toilets - non-flush, Water from tap - not treated, boil before use, Water supply","hasAlerts":"Refer to DOC website for current alerts","introductionThumbnail":"https://www.doc.govt.nz/thumbs/large/link/1b3521c4aa924208b8a0ccce717a60bb.jpg","staticLink":"https://www.doc.govt.nz/link/376452da1c0c4759b12d07165cf8e2fd.aspx","locationString":"Kahurangi National Park","x":1549697,"y":5472079,"assetId":100092426,"dateLoadedToGIS":"Tue, 05 Aug 2025 08:40:02 GMT","GlobalID":"fb94e935-113f-4b34-b4ee-35d1a382f876"}},{"type":"Feature","id":577779,"geometry":{"type":"Point","coordinates":[1523900,5260900]},"properties":{"OBJECTID":577779,"name":"North Esk Hut (Dilapidated)","place":"Lake Sumner Forest Park","region":"Canterbury","bookable":"No","facilities":"Heating, Toilets - non-flush, Water from stream, Water supply","hasAlerts":"Refer to DOC website for current alerts","introductionThumbnail":"https://www.doc.govt.nz/thumbs/large/link/dfd3991c38234d8397b5935a8a55dc9f.aspx","staticLink":"https://www.doc.govt.nz/link/a44e824af49f4681965c21f24327989e.aspx","locationString":"Lake Sumner Forest Park","x":1523900,"y":5260900,"assetId":100063298,"dateLoadedToGIS":"Tue, 05 Aug 2025 08:40:03 GMT","GlobalID":"16ea446b-37b6-45e6-b1f3-46bfa1796106"}},{"type":"Feature","id":577780,"geometry":{"type":"Point","coordinates":[1575218,5161176]},"properties":{"OBJECTID":577780,"name":"Packhorse Hut","place":"Banks Peninsula area","region":"Canterbury","bookable":"Yes","facilities":"Heating, Mattresses, Toilets - non-flush, Water from tap - not treated, boil before use, Water supply","hasAlerts":"Refer to DOC website for current alerts","introductionThumbnail":"https://www.doc.govt.nz/thumbs/large/link/2b8dc059c8df4addaa157463b28a5744.aspx","staticLink":"https://www.doc.govt.nz/link/ff9a7d704c3a4cbab15b67649de70951.aspx","locationString":"Banks Peninsula area","x":1575218,"y":5161176,"assetId":100034981,"dateLoadedToGIS":"Tue, 05 Aug 2025 08:40:03 GMT","GlobalID":"8ac6886a-5a3d-455e-b264-bbb516a18068"}},{"type":"Feature","id":577781,"geometry":{"type":"Point","coordinates":[1158783,4882714]},"properties":{"OBJECTID":577781,"name":"Teal Bay Hut","place":"Fiordland National Park","region":"Fiordland","bookable":"No","facilities":"Heating, Mattresses, Toilets - non-flush, Water from tap - not treated, boil before use, Water supply","hasAlerts":"Refer to DOC website for current alerts","introductionThumbnail":"https://www.doc.govt.nz/thumbs/large/link/5221291fc4fc4c8181c883d9254f00dc.aspx","staticLink":"https://www.doc.govt.nz/link/0a0f44b069f6443aaa9a5a0f3ef00471.aspx","locationString":"Fiordland National Park","x":1158783,"y":4882714,"assetId":100074899,"dateLoadedToGIS":"Tue, 05 Aug 2025 08:40:03 GMT","GlobalID":"7a14069e-5465-4f72-af8b-0550524360e2"}},{"type":"Feature","id":577782,"geometry":{"type":"Point","coordinates":[1536249,5288957]},"properties":{"OBJECTID":577782,"name":"Lake Man Bivvy","place":"Lake Sumner Forest Park","region":"Canterbury","bookable":"No","facilities":"Toilets - non-flush, Water from stream, Water supply","hasAlerts":"Refer to DOC website for current alerts","introductionThumbnail":"https://www.doc.govt.nz/thumbs/large/link/fc06cec7b3bb4597afc98cd534d3f686.aspx","staticLink":"https://www.doc.govt.nz/link/ce44679ab132463099546f3b5cc7dc8d.aspx","locationString":"Lake Sumner Forest Park","x":1536249,"y":5288957,"assetId":100062871,"dateLoadedToGIS":"Tue, 05 Aug 2025 08:40:03 GMT","GlobalID":"fcd24976-9fb5-458e-9466-53b34fecacf9"}},{"type":"Feature","id":577783,"geometry":{"type":"Point","coordinates":[1548474.0178,5404800.5166]},"properties":{"OBJECTID":577783,"name":"Hurricane Hut","place":"Kahurangi National Park","region":"Nelson/Tasman","bookable":"No","facilities":"Heating, Mattresses, Toilets - non-flush, Water from stream, Water supply","hasAlerts":"Refer to DOC website for current alerts","introductionThumbnail":"https://www.doc.govt.nz/thumbs/large/link/09d8e4686e1f40c4a2ccf20dd3bde51e.jpg","staticLink":"https://www.doc.govt.nz/link/cb206349053949c28007cde6f62dc83b.aspx","locationString":"Kahurangi National Park","x":1548474,"y":5404801,"assetId":100064348,"dateLoadedToGIS":"Tue, 05 Aug 2025 08:40:04 GMT","GlobalID":"fbbc5da8-0dea-41b7-b5b0-995eae1c139b"}},{"type":"Feature","id":577784,"geometry":{"type":"Point","coordinates":[1232065,4774000]},"properties":{"OBJECTID":577784,"name":"North Tikotatahi Hunters Hut","place":"Rakiura National Park","region":"Southland","bookable":"Yes","facilities":"Heating, Mattresses, Toilets - non-flush, Water from tap - not treated, boil before use, Water supply","hasAlerts":"Refer to DOC website for current alerts","introductionThumbnail":"https://www.doc.govt.nz/thumbs/large/link/51bfc8741dab40f88b0ceb35c1e9728d.jpg","staticLink":"https://www.doc.govt.nz/link/369d233cb65f4bc6874c09220576ee0d.aspx","locationString":"Rakiura National Park","x":1232065,"y":4774000,"assetId":100041350,"dateLoadedToGIS":"Tue, 05 Aug 2025 08:40:04 GMT","GlobalID":"907908a4-1755-468b-961c-3fe918dfbe47"}},{"type":"Feature","id":577785,"geometry":{"type":"Point","coordinates":[1434882,5207346]},"properties":{"OBJECTID":577785,"name":"Lauper Biv","place":"Rangitata and Rakaia Rivers area","region":"Canterbury","bookable":"No","facilities":"Mattresses, Toilets - non-flush, Water from stream, Water supply","hasAlerts":"Refer to DOC website for current alerts","introductionThumbnail":"https://www.doc.govt.nz/thumbs/large/link/646c063bedbe44ceb2e42a1f520a2101.aspx","staticLink":"https://www.doc.govt.nz/link/9067b13356bd4aff8cdaa3dcc665cbca.aspx","locationString":"Rangitata and Rakaia Rivers area","x":1434882,"y":5207346,"assetId":100065474,"dateLoadedToGIS":"Tue, 05 Aug 2025 08:40:05 GMT","GlobalID":"41cbd278-bc09-4414-ab68-e62e9bcec431"}},{"type":"Feature","id":577786,"geometry":{"type":"Point","coordinates":[1882649,5642079]},"properties":{"OBJECTID":577786,"name":"Kiwi Mouth Hut ","place":"Kaweka Forest Park","region":"Hawke’s Bay","bookable":"No","facilities":"Heating, Mattresses, Toilets - non-flush, Water from stream, Water supply","hasAlerts":"Refer to DOC website for current alerts","introductionThumbnail":"https://www.doc.govt.nz/thumbs/large/link/16df3e4c0db24f24a97fcbd64168801a.aspx","staticLink":"https://www.doc.govt.nz/link/f90f8c89a8f54b6b9580afbe704663bd.aspx","locationString":"Kaweka Forest Park","x":1882649,"y":5642079,"assetId":100033711,"dateLoadedToGIS":"Tue, 05 Aug 2025 08:40:05 GMT","GlobalID":"ecb01218-2f6a-49ee-975b-bd3c6a807794"}},{"type":"Feature","id":577787,"geometry":{"type":"Point","coordinates":[1565757,5431010]},"properties":{"OBJECTID":577787,"name":"Flanagans Hut","place":"Kahurangi National Park","region":"Nelson/Tasman","bookable":"No","facilities":"Heating, Mattresses, Toilets - non-flush, Water from stream, Water supply","hasAlerts":"Refer to DOC website for current alerts","introductionThumbnail":"https://www.doc.govt.nz/thumbs/large/link/e50465538a144850850f100acd783130.jpg","staticLink":"https://www.doc.govt.nz/link/94bc9d5ba47e4740b54bb4f8815ca034.aspx","locationString":"Kahurangi National Park","x":1565757,"y":5431010,"assetId":100035065,"dateLoadedToGIS":"Tue, 05 Aug 2025 08:40:05 GMT","GlobalID":"f7d1adc9-f4fe-478e-ae0f-e6c7dccea61d"}},{"type":"Feature","id":577788,"geometry":{"type":"Point","coordinates":[1580835,5353001]},"properties":{"OBJECTID":577788,"name":"John Tait Hut","place":"Nelson Lakes National Park","region":"Nelson/Tasman","bookable":"Yes","facilities":"Heating, Mattresses, Toilets - non-flush, Water from tap - not treated, boil before use, Water supply","hasAlerts":"Refer to DOC website for current alerts","introductionThumbnail":"https://www.doc.govt.nz/thumbs/large/link/caa32c7925b249afaeae4e24d4ee0e31.jpg","staticLink":"https://www.doc.govt.nz/link/9365d0e637ea4bc59f3dd2692b942f7c.aspx","locationString":"Nelson Lakes National Park","x":1580835,"y":5353001,"assetId":100060150,"dateLoadedToGIS":"Tue, 05 Aug 2025 08:40:05 GMT","GlobalID":"71ee5f08-7680-47c3-bc8e-1789dd59e3e9"}},{"type":"Feature","id":577789,"geometry":{"type":"Point","coordinates":[1384038,5022074]},"properties":{"OBJECTID":577789,"name":"Buster Hut","place":"Oteake Conservation Park","region":"Otago","bookable":"No","facilities":"Water from stream, Water supply","hasAlerts":"Refer to DOC website for current alerts","introductionThumbnail":"https://www.doc.govt.nz/thumbs/large/link/10303d68760246d0b8c4d606f1ee044e.aspx","staticLink":"https://www.doc.govt.nz/link/dbe2aa752f7d42ec971a835150ffe3f4.aspx","locationString":"Oteake Conservation Park","x":1384038,"y":5022074,"assetId":100082272,"dateLoadedToGIS":"Tue, 05 Aug 2025 08:40:06 GMT","GlobalID":"e2c1ad14-5366-4e8d-ae84-414e01413235"}},{"type":"Feature","id":577790,"geometry":{"type":"Point","coordinates":[1372664,5170505]},"properties":{"OBJECTID":577790,"name":"Plateau Hut","place":"Aoraki/Mount Cook National Park","region":"Canterbury","bookable":"No","facilities":"Mattresses, Lighting, Toilets - non-flush, Water from tap - not treated, boil before use, Water supply","hasAlerts":"Refer to DOC website for current alerts","introductionThumbnail":"https://www.doc.govt.nz/thumbs/large/link/a214dc84347a4e85b2482e54de8d2712.jpg","staticLink":"https://www.doc.govt.nz/link/2184c16d3fdd4e30a3efb632dc0b5179.aspx","locationString":"Aoraki/Mount Cook National Park","x":1372664,"y":5170505,"assetId":100039037,"dateLoadedToGIS":"Tue, 05 Aug 2025 08:40:06 GMT","GlobalID":"8643bad5-9288-4512-8964-6183e763639e"}},{"type":"Feature","id":577791,"geometry":{"type":"Point","coordinates":[1417505,5156077]},"properties":{"OBJECTID":577791,"name":"Royal Hut","place":"Te Kahui Kaupeka Conservation Park","region":"Canterbury","bookable":"No","facilities":"Heating, Mattresses, Toilets - non-flush, Water from stream, Water supply","hasAlerts":"Refer to DOC website for current alerts","introductionThumbnail":"https://www.doc.govt.nz/thumbs/large/link/a962264702d5491d9a6e40675213c934.jpg","staticLink":"https://www.doc.govt.nz/link/ebb4105a6add495b959bf1ace1ef2c2a.aspx","locationString":"Te Kahui Kaupeka Conservation Park","x":1417505,"y":5156077,"assetId":100083033,"dateLoadedToGIS":"Tue, 05 Aug 2025 08:40:07 GMT","GlobalID":"7663b13a-e27d-4c75-9edc-5a2075fb4d8d"}},{"type":"Feature","id":577792,"geometry":{"type":"Point","coordinates":[1869392,5603939]},"properties":{"OBJECTID":577792,"name":"Colenso Hut","place":"Ruahine Forest Park","region":"Manawatu/Whanganui","bookable":"No","facilities":"Heating, Mattresses, Toilets - non-flush, Water from tap - not treated, boil before use, Water supply","hasAlerts":"Refer to DOC website for current alerts","introductionThumbnail":"https://www.doc.govt.nz/thumbs/large/link/cb65d3ecf4e849609fdf1e6613aee0a9.aspx","staticLink":"https://www.doc.govt.nz/link/d2281ee5bed04aa8bf6f48a414de41c9.aspx","locationString":"Ruahine Forest Park","x":1869392,"y":5603939,"assetId":100072831,"dateLoadedToGIS":"Tue, 05 Aug 2025 08:40:07 GMT","GlobalID":"cfcd6121-2da2-429d-92fd-d2c1e056097e"}},{"type":"Feature","id":577793,"geometry":{"type":"Point","coordinates":[1572022,5330161]},"properties":{"OBJECTID":577793,"name":"Waiau Hut","place":"St James Conservation Area","region":"Canterbury","bookable":"No","facilities":"Heating, Mattresses, Toilets - non-flush, Water from tap - not treated, boil before use, Water supply","hasAlerts":"Refer to DOC website for current alerts","introductionThumbnail":"https://www.doc.govt.nz/thumbs/large/link/8f58812e8ffb4590bb329f87f76399b5.jpg","staticLink":"https://www.doc.govt.nz/link/3f5b4b54c38b4425b5e6091741e84aed.aspx","locationString":"St James Conservation Area","x":1572022,"y":5330161,"assetId":100122465,"dateLoadedToGIS":"Tue, 05 Aug 2025 08:40:07 GMT","GlobalID":"7c0fb6d1-cac7-4f9c-97c3-e89ac6408928"}},{"type":"Feature","id":577794,"geometry":{"type":"Point","coordinates":[1440438,5190571]},"properties":{"OBJECTID":577794,"name":"Top Hut","place":"Hakatere Conservation Park","region":"Canterbury","bookable":"No","facilities":"Heating, Mattresses","hasAlerts":"Refer to DOC website for current alerts","introductionThumbnail":"https://www.doc.govt.nz/thumbs/large/link/3da2cde8ae174bab98c15ea94ce34ae0.jpg","staticLink":"https://www.doc.govt.nz/link/a3ca024da6c2489c85a1e482cdb05158.aspx","locationString":"Hakatere Conservation Park","x":1440438,"y":5190571,"assetId":100040277,"dateLoadedToGIS":"Tue, 05 Aug 2025 08:40:07 GMT","GlobalID":"768e71c7-452a-47c1-a34e-6d12150da2bb"}},{"type":"Feature","id":577795,"geometry":{"type":"Point","coordinates":[1270196,4989093]},"properties":{"OBJECTID":577795,"name":"Two Mile Hut","place":"Remarkables Conservation Area","region":"Otago","bookable":"No","facilities":"Heating, Mattresses, Water from stream, Water supply","hasAlerts":"Refer to DOC website for current alerts","introductionThumbnail":"https://www.doc.govt.nz/thumbs/large/link/e084fc647ae84bd99b404ab33fdac369.jpg","staticLink":"https://www.doc.govt.nz/link/b054b2c8862a482c8a5fd4f5da241b85.aspx","locationString":"Remarkables Conservation Area","x":1270196,"y":4989093,"assetId":100043142,"dateLoadedToGIS":"Tue, 05 Aug 2025 08:40:07 GMT","GlobalID":"4aa5c53a-d609-4a0d-9f43-95b808f8a460"}},{"type":"Feature","id":577796,"geometry":{"type":"Point","coordinates":[1874592,5612847]},"properties":{"OBJECTID":577796,"name":"Ikawetea Forks Hut","place":"Ruahine Forest Park","region":"Hawke’s Bay","bookable":"No","facilities":"Heating, Mattresses, Toilets - non-flush, Water from tap - not treated, boil before use, Water supply","hasAlerts":"Refer to DOC website for current alerts","introductionThumbnail":"https://www.doc.govt.nz/thumbs/large/link/39ca456f34554f999b02c3832f4cbc4e.aspx","staticLink":"https://www.doc.govt.nz/link/0991080b82fb494e821e45c34899cb3d.aspx","locationString":"Ruahine Forest Park","x":1874592,"y":5612847,"assetId":100054931,"dateLoadedToGIS":"Tue, 05 Aug 2025 08:40:08 GMT","GlobalID":"13db5b58-fcbf-45fe-9279-2ed628e81dc9"}},{"type":"Feature","id":577797,"geometry":{"type":"Point","coordinates":[1544238,5388198]},"properties":{"OBJECTID":577797,"name":"Lake Matiri Hut","place":"Kahurangi National Park","region":"Nelson/Tasman","bookable":"No","facilities":"Heating, Mattresses, Toilets - non-flush, Water from tap - not treated, boil before use, Water supply","hasAlerts":"Refer to DOC website for current alerts","introductionThumbnail":"https://www.doc.govt.nz/thumbs/large/link/e69c772786ec4a50ab07a33f7ebff2c8.jpg","staticLink":"https://www.doc.govt.nz/link/793957c963dd4849940263bf5e7b75ea.aspx","locationString":"Kahurangi National Park","x":1544238,"y":5388198,"assetId":100059907,"dateLoadedToGIS":"Tue, 05 Aug 2025 08:40:08 GMT","GlobalID":"90259f91-06b8-43be-ac6a-5bfa3a2c85ae"}},{"type":"Feature","id":577798,"geometry":{"type":"Point","coordinates":[1416731,5221681]},"properties":{"OBJECTID":577798,"name":"Kiwi Flat Hut","place":"Waitaha River area","region":"West Coast","bookable":"No","facilities":"Heating, Mattresses, Toilets - non-flush, Water from tap - not treated, boil before use, Water supply","hasAlerts":"Refer to DOC website for current alerts","introductionThumbnail":"https://www.doc.govt.nz/thumbs/large/link/d734490e1c3844adaa96160ac945778d.jpg","staticLink":"https://www.doc.govt.nz/link/63b35b819edc4011959035dedd947e3d.aspx","locationString":"Waitaha River area","x":1416731,"y":5221681,"assetId":100054668,"dateLoadedToGIS":"Tue, 05 Aug 2025 08:40:08 GMT","GlobalID":"0d82403d-bd2f-4acc-96ad-e77bcb014c60"}},{"type":"Feature","id":577799,"geometry":{"type":"Point","coordinates":[1430446,5203843]},"properties":{"OBJECTID":577799,"name":"Lyell Hut","place":"Rangitata and Rakaia Rivers area","region":"Canterbury","bookable":"No","facilities":"Heating, Mattresses, Toilets - non-flush, Water from stream, Water supply","hasAlerts":"Refer to DOC website for current alerts","introductionThumbnail":"https://www.doc.govt.nz/thumbs/large/link/1217149f0f4c48e9983c1cf177d5d4ba.jpg","staticLink":"https://www.doc.govt.nz/link/d374bd296d044b319c8666e0732e6f8d.aspx","locationString":"Rangitata and Rakaia Rivers area","x":1430446,"y":5203843,"assetId":100134889,"dateLoadedToGIS":"Tue, 05 Aug 2025 08:40:08 GMT","GlobalID":"e1fc408e-c44b-4a76-b8a7-57a6c2a04f94"}},{"type":"Feature","id":577800,"geometry":{"type":"Point","coordinates":[1792272,5402873]},"properties":{"OBJECTID":577800,"name":"Pararaki Hut","place":"Aorangi Forest Park","region":"Wairarapa","bookable":"No","facilities":"Heating, Mattresses, Toilets - non-flush, Water from stream, Water supply","hasAlerts":"Refer to DOC website for current alerts","introductionThumbnail":"https://www.doc.govt.nz/thumbs/large/link/d3859a288e8b400e9880dcb3148cf26f.jpg","staticLink":"https://www.doc.govt.nz/link/fd6daa8e90724945a39e3d5dc4017909.aspx","locationString":"Aorangi Forest Park","x":1792272,"y":5402873,"assetId":100060051,"dateLoadedToGIS":"Tue, 05 Aug 2025 08:40:09 GMT","GlobalID":"325014ee-6232-4f16-96d7-b6ba719fb58a"}},{"type":"Feature","id":577801,"geometry":{"type":"Point","coordinates":[1156898,4896561]},"properties":{"OBJECTID":577801,"name":"Caroline Hut","place":"Fiordland National Park","region":"Fiordland","bookable":"No","facilities":"Heating, Toilets - non-flush, Water from stream, Water supply","hasAlerts":"Refer to DOC website for current alerts","introductionThumbnail":"https://www.doc.govt.nz/thumbs/large/link/9222e24fb3e24866aa50fd1f5d2a008f.jpg","staticLink":"https://www.doc.govt.nz/link/3dd6cdd6419a46dc90d86fea9177e995.aspx","locationString":"Fiordland National Park","x":1156898,"y":4896561,"assetId":100058413,"dateLoadedToGIS":"Tue, 05 Aug 2025 08:40:09 GMT","GlobalID":"36eca837-75f0-44fa-afd6-088263eca596"}},{"type":"Feature","id":577802,"geometry":{"type":"Point","coordinates":[1861205,5584420]},"properties":{"OBJECTID":577802,"name":"Kelly Knight Hut","place":"Ruahine Forest Park","region":"Manawatu/Whanganui","bookable":"No","facilities":"Heating, Mattresses, Toilets - non-flush, Water from stream, Water supply","hasAlerts":"Refer to DOC website for current alerts","introductionThumbnail":"https://www.doc.govt.nz/thumbs/large/link/d50c246d582b403998aac24c4f13c9ab.aspx","staticLink":"https://www.doc.govt.nz/link/ec90c12985904974b524b6db3d60d55a.aspx","locationString":"Ruahine Forest Park","x":1861205,"y":5584420,"assetId":100072269,"dateLoadedToGIS":"Tue, 05 Aug 2025 08:40:09 GMT","GlobalID":"66856af4-a4ec-4e1a-9593-cfdad356bd75"}},{"type":"Feature","id":577803,"geometry":{"type":"Point","coordinates":[1543526,5392866]},"properties":{"OBJECTID":577803,"name":"Poor Pete's Hut","place":"Kahurangi National Park","region":"Nelson/Tasman","bookable":"No","facilities":"Mattresses, Toilets - non-flush, Water from tap - not treated, boil before use, Water supply","hasAlerts":"Refer to DOC website for current alerts","introductionThumbnail":"https://www.doc.govt.nz/thumbs/large/link/d887793b117b4d63ba216a88f1866bdd.jpg","staticLink":"https://www.doc.govt.nz/link/a1de8a1b621540f7814b96526e283abf.aspx","locationString":"Kahurangi National Park","x":1543526,"y":5392866,"assetId":100090233,"dateLoadedToGIS":"Tue, 05 Aug 2025 08:40:09 GMT","GlobalID":"9cac4520-1740-49d1-83bf-34419f7b9a2b"}},{"type":"Feature","id":577804,"geometry":{"type":"Point","coordinates":[1486080,5232144]},"properties":{"OBJECTID":577804,"name":"Lagoon Saddle Hut","place":"Craigieburn Forest Park","region":"Canterbury","bookable":"No","facilities":"Mattresses, Toilets - non-flush, Water from stream, Water supply","hasAlerts":"Refer to DOC website for current alerts","introductionThumbnail":"https://www.doc.govt.nz/thumbs/large/link/c1184f9d05314d49a0af8f4a03985888.aspx","staticLink":"https://www.doc.govt.nz/link/5cd35674f8c64fb69202dc08a7ec3048.aspx","locationString":"Craigieburn Forest Park","x":1486080,"y":5232144,"assetId":100034550,"dateLoadedToGIS":"Tue, 05 Aug 2025 08:40:09 GMT","GlobalID":"6831383e-eee5-4ece-b266-722eeceb2981"}},{"type":"Feature","id":577805,"geometry":{"type":"Point","coordinates":[1553393,5477687]},"properties":{"OBJECTID":577805,"name":"Brown Hut","place":"Kahurangi National Park","region":"Nelson/Tasman","bookable":"Yes","facilities":"Heating, Mattresses, Toilets - flush, Water from tap - not treated, boil before use, Water supply","hasAlerts":"Refer to DOC website for current alerts","introductionThumbnail":"https://www.doc.govt.nz/thumbs/large/link/29f313b55ef44f9fa42f0ee1c1ba4219.jpg","staticLink":"https://www.doc.govt.nz/link/8871ac52271e45fd8f57ae53f1a50bce.aspx","locationString":"Kahurangi National Park","x":1553393,"y":5477687,"assetId":100075848,"dateLoadedToGIS":"Tue, 05 Aug 2025 08:40:10 GMT","GlobalID":"17adfda3-d2b1-4cce-9f7f-dca6a5af8282"}},{"type":"Feature","id":577806,"geometry":{"type":"Point","coordinates":[1886391,5612564]},"properties":{"OBJECTID":577806,"name":"Herricks Hut","place":"Ruahine Forest Park","region":"Hawke’s Bay","bookable":"No","facilities":"Toilets - non-flush, Water from tap - not treated, boil before use, Water supply","hasAlerts":"Refer to DOC website for current alerts","introductionThumbnail":"https://www.doc.govt.nz/thumbs/large/link/cf63d1d9a12b46e9a15b5388d788940c.aspx","staticLink":"https://www.doc.govt.nz/link/e2b71eba6f9247dabe9fa2aa30300cd6.aspx","locationString":"Ruahine Forest Park","x":1886391,"y":5612564,"assetId":100071768,"dateLoadedToGIS":"Tue, 05 Aug 2025 08:40:10 GMT","GlobalID":"0a3c04f5-65bf-433d-a822-a0c498c62f10"}},{"type":"Feature","id":577807,"geometry":{"type":"Point","coordinates":[1603515,5373179]},"properties":{"OBJECTID":577807,"name":"Silverstream Bivvy","place":"Leatham Conservation Area","region":"Marlborough","bookable":"No","facilities":"Mattresses, Toilets - non-flush, Water from stream, Water supply","hasAlerts":"Refer to DOC website for current alerts","introductionThumbnail":"https://www.doc.govt.nz/thumbs/large/link/38ced027375343af85a2de57e3ea5d9f.jpg","staticLink":"https://www.doc.govt.nz/link/17180babd15843c0854b4da1e0eb3d09.aspx","locationString":"Leatham Conservation Area","x":1603515,"y":5373179,"assetId":100061609,"dateLoadedToGIS":"Tue, 05 Aug 2025 08:40:10 GMT","GlobalID":"f0d1a0db-6d98-4032-b91c-949ad96fcf51"}},{"type":"Feature","id":577808,"geometry":{"type":"Point","coordinates":[1563652,5298004]},"properties":{"OBJECTID":577808,"name":"Steyning Hut","place":"Lake Sumner Forest Park","region":"Canterbury","bookable":"No","facilities":"Mattresses, Toilets - non-flush, Water from stream, Water supply","hasAlerts":"Refer to DOC website for current alerts","introductionThumbnail":"https://www.doc.govt.nz/thumbs/large/link/99f863268d604125b489c5f63b3dfa3f.jpg","staticLink":"https://www.doc.govt.nz/link/d27a650222ba432fb9d0c486920de74b.aspx","locationString":"Lake Sumner Forest Park","x":1563652,"y":5298004,"assetId":100031289,"dateLoadedToGIS":"Tue, 05 Aug 2025 08:40:10 GMT","GlobalID":"f621b638-6561-44cb-8311-6348e667f071"}},{"type":"Feature","id":577809,"geometry":{"type":"Point","coordinates":[1859013,5561769]},"properties":{"OBJECTID":577809,"name":"Mid Pohangina Hut","place":"Ruahine Forest Park","region":"Manawatu/Whanganui","bookable":"No","facilities":"Heating, Mattresses, Toilets - non-flush, Water from tap - not treated, boil before use, Water supply","hasAlerts":"Refer to DOC website for current alerts","introductionThumbnail":"https://www.doc.govt.nz/thumbs/large/link/e00721d68a7d483f9ed87c8f2e736878.aspx","staticLink":"https://www.doc.govt.nz/link/54eec3d64ec3448498e9eb370e2922da.aspx","locationString":"Ruahine Forest Park","x":1859013,"y":5561769,"assetId":100072309,"dateLoadedToGIS":"Tue, 05 Aug 2025 08:40:10 GMT","GlobalID":"069325e5-2e58-4137-af18-11309b87bbd5"}},{"type":"Feature","id":577810,"geometry":{"type":"Point","coordinates":[1599530,5363050]},"properties":{"OBJECTID":577810,"name":"Top Misery Hut","place":"Leatham Conservation Area","region":"Marlborough","bookable":"No","facilities":"Heating, Mattresses, Toilets - non-flush, Water from stream, Water supply","hasAlerts":"Refer to DOC website for current alerts","introductionThumbnail":"https://www.doc.govt.nz/thumbs/large/link/e8160dcf39bf4e2bb36e3cf4d1d3548b.jpg","staticLink":"https://www.doc.govt.nz/link/4f64f1cd8433498fb6c8d486ec15de7c.aspx","locationString":"Leatham Conservation Area","x":1599530,"y":5363050,"assetId":100064270,"dateLoadedToGIS":"Tue, 05 Aug 2025 08:40:11 GMT","GlobalID":"56802a52-84b0-4e70-8ca2-5ea945d9c179"}},{"type":"Feature","id":577811,"geometry":{"type":"Point","coordinates":[1567315,5344932]},"properties":{"OBJECTID":577811,"name":"George Lyon Hut","place":"Nelson Lakes National Park","region":"Nelson/Tasman","bookable":"No","facilities":"Heating, Mattresses, Toilets - non-flush, Water from stream, Water supply","hasAlerts":"Refer to DOC website for current alerts","introductionThumbnail":"https://www.doc.govt.nz/thumbs/large/link/a01dbb0fc7484356a15292d8c9e1a8e2.aspx","staticLink":"https://www.doc.govt.nz/link/246b27310b3b481088066c2cd7693b7c.aspx","locationString":"Nelson Lakes National Park","x":1567315,"y":5344932,"assetId":100064165,"dateLoadedToGIS":"Tue, 05 Aug 2025 08:40:11 GMT","GlobalID":"40126f45-bd6b-4160-8381-e5b87c989025"}},{"type":"Feature","id":577812,"geometry":{"type":"Point","coordinates":[1392727,5189281]},"properties":{"OBJECTID":577812,"name":"Top Butler Hut","place":"Whataroa area","region":"West Coast","bookable":"No","facilities":"Heating, Mattresses, Toilets - non-flush, Water from tap - not treated, boil before use, Water supply","hasAlerts":"Refer to DOC website for current alerts","introductionThumbnail":"https://www.doc.govt.nz/thumbs/large/link/272b7dc3485f4a78bcd3ebc018dd56b9.jpg","staticLink":"https://www.doc.govt.nz/link/773d80ac51a747a1838be0ec0a197631.aspx","locationString":"Whataroa area","x":1392727,"y":5189281,"assetId":100074785,"dateLoadedToGIS":"Tue, 05 Aug 2025 08:40:11 GMT","GlobalID":"7cf1ba5f-1f5e-408c-9cb4-c88de8ccbb87"}},{"type":"Feature","id":577813,"geometry":{"type":"Point","coordinates":[1426847,5234390]},"properties":{"OBJECTID":577813,"name":"Mikonui Flat Hut","place":"Mikonui River - Kakapotahi River area","region":"West Coast","bookable":"No","facilities":"Heating, Mattresses, Toilets - non-flush, Water from stream, Water supply","hasAlerts":"Refer to DOC website for current alerts","introductionThumbnail":"https://www.doc.govt.nz/thumbs/large/link/2c282474a9b347679660e3ed846277d9.jpg","staticLink":"https://www.doc.govt.nz/link/daf31a52210845cdbc7f142c091aee78.aspx","locationString":"Mikonui River - Kakapotahi River area","x":1426847,"y":5234390,"assetId":100062022,"dateLoadedToGIS":"Tue, 05 Aug 2025 08:40:11 GMT","GlobalID":"3050c8fa-a32d-42a7-beed-8b34c7fb50c9"}},{"type":"Feature","id":577814,"geometry":{"type":"Point","coordinates":[1791961,5460317]},"properties":{"OBJECTID":577814,"name":"Alpha Hut","place":"Tararua Forest Park","region":"Wairarapa","bookable":"No","facilities":"Heating, Mattresses, Toilets - non-flush, Water from tap - not treated, boil before use, Water supply","hasAlerts":"Refer to DOC website for current alerts","introductionThumbnail":"https://www.doc.govt.nz/thumbs/large/link/974225e14d1145c997170d5f1dd54eeb.jpg","staticLink":"https://www.doc.govt.nz/link/647bef697fa7478abf305f9750224441.aspx","locationString":"Tararua Forest Park","x":1791961,"y":5460317,"assetId":100065711,"dateLoadedToGIS":"Tue, 05 Aug 2025 08:40:11 GMT","GlobalID":"b68109f0-de44-41c0-879e-fd421f996e56"}},{"type":"Feature","id":577815,"geometry":{"type":"Point","coordinates":[1653727,5319770]},"properties":{"OBJECTID":577815,"name":"Hapuku Hut","place":"Ka Whata Tu o Rakihouia Clarence","region":"Marlborough","bookable":"No","facilities":"Heating, Mattresses, Toilets - non-flush, Water from stream, Water supply","hasAlerts":"Refer to DOC website for current alerts","introductionThumbnail":"https://www.doc.govt.nz/thumbs/large/link/29243b63297f48909474ea9cffe21f7d.jpg","staticLink":"https://www.doc.govt.nz/link/44bd6354ba544e12b8df8a0db86647fa.aspx","locationString":"Ka Whata Tu o Rakihouia Clarence","x":1653727,"y":5319770,"assetId":100064247,"dateLoadedToGIS":"Tue, 05 Aug 2025 08:40:12 GMT","GlobalID":"a254b6fb-8537-4dec-ad80-23547038536e"}},{"type":"Feature","id":577816,"geometry":{"type":"Point","coordinates":[1182015,5003557]},"properties":{"OBJECTID":577816,"name":"Glaisnock Hut","place":"Fiordland National Park","region":"Fiordland","bookable":"No","facilities":"Heating, Mattresses, Toilets - non-flush, Water from tap - not treated, boil before use, Water supply","hasAlerts":"Refer to DOC website for current alerts","introductionThumbnail":"https://www.doc.govt.nz/thumbs/large/link/c21bdc90d96341b7ad0c1b17d596693d.jpg","staticLink":"https://www.doc.govt.nz/link/fc6eeee962e245e0bc45e7e7b0101a05.aspx","locationString":"Fiordland National Park","x":1182015,"y":5003557,"assetId":100043654,"dateLoadedToGIS":"Tue, 05 Aug 2025 08:40:12 GMT","GlobalID":"eb0d6fce-0331-4934-a36a-d7f168f44b3d"}},{"type":"Feature","id":577817,"geometry":{"type":"Point","coordinates":[1212418,5047204]},"properties":{"OBJECTID":577817,"name":"Hidden Falls Hut","place":"Fiordland National Park","region":"Fiordland","bookable":"No","facilities":"Heating, Mattresses, Toilets - non-flush, Water from tap - not treated, boil before use, Water supply","hasAlerts":"Refer to DOC website for current alerts","introductionThumbnail":"https://www.doc.govt.nz/thumbs/large/link/6744d10d12d74830a6c1be5e52b124a7.jpg","staticLink":"https://www.doc.govt.nz/link/bb53388643294e6092adceda45cf3cf3.aspx","locationString":"Fiordland National Park","x":1212418,"y":5047204,"assetId":100043681,"dateLoadedToGIS":"Tue, 05 Aug 2025 08:40:12 GMT","GlobalID":"25519ef3-703a-4f26-a59a-0b0ddf66ba98"}},{"type":"Feature","id":577818,"geometry":{"type":"Point","coordinates":[1557616,5325140]},"properties":{"OBJECTID":577818,"name":"Bobs Hut","place":"Nelson Lakes National Park","region":"Nelson/Tasman","bookable":"No","facilities":"Heating, Mattresses, Toilets - non-flush, Water from stream, Water supply","hasAlerts":"Refer to DOC website for current alerts","introductionThumbnail":"https://www.doc.govt.nz/thumbs/large/link/568f837b429f4c7ab00e628e25e199ad.aspx","staticLink":"https://www.doc.govt.nz/link/4ea9d3c5a28c4bb6a8fedbbecfca24e1.aspx","locationString":"Nelson Lakes National Park","x":1557616,"y":5325140,"assetId":100035094,"dateLoadedToGIS":"Tue, 05 Aug 2025 08:40:12 GMT","GlobalID":"8d6972b2-efaa-43a3-a911-20c848992331"}},{"type":"Feature","id":577819,"geometry":{"type":"Point","coordinates":[1934842,5697205]},"properties":{"OBJECTID":577819,"name":"Te Waiotukapiti Hut","place":"Te Urewera","region":"East Coast","bookable":"No","facilities":"Heating, Mattresses, Toilets - non-flush, Water from tap - not treated, boil before use, Water supply","hasAlerts":"Refer to DOC website for current alerts","introductionThumbnail":"https://www.doc.govt.nz/images/no-photo/no-photo-220x140.jpg","staticLink":"https://www.doc.govt.nz/link/8e30ec824e3f42c3b8da383e3928f491.aspx","locationString":"Te Urewera","x":1934842,"y":5697205,"assetId":100033509,"dateLoadedToGIS":"Tue, 05 Aug 2025 08:40:12 GMT","GlobalID":"0d69ce1e-5604-4cb4-8b18-6d4ca5bb04a9"}},{"type":"Feature","id":577820,"geometry":{"type":"Point","coordinates":[1201358,4925956]},"properties":{"OBJECTID":577820,"name":"Spence Hut","place":"Takitimu Conservation Area","region":"Southland","bookable":"No","facilities":"Heating, Toilets - non-flush, Water from stream, Water supply","hasAlerts":"Refer to DOC website for current alerts","introductionThumbnail":"https://www.doc.govt.nz/thumbs/large/link/80ad6d23854e44b3a88fc2eba529fad6.jpg","staticLink":"https://www.doc.govt.nz/link/222d5db7958f4b7d9951e613f96f3aff.aspx","locationString":"Takitimu Conservation Area","x":1201358,"y":4925956,"assetId":100056330,"dateLoadedToGIS":"Tue, 05 Aug 2025 08:40:13 GMT","GlobalID":"52dc8c70-b81e-48ed-962a-d08db16420bc"}},{"type":"Feature","id":577821,"geometry":{"type":"Point","coordinates":[1544270,5298275]},"properties":{"OBJECTID":577821,"name":"Nina Hut","place":"Lake Sumner Forest Park","region":"Canterbury","bookable":"Yes","facilities":"Heating, Mattresses, Toilets - non-flush, Water from tap - not treated, boil before use, Water supply","hasAlerts":"Refer to DOC website for current alerts","introductionThumbnail":"https://www.doc.govt.nz/thumbs/large/link/2378bfff2a864cc789a6a0547b232dad.jpg","staticLink":"https://www.doc.govt.nz/link/ff37a10f477b4d65bd7418506af29b1a.aspx","locationString":"Lake Sumner Forest Park","x":1544270,"y":5298275,"assetId":100075329,"dateLoadedToGIS":"Tue, 05 Aug 2025 08:40:13 GMT","GlobalID":"6cb54bdb-d819-4c73-a566-daca88bd9f96"}},{"type":"Feature","id":577822,"geometry":{"type":"Point","coordinates":[1600138,5465237]},"properties":{"OBJECTID":577822,"name":"Holyoakes Shelter","place":"Abel Tasman National Park","region":"Nelson/Tasman","bookable":"No","facilities":"Mattresses, Toilets - non-flush, Water from tap - not treated, boil before use, Water supply","hasAlerts":"Refer to DOC website for current alerts","introductionThumbnail":"https://www.doc.govt.nz/thumbs/large/link/fbe110cc981745e293c479f16e25511a.aspx","staticLink":"https://www.doc.govt.nz/link/28cb8ee8a4ac4acfba74fe0ebb59c87b.aspx","locationString":"Abel Tasman National Park","x":1600138,"y":5465237,"assetId":100081354,"dateLoadedToGIS":"Tue, 05 Aug 2025 08:40:13 GMT","GlobalID":"a6d9e448-053e-47fc-8ba4-a570301ba4cc"}},{"type":"Feature","id":577823,"geometry":{"type":"Point","coordinates":[1567158,5438357]},"properties":{"OBJECTID":577823,"name":"Splugeons Rock Shelter","place":"Kahurangi National Park","region":"Nelson/Tasman","bookable":"No","facilities":"Heating, Mattresses, Toilets - non-flush, Water from stream, Water supply","hasAlerts":"Refer to DOC website for current alerts","introductionThumbnail":"https://www.doc.govt.nz/thumbs/large/link/5ede87299acf4f0cb0510f0d4dad59c0.jpg","staticLink":"https://www.doc.govt.nz/link/a479281a21ee4278853a25aeb153c60a.aspx","locationString":"Kahurangi National Park","x":1567158,"y":5438357,"assetId":100060120,"dateLoadedToGIS":"Tue, 05 Aug 2025 08:40:13 GMT","GlobalID":"41356e69-a04a-46c9-af06-fcc3ca6bc06e"}},{"type":"Feature","id":577824,"geometry":{"type":"Point","coordinates":[1436030,5217179]},"properties":{"OBJECTID":577824,"name":"Neave Hut","place":"Kokatahi River - Whitcombe River area","region":"West Coast","bookable":"No","facilities":"Heating, Mattresses, Toilets - non-flush, Water from stream, Water supply","hasAlerts":"Refer to DOC website for current alerts","introductionThumbnail":"https://www.doc.govt.nz/images/no-photo/no-photo-220x140.jpg","staticLink":"https://www.doc.govt.nz/link/fe1b0f36996a43af83f45b5af1b559f9.aspx","locationString":"Kokatahi River - Whitcombe River area","x":1436030,"y":5217179,"assetId":100044541,"dateLoadedToGIS":"Tue, 05 Aug 2025 08:40:13 GMT","GlobalID":"f51c1264-b39b-4e60-96cc-5d7bc777c5bb"}},{"type":"Feature","id":577825,"geometry":{"type":"Point","coordinates":[1798365,5466041]},"properties":{"OBJECTID":577825,"name":"Neill Forks Hut","place":"Tararua Forest Park","region":"Wairarapa","bookable":"No","facilities":"Heating, Mattresses, Toilets - non-flush, Water from stream, Water supply","hasAlerts":"Refer to DOC website for current alerts","introductionThumbnail":"https://www.doc.govt.nz/thumbs/large/link/6f3fa4eedfbf4b1781293ac094d5c2f2.JPG","staticLink":"https://www.doc.govt.nz/link/8918599a0db348cca097618bf09f7990.aspx","locationString":"Tararua Forest Park","x":1798365,"y":5466041,"assetId":100063046,"dateLoadedToGIS":"Tue, 05 Aug 2025 08:40:14 GMT","GlobalID":"35a50b97-6617-4b05-a687-7744df50ba46"}},{"type":"Feature","id":577826,"geometry":{"type":"Point","coordinates":[1552958.6152,5421904.6482]},"properties":{"OBJECTID":577826,"name":"Thor Hut","place":"Kahurangi National Park","region":"Nelson/Tasman","bookable":"No","facilities":"Heating, Mattresses, Toilets - non-flush, Water from stream, Water supply","hasAlerts":"Refer to DOC website for current alerts","introductionThumbnail":"https://www.doc.govt.nz/thumbs/large/link/c0692eac53ce406bb0a179a602f44d0a.aspx","staticLink":"https://www.doc.govt.nz/link/6d087f3af275431580e1c072c940b787.aspx","locationString":"Kahurangi National Park","x":1552959,"y":5421905,"assetId":100034879,"dateLoadedToGIS":"Tue, 05 Aug 2025 08:40:14 GMT","GlobalID":"5adbd383-6956-4304-91a7-c8024f35d99e"}},{"type":"Feature","id":577827,"geometry":{"type":"Point","coordinates":[1220981,4990161]},"properties":{"OBJECTID":577827,"name":"Boundary Hut","place":"Mavora Lakes Conservation Park","region":"Southland","bookable":"No","facilities":"Toilets - non-flush, Water from tap - not treated, boil before use, Water supply","hasAlerts":"Refer to DOC website for current alerts","introductionThumbnail":"https://www.doc.govt.nz/thumbs/large/link/325b52de22e040f585e288a31d6fab91.aspx","staticLink":"https://www.doc.govt.nz/link/2f79a73587fd4cab99d33e18fef4453c.aspx","locationString":"Mavora Lakes Conservation Park","x":1220981,"y":4990161,"assetId":100058228,"dateLoadedToGIS":"Tue, 05 Aug 2025 08:40:14 GMT","GlobalID":"271e080f-7d17-45e2-875e-3328b2b9a4de"}},{"type":"Feature","id":577828,"geometry":{"type":"Point","coordinates":[1553026,5313788]},"properties":{"OBJECTID":577828,"name":"Cannibal Gorge Hut","place":"Lewis Pass Scenic Reserve","region":"West Coast","bookable":"Yes","facilities":"Heating, Mattresses, Toilets - non-flush, Water from tap - not treated, boil before use, Water supply","hasAlerts":"Refer to DOC website for current alerts","introductionThumbnail":"https://www.doc.govt.nz/thumbs/large/link/76d6df4a6ef44975ba43da61e236bb9c.aspx","staticLink":"https://www.doc.govt.nz/link/0363733c4bb448eb95a957657c27f4df.aspx","locationString":"Lewis Pass Scenic Reserve","x":1553026,"y":5313788,"assetId":100075429,"dateLoadedToGIS":"Tue, 05 Aug 2025 08:40:14 GMT","GlobalID":"7286f82f-9712-4cec-af18-cccb57ec41f1"}},{"type":"Feature","id":577829,"geometry":{"type":"Point","coordinates":[1406513,5171936]},"properties":{"OBJECTID":577829,"name":"Macaulay Hut","place":"Te Kahui Kaupeka Conservation Park","region":"Canterbury","bookable":"No","facilities":"Cooking, Heating, Mattresses, Lighting, Toilets - non-flush, Water from tap - not treated, boil before use, Water supply","hasAlerts":"Refer to DOC website for current alerts","introductionThumbnail":"https://www.doc.govt.nz/thumbs/large/link/58cabc9d00694da492b3d0e4c0bde8a9.aspx","staticLink":"https://www.doc.govt.nz/link/f8935cf886484a04bced3758d741bf1a.aspx","locationString":"Te Kahui Kaupeka Conservation Park","x":1406513,"y":5171936,"assetId":100060644,"dateLoadedToGIS":"Tue, 05 Aug 2025 08:40:14 GMT","GlobalID":"254697d0-2a31-4da2-bcc7-f01d61b4765a"}},{"type":"Feature","id":577830,"geometry":{"type":"Point","coordinates":[1541062.7032,5416985.5993]},"properties":{"OBJECTID":577830,"name":"Stag Flat Shelter","place":"Kahurangi National Park","region":"Nelson/Tasman","bookable":"No","facilities":"Mattresses, Toilets - non-flush, Water from tap - not treated, boil before use, Water supply","hasAlerts":"Refer to DOC website for current alerts","introductionThumbnail":"https://www.doc.govt.nz/thumbs/large/link/fc00b57d62674065a478b21747e59dda.aspx","staticLink":"https://www.doc.govt.nz/link/6b1a615e19e24eedb3b2b1e6034d63b7.aspx","locationString":"Kahurangi National Park","x":1541063,"y":5416986,"assetId":100030281,"dateLoadedToGIS":"Tue, 05 Aug 2025 08:40:14 GMT","GlobalID":"6c6a5775-0d1a-4459-a849-1fe0fe412521"}},{"type":"Feature","id":577831,"geometry":{"type":"Point","coordinates":[1487026,5251170]},"properties":{"OBJECTID":577831,"name":"Upper Deception Hut","place":"Arthur's Pass National Park","region":"Canterbury","bookable":"No","facilities":"Heating, Toilets - non-flush, Water from stream, Water supply","hasAlerts":"Refer to DOC website for current alerts","introductionThumbnail":"https://www.doc.govt.nz/thumbs/large/link/4901047b88094a62b46353ac2bbb53cb.aspx","staticLink":"https://www.doc.govt.nz/link/54f96dad3b8f4e758a282bce909bb920.aspx","locationString":"Arthur's Pass National Park","x":1487026,"y":5251170,"assetId":100075783,"dateLoadedToGIS":"Tue, 05 Aug 2025 08:40:15 GMT","GlobalID":"7a2ae1aa-e2e8-4957-a46a-afacfa499a87"}},{"type":"Feature","id":577832,"geometry":{"type":"Point","coordinates":[1633512,5314426]},"properties":{"OBJECTID":577832,"name":"Kahutara Bivvy","place":"Ka Whata Tu o Rakihouia Clarence","region":"Marlborough","bookable":"No","facilities":"Mattresses, Toilets - non-flush, Water from tap - not treated, boil before use, Water supply","hasAlerts":"Refer to DOC website for current alerts","introductionThumbnail":"https://www.doc.govt.nz/thumbs/large/link/65891890a325464d897857da0f49b8f1.jpg","staticLink":"https://www.doc.govt.nz/link/4a56cb19756345669aa7330f66995b3f.aspx","locationString":"Ka Whata Tu o Rakihouia Clarence","x":1633512,"y":5314426,"assetId":100064244,"dateLoadedToGIS":"Tue, 05 Aug 2025 08:40:15 GMT","GlobalID":"e5443076-da95-44c2-a11e-0071a80d0d58"}},{"type":"Feature","id":577833,"geometry":{"type":"Point","coordinates":[1239926,5025002]},"properties":{"OBJECTID":577833,"name":"Mcintyre Hut","place":"Whakaari Conservation Area","region":"Otago","bookable":"No","facilities":"Mattresses, Toilets - non-flush, Water from tap - not treated, boil before use, Water supply","hasAlerts":"Refer to DOC website for current alerts","introductionThumbnail":"https://www.doc.govt.nz/thumbs/large/link/ce965da2b5ef49b3be80ce3354c524b8.jpg","staticLink":"https://www.doc.govt.nz/link/7f957ca7273941c997631a151755b108.aspx","locationString":"Whakaari Conservation Area","x":1239926,"y":5025002,"assetId":100030575,"dateLoadedToGIS":"Tue, 05 Aug 2025 08:40:15 GMT","GlobalID":"1fd7b230-1ea7-4726-bbc9-2a0c7007d496"}},{"type":"Feature","id":577834,"geometry":{"type":"Point","coordinates":[1787835,5461965]},"properties":{"OBJECTID":577834,"name":"Elder Hut","place":"Tararua Forest Park","region":"Wellington/Kapiti","bookable":"No","facilities":"Mattresses, Toilets - non-flush, Water from tap - not treated, boil before use, Water supply","hasAlerts":"Refer to DOC website for current alerts","introductionThumbnail":"https://www.doc.govt.nz/thumbs/large/link/2ca0e62ffee74c548e3afabd9073eb4e.jpg","staticLink":"https://www.doc.govt.nz/link/896b766515db4b318d19231c3ae7bda8.aspx","locationString":"Tararua Forest Park","x":1787835,"y":5461965,"assetId":100039321,"dateLoadedToGIS":"Tue, 05 Aug 2025 08:40:15 GMT","GlobalID":"a97ba64c-fcda-498a-b8e9-efb01d1d404d"}},{"type":"Feature","id":577835,"geometry":{"type":"Point","coordinates":[1400798,4933978]},"properties":{"OBJECTID":577835,"name":"Jubilee Hut","place":"Silverpeaks Scenic Reserve","region":"Otago","bookable":"Yes","facilities":"Mattresses, Toilets - non-flush, Water from tap - not treated, boil before use, Water supply","hasAlerts":"Refer to DOC website for current alerts","introductionThumbnail":"https://www.doc.govt.nz/thumbs/large/link/9b7d5c88b3804801a3eb6e9cd4cee0bb.jpg","staticLink":"https://www.doc.govt.nz/link/0840a84cc1c34e99beda8ff6b923e215.aspx","locationString":"Silverpeaks Scenic Reserve","x":1400798,"y":4933978,"assetId":100038662,"dateLoadedToGIS":"Tue, 05 Aug 2025 08:40:15 GMT","GlobalID":"f6b8b3d7-b53f-4526-867d-befbb5a8ae9e"}},{"type":"Feature","id":577836,"geometry":{"type":"Point","coordinates":[1890855,5651398]},"properties":{"OBJECTID":577836,"name":"Ballard Hut","place":"Kaweka Forest Park","region":"Hawke’s Bay","bookable":"No","facilities":"Heating, Mattresses, Toilets - non-flush, Water from tap - not treated, boil before use, Water supply","hasAlerts":"Refer to DOC website for current alerts","introductionThumbnail":"https://www.doc.govt.nz/thumbs/large/link/7a67e416c6e9463abb57c24e18976a27.aspx","staticLink":"https://www.doc.govt.nz/link/59f46834b497474e9b12f95da9147245.aspx","locationString":"Kaweka Forest Park","x":1890855,"y":5651398,"assetId":100054634,"dateLoadedToGIS":"Tue, 05 Aug 2025 08:40:16 GMT","GlobalID":"d4524012-1327-408e-b1c9-386f865c390b"}},{"type":"Feature","id":577837,"geometry":{"type":"Point","coordinates":[1482181,5270833]},"properties":{"OBJECTID":577837,"name":"Camp Creek Hut","place":"Ahaura River and Lake Brunner catchments area","region":"West Coast","bookable":"No","facilities":"Heating, Mattresses, Toilets - non-flush, Water from tap - not treated, boil before use, Water supply","hasAlerts":"Refer to DOC website for current alerts","introductionThumbnail":"https://www.doc.govt.nz/thumbs/large/link/e8f9de289f564e3e82c074ec71b71671.jpg","staticLink":"https://www.doc.govt.nz/link/bcb7a8ad18424c9aa50e076f9d931eed.aspx","locationString":"Ahaura River and Lake Brunner catchments area","x":1482181,"y":5270833,"assetId":100089251,"dateLoadedToGIS":"Tue, 05 Aug 2025 08:40:16 GMT","GlobalID":"25a5998d-c8c7-4626-ad12-8f9a0725cd51"}},{"type":"Feature","id":577838,"geometry":{"type":"Point","coordinates":[1377810,5172600]},"properties":{"OBJECTID":577838,"name":"Beetham Hut","place":"Aoraki/Mount Cook National Park","region":"Canterbury","bookable":"No","facilities":"Mattresses, Toilets - non-flush, Water from tap - not treated, boil before use, Water supply","hasAlerts":"Refer to DOC website for current alerts","introductionThumbnail":"https://www.doc.govt.nz/images/no-photo/no-photo-220x140.jpg","staticLink":"https://www.doc.govt.nz/link/c2ab699b44d04a779a6b8e78499fa2f8.aspx","locationString":"Aoraki/Mount Cook National Park","x":1377810,"y":5172600,"assetId":100137053,"dateLoadedToGIS":"Tue, 05 Aug 2025 08:40:16 GMT","GlobalID":"32a1ef86-9c53-4485-a363-0e17546d0803"}},{"type":"Feature","id":577839,"geometry":{"type":"Point","coordinates":[1864264,5593553]},"properties":{"OBJECTID":577839,"name":"Crow Hut","place":"Ruahine Forest Park","region":"Manawatu/Whanganui","bookable":"No","facilities":"Heating, Mattresses, Toilets - non-flush, Water from stream, Water supply","hasAlerts":"Refer to DOC website for current alerts","introductionThumbnail":"https://www.doc.govt.nz/thumbs/large/link/2e143e9bc2dc4ae6a2caebea6e340ae2.jpg","staticLink":"https://www.doc.govt.nz/link/cbbe59e1d0a24ed0a40f297a5caffdb9.aspx","locationString":"Ruahine Forest Park","x":1864264,"y":5593553,"assetId":100071997,"dateLoadedToGIS":"Tue, 05 Aug 2025 08:40:16 GMT","GlobalID":"d1131cd9-a696-4e6d-86ad-e95f753e5584"}},{"type":"Feature","id":577840,"geometry":{"type":"Point","coordinates":[1351918,5158072]},"properties":{"OBJECTID":577840,"name":"Horace Walker Hut","place":"Westland Tai Poutini National Park","region":"West Coast","bookable":"No","facilities":"Heating, Mattresses, Toilets - non-flush, Water from stream, Water supply","hasAlerts":"Refer to DOC website for current alerts","introductionThumbnail":"https://www.doc.govt.nz/thumbs/large/link/68cad7673ec64e0fb156d3f5bfddf4cd.jpg","staticLink":"https://www.doc.govt.nz/link/1d4a8f4b84bb409e9680666883b763a4.aspx","locationString":"Westland Tai Poutini National Park","x":1351918,"y":5158072,"assetId":100075079,"dateLoadedToGIS":"Tue, 05 Aug 2025 08:40:16 GMT","GlobalID":"88570162-1d93-4d69-9891-70d59d9d8f6d"}},{"type":"Feature","id":577841,"geometry":{"type":"Point","coordinates":[1832363,5662173]},"properties":{"OBJECTID":577841,"name":"Oturere Hut","place":"Tongariro National Park","region":"Central North Island","bookable":"Yes","facilities":"Cooking, Heating, Mattresses, Toilets - non-flush, Water from tap - not treated, boil before use, Water supply","hasAlerts":"Refer to DOC website for current alerts","introductionThumbnail":"https://www.doc.govt.nz/thumbs/large/link/1d8d16dac971461798903c6d7647c874.jpg","staticLink":"https://www.doc.govt.nz/link/4983a48533d54889bc6afcad50003564.aspx","locationString":"Tongariro National Park","x":1832363,"y":5662173,"assetId":100073019,"dateLoadedToGIS":"Tue, 05 Aug 2025 08:40:17 GMT","GlobalID":"3c71d310-931d-4424-9d00-b6ed7050fa80"}},{"type":"Feature","id":577842,"geometry":{"type":"Point","coordinates":[1871854.806,5589755.1248]},"properties":{"OBJECTID":577842,"name":"Waipawa Forks Hut","place":"Ruahine Forest Park","region":"Manawatu/Whanganui","bookable":"No","facilities":"Heating, Mattresses, Toilets - non-flush, Water from tap - not treated, boil before use, Water supply","hasAlerts":"Refer to DOC website for current alerts","introductionThumbnail":"https://www.doc.govt.nz/thumbs/large/link/ac8a1003362a40f1a564f25f662a2718.aspx","staticLink":"https://www.doc.govt.nz/link/89d6d9f051304d61abcbaf1fdb8c2745.aspx","locationString":"Ruahine Forest Park","x":1871855,"y":5589755,"assetId":100033705,"dateLoadedToGIS":"Tue, 05 Aug 2025 08:40:17 GMT","GlobalID":"7796058a-10d4-4e66-9f1c-c2b517e3083c"}},{"type":"Feature","id":577843,"geometry":{"type":"Point","coordinates":[1536059,5478389]},"properties":{"OBJECTID":577843,"name":"Ministry Of Works Historic Hut","place":"Kahurangi National Park","region":"Nelson/Tasman","bookable":"No","facilities":"Heating, Mattresses, Toilets - non-flush, Water from stream, Water supply","hasAlerts":"Refer to DOC website for current alerts","introductionThumbnail":"https://www.doc.govt.nz/thumbs/large/link/8ef6d2a15f63491090b1c06cec30b900.jpg","staticLink":"https://www.doc.govt.nz/link/06042de05e0d46378b0882be536a409b.aspx","locationString":"Kahurangi National Park","x":1536059,"y":5478389,"assetId":100035040,"dateLoadedToGIS":"Tue, 05 Aug 2025 08:40:17 GMT","GlobalID":"2b4e9450-28f6-4937-ba55-6b56077c2ab4"}},{"type":"Feature","id":577844,"geometry":{"type":"Point","coordinates":[1168636,4906758]},"properties":{"OBJECTID":577844,"name":"Rodger Inlet Hut","place":"Fiordland National Park","region":"Fiordland","bookable":"No","facilities":"Heating, Mattresses, Toilets - non-flush, Water from tap - not treated, boil before use, Water supply","hasAlerts":"Refer to DOC website for current alerts","introductionThumbnail":"https://www.doc.govt.nz/thumbs/large/link/c528208263ca4aa6a7f5431bfb215aed.aspx","staticLink":"https://www.doc.govt.nz/link/2f24decd71fe44b19ec803e410640621.aspx","locationString":"Fiordland National Park","x":1168636,"y":4906758,"assetId":100081177,"dateLoadedToGIS":"Tue, 05 Aug 2025 08:40:17 GMT","GlobalID":"46343b6b-9b5a-4364-81ee-171d198a21e1"}},{"type":"Feature","id":577845,"geometry":{"type":"Point","coordinates":[1814129,5749558]},"properties":{"OBJECTID":577845,"name":"Wildlife Hut","place":"Pureora Forest Park","region":"Waikato","bookable":"No","facilities":"Heating, Mattresses, Toilets - non-flush, Water from stream, Water supply","hasAlerts":"Refer to DOC website for current alerts","introductionThumbnail":"https://www.doc.govt.nz/thumbs/large/link/964c2fb0079d4f3a8fe6d5e16259790d.jpg","staticLink":"https://www.doc.govt.nz/link/a3edf840d02a470297cd81a7b9f453e0.aspx","locationString":"Pureora Forest Park","x":1814129,"y":5749558,"assetId":100043254,"dateLoadedToGIS":"Tue, 05 Aug 2025 08:40:17 GMT","GlobalID":"f340aa38-8a52-42b5-b720-5638bccd8429"}},{"type":"Feature","id":577846,"geometry":{"type":"Point","coordinates":[1883197,5613851]},"properties":{"OBJECTID":577846,"name":"Dead Dog Hut","place":"Ruahine Forest Park","region":"Hawke’s Bay","bookable":"No","facilities":"Heating, Mattresses, Toilets - non-flush, Water from tap - not treated, boil before use, Water supply","hasAlerts":"Refer to DOC website for current alerts","introductionThumbnail":"https://www.doc.govt.nz/thumbs/large/link/5addf7df23d742f4ba0afc620d326d74.aspx","staticLink":"https://www.doc.govt.nz/link/5843afa437e44fc8bbe678b1eee33ffe.aspx","locationString":"Ruahine Forest Park","x":1883197,"y":5613851,"assetId":100055423,"dateLoadedToGIS":"Tue, 05 Aug 2025 08:40:18 GMT","GlobalID":"aade144f-03be-4839-ac50-cbb1369034f0"}},{"type":"Feature","id":577847,"geometry":{"type":"Point","coordinates":[1813196,5492354]},"properties":{"OBJECTID":577847,"name":"Herepai Hut","place":"Tararua Forest Park","region":"Wairarapa","bookable":"No","facilities":"Heating, Mattresses, Toilets - non-flush, Water from tap - not treated, boil before use, Water supply","hasAlerts":"Refer to DOC website for current alerts","introductionThumbnail":"https://www.doc.govt.nz/thumbs/large/link/f82f642e5c144bed95549bf050dc51a3.jpg","staticLink":"https://www.doc.govt.nz/link/56b16c3224fd45b2aeb779d910a5f22b.aspx","locationString":"Tararua Forest Park","x":1813196,"y":5492354,"assetId":100062929,"dateLoadedToGIS":"Tue, 05 Aug 2025 08:40:18 GMT","GlobalID":"ba426128-2ea6-423d-933e-279d75896390"}},{"type":"Feature","id":577848,"geometry":{"type":"Point","coordinates":[1420933,5191477]},"properties":{"OBJECTID":577848,"name":"Watchdog Hut","place":"Rangitata and Rakaia Rivers area","region":"Canterbury","bookable":"No","facilities":"Heating, Mattresses, Toilets - non-flush, Water from tap - not treated, boil before use, Water supply","hasAlerts":"Refer to DOC website for current alerts","introductionThumbnail":"https://www.doc.govt.nz/thumbs/large/link/611b25703d6a486bb31c536a368f516c.jpg","staticLink":"https://www.doc.govt.nz/link/6f38bec34acf46b5a9fa703be02bad01.aspx","locationString":"Rangitata and Rakaia Rivers area","x":1420933,"y":5191477,"assetId":100062417,"dateLoadedToGIS":"Tue, 05 Aug 2025 08:40:18 GMT","GlobalID":"b1266b01-8b7b-411e-a131-e9359bcd96a5"}},{"type":"Feature","id":577849,"geometry":{"type":"Point","coordinates":[1628765,5375999]},"properties":{"OBJECTID":577849,"name":"Gosling Hut","place":"Glazebrook Conservation Area","region":"Marlborough","bookable":"No","facilities":"Heating, Toilets - non-flush, Water from stream, Water supply","hasAlerts":"Refer to DOC website for current alerts","introductionThumbnail":"https://www.doc.govt.nz/thumbs/large/link/03615f4638dc47c6aa1710c434d02f7a.aspx","staticLink":"https://www.doc.govt.nz/link/3c8de6e475e2405094a382c3b0bedac5.aspx","locationString":"Glazebrook Conservation Area","x":1628765,"y":5375999,"assetId":100065847,"dateLoadedToGIS":"Tue, 05 Aug 2025 08:40:18 GMT","GlobalID":"2ffc34d0-73cb-4bd8-845f-ada8bc7b2b42"}},{"type":"Feature","id":577850,"geometry":{"type":"Point","coordinates":[1144535,4915940]},"properties":{"OBJECTID":577850,"name":"Halfway Hut","place":"Fiordland National Park","region":"Fiordland","bookable":"No","facilities":"Heating, Mattresses, Toilets - non-flush, Water from tap - not treated, boil before use, Water supply","hasAlerts":"Refer to DOC website for current alerts","introductionThumbnail":"https://www.doc.govt.nz/thumbs/large/link/9ce216f113ff4432bf6343c21e286bdf.aspx","staticLink":"https://www.doc.govt.nz/link/399da3dfc7844dc28acbbb3dd23385c7.aspx","locationString":"Fiordland National Park","x":1144535,"y":4915940,"assetId":100058723,"dateLoadedToGIS":"Tue, 05 Aug 2025 08:40:19 GMT","GlobalID":"d21b4a45-da11-4a80-802e-09e98973bd02"}},{"type":"Feature","id":577851,"geometry":{"type":"Point","coordinates":[1356075,5136972]},"properties":{"OBJECTID":577851,"name":"Kennedy Memorial Hut","place":"Ruataniwha Conservation Park","region":"Canterbury","bookable":"No","facilities":"Heating, Mattresses, Toilets - non-flush, Water from tap - not treated, boil before use, Water supply","hasAlerts":"Refer to DOC website for current alerts","introductionThumbnail":"https://www.doc.govt.nz/thumbs/large/link/cffe58a87e9044ada4a2b537e1b43cf7.aspx","staticLink":"https://www.doc.govt.nz/link/aae6d5023dea41e9928f64ff5fb48d72.aspx","locationString":"Ruataniwha Conservation Park","x":1356075,"y":5136972,"assetId":100060565,"dateLoadedToGIS":"Tue, 05 Aug 2025 08:40:19 GMT","GlobalID":"3d4a12ca-30f9-4948-8656-0545ccb648a6"}},{"type":"Feature","id":577852,"geometry":{"type":"Point","coordinates":[1220480,4795785]},"properties":{"OBJECTID":577852,"name":"North Arm Hut","place":"Rakiura National Park","region":"Southland","bookable":"Yes","facilities":"Heating, Mattresses, Toilets - non-flush, Water from tap - not treated, boil before use, Water supply","hasAlerts":"Refer to DOC website for current alerts","introductionThumbnail":"https://www.doc.govt.nz/thumbs/large/link/8c65fb1e2692435596bcaaf2e9023d69.jpg","staticLink":"https://www.doc.govt.nz/link/a0c477f605ca4b9ba53d4851b86f8cc3.aspx","locationString":"Rakiura National Park","x":1220480,"y":4795785,"assetId":100058703,"dateLoadedToGIS":"Tue, 05 Aug 2025 08:40:19 GMT","GlobalID":"48be20f1-75bf-4bcd-abf9-c28a945ba9ab"}},{"type":"Feature","id":577853,"geometry":{"type":"Point","coordinates":[1159445,4913379]},"properties":{"OBJECTID":577853,"name":"Clark Hut - A Frame","place":"Fiordland National Park","region":"Fiordland","bookable":"No","facilities":"Mattresses, Toilets - non-flush, Water from stream, Water supply","hasAlerts":"Refer to DOC website for current alerts","introductionThumbnail":"https://www.doc.govt.nz/thumbs/large/link/273405ace09248a0a148c5deb8081e05.jpg","staticLink":"https://www.doc.govt.nz/link/9bd95ee2e3964efdbd58a5134f61ef4f.aspx","locationString":"Fiordland National Park","x":1159445,"y":4913379,"assetId":100074649,"dateLoadedToGIS":"Tue, 05 Aug 2025 08:40:19 GMT","GlobalID":"88c54811-d1bf-4e62-b752-028cee9371de"}},{"type":"Feature","id":577854,"geometry":{"type":"Point","coordinates":[1530699,5234509]},"properties":{"OBJECTID":577854,"name":"Tarn Hut","place":"Puketeraki Forest Conservation Area","region":"Canterbury","bookable":"No","facilities":"Heating, Mattresses, Toilets - non-flush","hasAlerts":"Refer to DOC website for current alerts","introductionThumbnail":"https://www.doc.govt.nz/thumbs/large/link/c6753bb497684e7fbcb0b2747405db98.aspx","staticLink":"https://www.doc.govt.nz/link/890b9b5493864706b4b2223cd4195f00.aspx","locationString":"Puketeraki Forest Conservation Area","x":1530699,"y":5234509,"assetId":100059802,"dateLoadedToGIS":"Tue, 05 Aug 2025 08:40:19 GMT","GlobalID":"555b04b3-e771-4861-9cc3-807d977f2b5c"}},{"type":"Feature","id":577855,"geometry":{"type":"Point","coordinates":[1974394,5741351]},"properties":{"OBJECTID":577855,"name":"Koranga Forks Hut","place":"Waioweka Conservation Area","region":"East Coast","bookable":"No","facilities":"Heating, Mattresses, Toilets - non-flush, Water from tap - not treated, boil before use, Water supply","hasAlerts":"Refer to DOC website for current alerts","introductionThumbnail":"https://www.doc.govt.nz/thumbs/large/link/c70dc4eb2b5349cfad0042caf510f270.aspx","staticLink":"https://www.doc.govt.nz/link/6967ceb57792462f896ecd88b7e5ae1f.aspx","locationString":"Waioweka Conservation Area","x":1974394,"y":5741351,"assetId":100072193,"dateLoadedToGIS":"Tue, 05 Aug 2025 08:40:19 GMT","GlobalID":"2d437ec0-1660-44d1-947f-0b5d84a7fe42"}},{"type":"Feature","id":577856,"geometry":{"type":"Point","coordinates":[1256957,5029969]},"properties":{"OBJECTID":577856,"name":"Dynamo Hut","place":"Skippers area","region":"Otago","bookable":"No","facilities":"Heating, Mattresses, Toilets - non-flush, Water from tap - not treated, boil before use, Water supply","hasAlerts":"Refer to DOC website for current alerts","introductionThumbnail":"https://www.doc.govt.nz/thumbs/large/link/512ba9b6d6d84b44b4b33a9b9e4d0221.jpg","staticLink":"https://www.doc.govt.nz/link/dfbe2d4b915b45c291fde25ecc455c47.aspx","locationString":"Skippers area","x":1256957,"y":5029969,"assetId":100043140,"dateLoadedToGIS":"Tue, 05 Aug 2025 08:40:20 GMT","GlobalID":"a6ba4388-4cb8-4bec-b895-f71e790636c5"}},{"type":"Feature","id":577857,"geometry":{"type":"Point","coordinates":[1802321,5465946]},"properties":{"OBJECTID":577857,"name":"Totara Flats Hut","place":"Tararua Forest Park","region":"Wairarapa","bookable":"Yes","facilities":"Heating, Mattresses, Toilets - non-flush, Water from tap - not treated, boil before use, Water supply","hasAlerts":"Refer to DOC website for current alerts","introductionThumbnail":"https://www.doc.govt.nz/thumbs/large/link/da0c17eef12b487c8e3968926723ef61.jpg","staticLink":"https://www.doc.govt.nz/link/17bfad40f569478393256bce6b241f9c.aspx","locationString":"Tararua Forest Park","x":1802321,"y":5465946,"assetId":100041830,"dateLoadedToGIS":"Tue, 05 Aug 2025 08:40:20 GMT","GlobalID":"f6a9a4f6-e54b-46b4-807d-29e07eee5634"}},{"type":"Feature","id":577858,"geometry":{"type":"Point","coordinates":[1350900,5154700]},"properties":{"OBJECTID":577858,"name":"Christmas Flat Hut","place":"Westland Tai Poutini National Park","region":"West Coast","bookable":"No","facilities":"Heating, Mattresses, Toilets - non-flush, Water from stream, Water supply","hasAlerts":"Refer to DOC website for current alerts","introductionThumbnail":"https://www.doc.govt.nz/thumbs/large/link/833cb5c1ddb94a048d665ba0c88bf238.jpg","staticLink":"https://www.doc.govt.nz/link/00b22656ec2e487aac2baf171c7f82ae.aspx","locationString":"Westland Tai Poutini National Park","x":1350900,"y":5154700,"assetId":100059653,"dateLoadedToGIS":"Tue, 05 Aug 2025 08:40:20 GMT","GlobalID":"02edd5bb-6070-472f-bc59-b40c2b5af4b0"}},{"type":"Feature","id":577859,"geometry":{"type":"Point","coordinates":[1335455,5084352]},"properties":{"OBJECTID":577859,"name":"Hideaway Hut","place":"Ahuriri Conservation Park","region":"Canterbury","bookable":"No","facilities":"Mattresses, Toilets - non-flush, Water from stream, Water supply","hasAlerts":"Refer to DOC website for current alerts","introductionThumbnail":"https://www.doc.govt.nz/thumbs/large/link/6e76592080ff4449b6a497b5579923e5.aspx","staticLink":"https://www.doc.govt.nz/link/98bc31cba5ab416e8deb3fd7e5baf75b.aspx","locationString":"Ahuriri Conservation Park","x":1335455,"y":5084352,"assetId":100059543,"dateLoadedToGIS":"Tue, 05 Aug 2025 08:40:20 GMT","GlobalID":"329419fe-cee3-48ed-a2b4-faebca0e52df"}},{"type":"Feature","id":577860,"geometry":{"type":"Point","coordinates":[1344135,5161163]},"properties":{"OBJECTID":577860,"name":"Cassel Flat Hut","place":"Westland Tai Poutini National Park","region":"West Coast","bookable":"No","facilities":"Heating, Mattresses, Toilets - non-flush, Water from tap - not treated, boil before use, Water supply","hasAlerts":"Refer to DOC website for current alerts","introductionThumbnail":"https://www.doc.govt.nz/thumbs/large/link/4f44255fc92e49e99e3b754a288457db.jpg","staticLink":"https://www.doc.govt.nz/link/1f1295a7d0404adba54d21c4ac9b5975.aspx","locationString":"Westland Tai Poutini National Park","x":1344135,"y":5161163,"assetId":100059656,"dateLoadedToGIS":"Tue, 05 Aug 2025 08:40:20 GMT","GlobalID":"2ec98c05-866a-417f-967f-2d3940d065ae"}},{"type":"Feature","id":577861,"geometry":{"type":"Point","coordinates":[1930283.9483,5728972.4808]},"properties":{"OBJECTID":577861,"name":"Okui Hut","place":"Whirinaki Te Pua-a-Tāne Conservation Park","region":"East Coast","bookable":"No","facilities":"Heating, Mattresses, Toilets - non-flush, Water from stream, Water supply","hasAlerts":"Refer to DOC website for current alerts","introductionThumbnail":"https://www.doc.govt.nz/thumbs/large/link/6eafdfa461f74ba395198b3874832fdc.aspx","staticLink":"https://www.doc.govt.nz/link/3c6e596f3cc645dea288aebb6774c498.aspx","locationString":"Whirinaki Te Pua-a-Tāne Conservation Park","x":1930284,"y":5728972,"assetId":100055339,"dateLoadedToGIS":"Tue, 05 Aug 2025 08:40:21 GMT","GlobalID":"2e65dd90-1cd6-488c-8d15-1c89f1363706"}},{"type":"Feature","id":577862,"geometry":{"type":"Point","coordinates":[1920590,5703875]},"properties":{"OBJECTID":577862,"name":"Mangamate Hut","place":"Whirinaki Te Pua-a-Tāne Conservation Park","region":"East Coast","bookable":"No","facilities":"Heating, Mattresses, Toilets - non-flush, Water from tap - not treated, boil before use, Water supply","hasAlerts":"Refer to DOC website for current alerts","introductionThumbnail":"https://www.doc.govt.nz/thumbs/large/link/391991e3246b43d28916aaf4ae039a17.jpg","staticLink":"https://www.doc.govt.nz/link/6f34382aeafe4589834e507baca488aa.aspx","locationString":"Whirinaki Te Pua-a-Tāne Conservation Park","x":1920590,"y":5703875,"assetId":100056129,"dateLoadedToGIS":"Tue, 05 Aug 2025 08:40:21 GMT","GlobalID":"6f7340f8-d9d6-4964-818b-2763c39cb6de"}},{"type":"Feature","id":577863,"geometry":{"type":"Point","coordinates":[1541846,5269894]},"properties":{"OBJECTID":577863,"name":"Gabriel Hut","place":"Lake Sumner Forest Park","region":"Canterbury","bookable":"No","facilities":"Heating, Toilets - non-flush, Water from stream, Water supply","hasAlerts":"Refer to DOC website for current alerts","introductionThumbnail":"https://www.doc.govt.nz/thumbs/large/link/5ff39080517f404ba78a7610bfd100f2.aspx","staticLink":"https://www.doc.govt.nz/link/f155516e7fca4be584fc48243396a3cd.aspx","locationString":"Lake Sumner Forest Park","x":1541846,"y":5269894,"assetId":100062865,"dateLoadedToGIS":"Tue, 05 Aug 2025 08:40:21 GMT","GlobalID":"7c54f4d1-7732-42c7-b24e-be399f06b1bd"}},{"type":"Feature","id":577864,"geometry":{"type":"Point","coordinates":[1462901,5234027]},"properties":{"OBJECTID":577864,"name":"Urquhart's Hut","place":"Craigieburn Forest Park","region":"Canterbury","bookable":"No","facilities":"Heating, Toilets - non-flush, Water from stream, Water supply","hasAlerts":"Refer to DOC website for current alerts","introductionThumbnail":"https://www.doc.govt.nz/thumbs/large/link/7a1b07491e8040a18e6ed1dc46fd2152.aspx","staticLink":"https://www.doc.govt.nz/link/a356d1582530419697daf362f58d5606.aspx","locationString":"Craigieburn Forest Park","x":1462901,"y":5234027,"assetId":100034520,"dateLoadedToGIS":"Tue, 05 Aug 2025 08:40:21 GMT","GlobalID":"9ec7a5d4-2efb-435d-b5ae-e787dafdfbfa"}},{"type":"Feature","id":577865,"geometry":{"type":"Point","coordinates":[1449855,5225567]},"properties":{"OBJECTID":577865,"name":"Canyon Creek Bivvy","place":"Rangitata and Rakaia Rivers area","region":"Canterbury","bookable":"No","facilities":"Mattresses, Toilets - non-flush, Water from stream, Water supply","hasAlerts":"Refer to DOC website for current alerts","introductionThumbnail":"https://www.doc.govt.nz/thumbs/large/link/5830ad59a3ef4c12a814ac57673111e5.jpg","staticLink":"https://www.doc.govt.nz/link/7e53abac4101456989a43b3e54b2e272.aspx","locationString":"Rangitata and Rakaia Rivers area","x":1449855,"y":5225567,"assetId":100061485,"dateLoadedToGIS":"Tue, 05 Aug 2025 08:40:21 GMT","GlobalID":"2628cfee-60b8-4494-ad04-66df48008b8f"}},{"type":"Feature","id":577866,"geometry":{"type":"Point","coordinates":[1792580,5469654]},"properties":{"OBJECTID":577866,"name":"Penn Creek Hut","place":"Tararua Forest Park","region":"Wellington/Kapiti","bookable":"No","facilities":"Heating, Mattresses, Toilets - non-flush, Water from stream, Water supply","hasAlerts":"Refer to DOC website for current alerts","introductionThumbnail":"https://www.doc.govt.nz/thumbs/large/link/936f6ca9fdaf42c29a2adea817ec6bc3.jpg","staticLink":"https://www.doc.govt.nz/link/e17a4908633341ee975d475136f31b32.aspx","locationString":"Tararua Forest Park","x":1792580,"y":5469654,"assetId":100034798,"dateLoadedToGIS":"Tue, 05 Aug 2025 08:40:22 GMT","GlobalID":"2faf9bf4-4c2a-4d63-a098-d83f8ee1b790"}},{"type":"Feature","id":577867,"geometry":{"type":"Point","coordinates":[1347002,5048231]},"properties":{"OBJECTID":577867,"name":"Top Hut – Otago","place":"Oteake Conservation Park","region":"Otago","bookable":"No","facilities":"Heating, Mattresses, Toilets - non-flush, Water from stream, Water supply","hasAlerts":"Refer to DOC website for current alerts","introductionThumbnail":"https://www.doc.govt.nz/thumbs/large/link/5683e5763bed49a990800c457356801f.jpg","staticLink":"https://www.doc.govt.nz/link/b5abd19e4f814f96a6aaae9b63371da6.aspx","locationString":"Oteake Conservation Park","x":1347002,"y":5048231,"assetId":100038193,"dateLoadedToGIS":"Tue, 05 Aug 2025 08:40:22 GMT","GlobalID":"dda2332c-4c99-4819-a851-a405e7f0b649"}},{"type":"Feature","id":577868,"geometry":{"type":"Point","coordinates":[1517118,5220722]},"properties":{"OBJECTID":577868,"name":"Lower Salmon Creek Bivvy","place":"Oxford Forest Conservation Area","region":"Canterbury","bookable":"No","facilities":"Mattresses, Toilets - non-flush, Water from stream, Water supply","hasAlerts":"Refer to DOC website for current alerts","introductionThumbnail":"https://www.doc.govt.nz/thumbs/large/link/2ae53211f9c542c2876af76d431e401c.aspx","staticLink":"https://www.doc.govt.nz/link/96f2f6957bcc4c09afcc40c1ee603f6c.aspx","locationString":"Oxford Forest Conservation Area","x":1517118,"y":5220722,"assetId":100059804,"dateLoadedToGIS":"Tue, 05 Aug 2025 08:40:22 GMT","GlobalID":"35f76003-c7fd-4557-b06c-237fda53a2fa"}},{"type":"Feature","id":577869,"geometry":{"type":"Point","coordinates":[1618408,5403578]},"properties":{"OBJECTID":577869,"name":"Mt Rintoul Hut","place":"Mount Richmond Forest Park","region":"Marlborough","bookable":"No","facilities":"Heating, Mattresses, Toilets - non-flush, Water from tap - not treated, boil before use, Water supply","hasAlerts":"Refer to DOC website for current alerts","introductionThumbnail":"https://www.doc.govt.nz/thumbs/large/link/d1ecb00424f443b293a8d5ca124205c9.jpg","staticLink":"https://www.doc.govt.nz/link/bc782d530e4a4aed90ba579583b4d861.aspx","locationString":"Mount Richmond Forest Park","x":1618408,"y":5403578,"assetId":100060985,"dateLoadedToGIS":"Tue, 05 Aug 2025 08:40:22 GMT","GlobalID":"78d7cb6e-dbc4-4280-9d9b-23c1429aca1b"}},{"type":"Feature","id":577870,"geometry":{"type":"Point","coordinates":[1861589,5587719]},"properties":{"OBJECTID":577870,"name":"Purity Hut","place":"Ruahine Forest Park","region":"Manawatu/Whanganui","bookable":"No","facilities":"Heating, Mattresses, Toilets - non-flush, Water from tap - not treated, boil before use, Water supply","hasAlerts":"Refer to DOC website for current alerts","introductionThumbnail":"https://www.doc.govt.nz/thumbs/large/link/812a109209434f3c91612b03c371fb50.aspx","staticLink":"https://www.doc.govt.nz/link/7bc4f303dca945a28621ff72166ef59d.aspx","locationString":"Ruahine Forest Park","x":1861589,"y":5587719,"assetId":100038263,"dateLoadedToGIS":"Tue, 05 Aug 2025 08:40:22 GMT","GlobalID":"1da62f8a-384f-4d94-93cf-2d481055f046"}},{"type":"Feature","id":577871,"geometry":{"type":"Point","coordinates":[1868196,5567836]},"properties":{"OBJECTID":577871,"name":"Happy Daze Hut","place":"Ruahine Forest Park","region":"Hawke’s Bay","bookable":"No","facilities":"Heating, Mattresses, Toilets - non-flush, Water from tap - not treated, boil before use, Water supply","hasAlerts":"Refer to DOC website for current alerts","introductionThumbnail":"https://www.doc.govt.nz/thumbs/large/link/4cc9631a86994c91b7a8ec391a953a55.JPG","staticLink":"https://www.doc.govt.nz/link/3650bfcc805549d59a0b9a9f7f9a1ce4.aspx","locationString":"Ruahine Forest Park","x":1868196,"y":5567836,"assetId":100054927,"dateLoadedToGIS":"Tue, 05 Aug 2025 08:40:23 GMT","GlobalID":"f59ce76c-0955-4fe8-be19-410122ea5d20"}},{"type":"Feature","id":577872,"geometry":{"type":"Point","coordinates":[1423182,5171993]},"properties":{"OBJECTID":577872,"name":"Dog Kennel Bivvy","place":"Te Kahui Kaupeka Conservation Park","region":"Canterbury","bookable":"No","facilities":"Mattresses, Toilets - non-flush, Water from stream, Water supply","hasAlerts":"Refer to DOC website for current alerts","introductionThumbnail":"https://www.doc.govt.nz/thumbs/large/link/9915f5b3e282424ba88a2de0c240343c.jpg","staticLink":"https://www.doc.govt.nz/link/d9b94881feb343879b9126b33e6f3fdf.aspx","locationString":"Te Kahui Kaupeka Conservation Park","x":1423182,"y":5171993,"assetId":100083034,"dateLoadedToGIS":"Tue, 05 Aug 2025 08:40:23 GMT","GlobalID":"c258ed62-20de-47ee-81bb-f40ab6ae6898"}},{"type":"Feature","id":577873,"geometry":{"type":"Point","coordinates":[1862915,5578325]},"properties":{"OBJECTID":577873,"name":"Triangle Hut","place":"Ruahine Forest Park","region":"Manawatu/Whanganui","bookable":"No","facilities":"Heating, Mattresses, Toilets - non-flush, Water from stream, Water supply","hasAlerts":"Refer to DOC website for current alerts","introductionThumbnail":"https://www.doc.govt.nz/thumbs/large/link/3dc9e91c67f4443baf0117e7d57b19f9.aspx","staticLink":"https://www.doc.govt.nz/link/1c4a6935422b4836a9d5c8b45c5e6db8.aspx","locationString":"Ruahine Forest Park","x":1862915,"y":5578325,"assetId":100072830,"dateLoadedToGIS":"Tue, 05 Aug 2025 08:40:23 GMT","GlobalID":"1e27849f-22c8-44ba-b049-f089dcee7383"}},{"type":"Feature","id":577874,"geometry":{"type":"Point","coordinates":[1198542,4785393]},"properties":{"OBJECTID":577874,"name":"Cavalier Hunters Hut","place":"Rakiura National Park","region":"Southland","bookable":"Yes","facilities":"Heating, Mattresses, Toilets - non-flush, Water from tap - not treated, boil before use, Water supply","hasAlerts":"Refer to DOC website for current alerts","introductionThumbnail":"https://www.doc.govt.nz/thumbs/large/link/eace72fb356843c3952dab2c6f0ba66a.jpg","staticLink":"https://www.doc.govt.nz/link/5e952bca6f244d5480934931d7351f19.aspx","locationString":"Rakiura National Park","x":1198542,"y":4785393,"assetId":100055693,"dateLoadedToGIS":"Tue, 05 Aug 2025 08:40:23 GMT","GlobalID":"ec9c895b-58c2-4173-91d7-1337c0502ca9"}},{"type":"Feature","id":577875,"geometry":{"type":"Point","coordinates":[1849943,5836344]},"properties":{"OBJECTID":577875,"name":"Te Rereatukahia Hut ","place":"Kaimai Mamaku Conservation Park","region":"Bay of Plenty","bookable":"Yes","facilities":"Heating, Mattresses, Toilets - non-flush, Water from tap - not treated, boil before use, Water supply","hasAlerts":"Refer to DOC website for current alerts","introductionThumbnail":"https://www.doc.govt.nz/thumbs/large/link/808f3732e2804162bc9eecd317bd8dbb.aspx","staticLink":"https://www.doc.govt.nz/link/c6a7cac44ba248f8bcf5e04302b0050d.aspx","locationString":"Kaimai Mamaku Conservation Park","x":1849943,"y":5836344,"assetId":100056832,"dateLoadedToGIS":"Tue, 05 Aug 2025 08:40:23 GMT","GlobalID":"3505a98c-851f-4a25-8e2b-231c857f1e4e"}},{"type":"Feature","id":577876,"geometry":{"type":"Point","coordinates":[1819753,5642048]},"properties":{"OBJECTID":577876,"name":"Mangaehuehu Hut","place":"Tongariro National Park","region":"Central North Island","bookable":"No","facilities":"Heating, Mattresses, Toilets - non-flush, Water from tap - not treated, boil before use, Water supply","hasAlerts":"Refer to DOC website for current alerts","introductionThumbnail":"https://www.doc.govt.nz/thumbs/large/link/938e1655066c4eda9a7a51e232371812.aspx","staticLink":"https://www.doc.govt.nz/link/cd5521b4fd8745d4b72c98459a28e09d.aspx","locationString":"Tongariro National Park","x":1819753,"y":5642048,"assetId":100056212,"dateLoadedToGIS":"Tue, 05 Aug 2025 08:40:24 GMT","GlobalID":"98e7272e-f505-4a99-9484-5f3cb60495ac"}},{"type":"Feature","id":577877,"geometry":{"type":"Point","coordinates":[1278892,5034121]},"properties":{"OBJECTID":577877,"name":"Highland Creek Hut ","place":"Wānaka area","region":"Otago","bookable":"No","facilities":"Mattresses, Toilets - non-flush, Water from tap - not treated, boil before use, Water supply","hasAlerts":"Refer to DOC website for current alerts","introductionThumbnail":"https://www.doc.govt.nz/thumbs/large/link/16f5fcd5a5a44c95b09f3f29d61f417a.jpg","staticLink":"https://www.doc.govt.nz/link/d72edf5018d342eebda9e826275a8481.aspx","locationString":"Wānaka area","x":1278892,"y":5034121,"assetId":100039555,"dateLoadedToGIS":"Tue, 05 Aug 2025 08:40:24 GMT","GlobalID":"b4137c9e-0fd6-48af-a32d-2d01946444de"}},{"type":"Feature","id":577878,"geometry":{"type":"Point","coordinates":[1884615,5661980]},"properties":{"OBJECTID":577878,"name":"Mangatainoka Hut","place":"Kaweka Forest Park","region":"Hawke’s Bay","bookable":"No","facilities":"Heating, Mattresses, Toilets - non-flush, Water from stream, Water supply","hasAlerts":"Refer to DOC website for current alerts","introductionThumbnail":"https://www.doc.govt.nz/thumbs/large/link/44eda530d2d549ee82390b83c442710a.jpg","staticLink":"https://www.doc.govt.nz/link/e369e10362774045a8d555aee3f40464.aspx","locationString":"Kaweka Forest Park","x":1884615,"y":5661980,"assetId":100054632,"dateLoadedToGIS":"Tue, 05 Aug 2025 08:40:24 GMT","GlobalID":"3f1597eb-6ca3-44ca-93cf-d5d72bf26a90"}},{"type":"Feature","id":577879,"geometry":{"type":"Point","coordinates":[1412429,5190262]},"properties":{"OBJECTID":577879,"name":"St Winifreds Hut","place":"Rangitata and Rakaia Rivers area","region":"Canterbury","bookable":"No","facilities":"Heating, Lighting, Toilets - non-flush, Water from tap - not treated, boil before use, Water supply","hasAlerts":"Refer to DOC website for current alerts","introductionThumbnail":"https://www.doc.govt.nz/thumbs/large/link/f5b3b5d77157485ca68c1c8b04c2dacc.jpg","staticLink":"https://www.doc.govt.nz/link/8e5fe0a42dc342459de307e81924527e.aspx","locationString":"Rangitata and Rakaia Rivers area","x":1412429,"y":5190262,"assetId":100043235,"dateLoadedToGIS":"Tue, 05 Aug 2025 08:40:24 GMT","GlobalID":"8b670058-9d5a-4227-a836-16eaa00eff96"}},{"type":"Feature","id":577880,"geometry":{"type":"Point","coordinates":[1266565,4936518]},"properties":{"OBJECTID":577880,"name":"Dom Burn Sod Hut","place":null,"region":"Southland","bookable":"No","facilities":"Heating, Water from stream, Water supply","hasAlerts":"Refer to DOC website for current alerts","introductionThumbnail":"https://www.doc.govt.nz/thumbs/large/link/9ce0bbab9fc14e7497f1065dd6588b21.aspx","staticLink":"https://www.doc.govt.nz/link/9df70a7df1a64ad08ca32d9035ccffe7.aspx","locationString":null,"x":1266565,"y":4936518,"assetId":100096756,"dateLoadedToGIS":"Tue, 05 Aug 2025 08:40:24 GMT","GlobalID":"4507d4bc-7c38-4a54-8a98-6d2c21deb306"}},{"type":"Feature","id":577881,"geometry":{"type":"Point","coordinates":[1794442,5464246]},"properties":{"OBJECTID":577881,"name":"Winchcombe Biv","place":null,"region":"Wairarapa","bookable":"No","facilities":"Mattresses, Toilets - non-flush, Water from tap - not treated, boil before use, Water supply","hasAlerts":"Refer to DOC website for current alerts","introductionThumbnail":"https://www.doc.govt.nz/thumbs/large/link/7b5f08b6588f4ffb8b1de41ed3086312.aspx","staticLink":"https://www.doc.govt.nz/link/b821a863b6be4eed992cf6e81edc58cf.aspx","locationString":null,"x":1794442,"y":5464246,"assetId":100137086,"dateLoadedToGIS":"Tue, 05 Aug 2025 08:40:25 GMT","GlobalID":"f4153212-5ae4-432d-b4b2-95330d46dbda"}},{"type":"Feature","id":577882,"geometry":{"type":"Point","coordinates":[1532352,5284411]},"properties":{"OBJECTID":577882,"name":"Top Hope Hut","place":"Lake Sumner Forest Park","region":"Canterbury","bookable":"No","facilities":"Heating, Mattresses, Toilets - non-flush, Water from tap - not treated, boil before use, Water supply","hasAlerts":"Refer to DOC website for current alerts","introductionThumbnail":"https://www.doc.govt.nz/thumbs/large/link/92c40daf91ae4c2f8bbeaaa61a1b3daf.aspx","staticLink":"https://www.doc.govt.nz/link/3e14d6f01a754d18831b863832d2f407.aspx","locationString":"Lake Sumner Forest Park","x":1532352,"y":5284411,"assetId":100063057,"dateLoadedToGIS":"Tue, 05 Aug 2025 08:40:25 GMT","GlobalID":"52e1c028-da5c-4007-8947-35dc1f2e77bb"}},{"type":"Feature","id":577883,"geometry":{"type":"Point","coordinates":[1880856.1488,5618034.2739]},"properties":{"OBJECTID":577883,"name":"Taruarau Bivvy","place":"Ruahine Forest Park","region":"Hawke’s Bay","bookable":"No","facilities":"Mattresses, Toilets - non-flush, Water from tap - not treated, boil before use, Water supply","hasAlerts":"Refer to DOC website for current alerts","introductionThumbnail":"https://www.doc.govt.nz/thumbs/large/link/ab3f1983ff624294b4e846b49d22e796.jpg","staticLink":"https://www.doc.govt.nz/link/1decb83834c741feb565f39a0695fc14.aspx","locationString":"Ruahine Forest Park","x":1880856,"y":5618034,"assetId":100071994,"dateLoadedToGIS":"Tue, 05 Aug 2025 08:40:25 GMT","GlobalID":"8a2002e8-dc55-4c98-b96d-53c98693f5bd"}},{"type":"Feature","id":577884,"geometry":{"type":"Point","coordinates":[1828979,5726201]},"properties":{"OBJECTID":577884,"name":"Bog Inn Hut","place":"Pureora Forest Park","region":"Waikato","bookable":"No","facilities":"Mattresses, Toilets - non-flush, Water from tap - not treated, boil before use, Water supply","hasAlerts":"Refer to DOC website for current alerts","introductionThumbnail":"https://www.doc.govt.nz/thumbs/large/link/9d7253f6d470442ab09ea642a437c445.jpg","staticLink":"https://www.doc.govt.nz/link/221debd600f74c5d943105d46641ff70.aspx","locationString":"Pureora Forest Park","x":1828979,"y":5726201,"assetId":100056882,"dateLoadedToGIS":"Tue, 05 Aug 2025 08:40:25 GMT","GlobalID":"89cbefce-d71e-4a2f-ad1e-3886830af85a"}},{"type":"Feature","id":577885,"geometry":{"type":"Point","coordinates":[1555867,5301939]},"properties":{"OBJECTID":577885,"name":"Rokeby Hut","place":"St James Conservation Area","region":"Canterbury","bookable":"No","facilities":"Toilets - non-flush, Water from stream, Water supply","hasAlerts":"Refer to DOC website for current alerts","introductionThumbnail":"https://www.doc.govt.nz/thumbs/large/link/8a53f37239cb47ae8e9a46130d157b59.jpg","staticLink":"https://www.doc.govt.nz/link/2a848ba07ff04686b93e21b1d9c3f481.aspx","locationString":"St James Conservation Area","x":1555867,"y":5301939,"assetId":100063076,"dateLoadedToGIS":"Tue, 05 Aug 2025 08:40:25 GMT","GlobalID":"22975029-4f0a-4a06-b9e5-f524dee3a32f"}},{"type":"Feature","id":577886,"geometry":{"type":"Point","coordinates":[1321725,5069914]},"properties":{"OBJECTID":577886,"name":"Top Timaru Hut","place":"Hāwea Conservation Park","region":"Otago","bookable":"No","facilities":"Mattresses, Toilets - non-flush, Water from stream, Water supply","hasAlerts":"Refer to DOC website for current alerts","introductionThumbnail":"https://www.doc.govt.nz/thumbs/large/link/011d2f89912a4d5baef9151924de1123.jpg","staticLink":"https://www.doc.govt.nz/link/38653eb26aa841a0b3d87066cf14f766.aspx","locationString":"Hāwea Conservation Park","x":1321725,"y":5069914,"assetId":100060712,"dateLoadedToGIS":"Tue, 05 Aug 2025 08:40:26 GMT","GlobalID":"e30a12e4-94d6-483a-a8ec-96c4c6ebc0dd"}},{"type":"Feature","id":577887,"geometry":{"type":"Point","coordinates":[1363552.4399,5154914.4281]},"properties":{"OBJECTID":577887,"name":"Mueller Hut","place":"Aoraki/Mount Cook National Park","region":"Canterbury","bookable":"Yes","facilities":"Cooking, Mattresses, Lighting, Toilets - non-flush, Water from tap - not treated, boil before use, Water supply","hasAlerts":"Refer to DOC website for current alerts","introductionThumbnail":"https://www.doc.govt.nz/thumbs/large/link/222cf1055ac84c6abe78a530c809317b.aspx","staticLink":"https://www.doc.govt.nz/link/ca3bf5da422f462781809b92757e7278.aspx","locationString":"Aoraki/Mount Cook National Park","x":1363552,"y":5154914,"assetId":100040842,"dateLoadedToGIS":"Tue, 05 Aug 2025 08:40:26 GMT","GlobalID":"f79f6b76-48a6-4c46-b760-8344fedc9293"}},{"type":"Feature","id":577888,"geometry":{"type":"Point","coordinates":[1585228,5364015]},"properties":{"OBJECTID":577888,"name":"Lakehead Hut","place":"Nelson Lakes National Park","region":"Nelson/Tasman","bookable":"Yes","facilities":"Heating, Mattresses, Toilets - non-flush, Water from tap - not treated, boil before use, Water supply","hasAlerts":"Refer to DOC website for current alerts","introductionThumbnail":"https://www.doc.govt.nz/thumbs/large/link/fbceb8efc955433d8061261c1ca6dc1d.jpg","staticLink":"https://www.doc.govt.nz/link/9f587ce82e1844828f736a7c2dbc5a67.aspx","locationString":"Nelson Lakes National Park","x":1585228,"y":5364015,"assetId":100060146,"dateLoadedToGIS":"Tue, 05 Aug 2025 08:40:26 GMT","GlobalID":"3af4c561-b0b0-4685-af35-67ea4a057fcc"}},{"type":"Feature","id":577889,"geometry":{"type":"Point","coordinates":[1414940,5186393]},"properties":{"OBJECTID":577889,"name":"Curtis Memorial Hut","place":"Rangitata and Rakaia Rivers area","region":"Canterbury","bookable":"No","facilities":"Heating, Mattresses, Toilets - non-flush, Water from tap - not treated, boil before use, Water supply","hasAlerts":"Refer to DOC website for current alerts","introductionThumbnail":"https://www.doc.govt.nz/thumbs/large/link/611f7c94d3c947cfb1a3704ac0b832d8.aspx","staticLink":"https://www.doc.govt.nz/link/0b68c0076dd243389b6292c6c01684cb.aspx","locationString":"Rangitata and Rakaia Rivers area","x":1414940,"y":5186393,"assetId":100043238,"dateLoadedToGIS":"Tue, 05 Aug 2025 08:40:26 GMT","GlobalID":"55fcc31d-34ac-4255-9854-c66aea59daa6"}},{"type":"Feature","id":577890,"geometry":{"type":"Point","coordinates":[1237457,4946720]},"properties":{"OBJECTID":577890,"name":"Cromel Base Hut","place":"Eyre Mountains/Taka Rā Haka Conservation Park","region":"Southland","bookable":"No","facilities":"Mattresses, Toilets - non-flush, Water from stream, Water supply","hasAlerts":"Refer to DOC website for current alerts","introductionThumbnail":"https://www.doc.govt.nz/images/no-photo/no-photo-220x140.jpg","staticLink":"https://www.doc.govt.nz/link/74459ee65d5446a7b0c353096c0e76fd.aspx","locationString":"Eyre Mountains/Taka Rā Haka Conservation Park","x":1237457,"y":4946720,"assetId":100033537,"dateLoadedToGIS":"Tue, 05 Aug 2025 08:40:26 GMT","GlobalID":"a76613a9-2549-49f6-84be-68a3fdc4e39c"}},{"type":"Feature","id":577891,"geometry":{"type":"Point","coordinates":[1219400,4982700]},"properties":{"OBJECTID":577891,"name":"West Burn Hut","place":"Mavora Lakes Conservation Park","region":"Southland","bookable":"No","facilities":"Heating, Mattresses, Toilets - non-flush, Water from stream, Water supply","hasAlerts":"Refer to DOC website for current alerts","introductionThumbnail":"https://www.doc.govt.nz/thumbs/large/link/51615f5b1e6846a69ae9ee84880395ca.jpg","staticLink":"https://www.doc.govt.nz/link/8607b485bb514ef488c92639fe7730eb.aspx","locationString":"Mavora Lakes Conservation Park","x":1219400,"y":4982700,"assetId":100065857,"dateLoadedToGIS":"Tue, 05 Aug 2025 08:40:26 GMT","GlobalID":"c1c6652b-5989-40cb-984b-c9d727b5c958"}},{"type":"Feature","id":577892,"geometry":{"type":"Point","coordinates":[1346920,5128148]},"properties":{"OBJECTID":577892,"name":"Dasler Biv","place":"Ruataniwha Conservation Park","region":"Canterbury","bookable":"No","facilities":"Heating, Mattresses, Toilets - non-flush, Water from stream, Water supply","hasAlerts":"Refer to DOC website for current alerts","introductionThumbnail":"https://www.doc.govt.nz/thumbs/large/link/870c1e53a22945ec95ce74e94ffc4d1a.aspx","staticLink":"https://www.doc.govt.nz/link/6d8c206cbd0842669e7a4963124ea4a5.aspx","locationString":"Ruataniwha Conservation Park","x":1346920,"y":5128148,"assetId":100044464,"dateLoadedToGIS":"Tue, 05 Aug 2025 08:40:27 GMT","GlobalID":"8be22572-64c5-441a-8eb1-71ec167cc3b1"}},{"type":"Feature","id":577893,"geometry":{"type":"Point","coordinates":[1861288,5560430]},"properties":{"OBJECTID":577893,"name":"Cattle Creek Hut","place":"Ruahine Forest Park","region":"Manawatu/Whanganui","bookable":"No","facilities":"Heating, Mattresses, Toilets - non-flush, Water from tap - not treated, boil before use, Water supply","hasAlerts":"Refer to DOC website for current alerts","introductionThumbnail":"https://www.doc.govt.nz/thumbs/large/link/1dacad36593e4b6da91deb3823e1f3ed.aspx","staticLink":"https://www.doc.govt.nz/link/8403ca6c7c1d46b09e83a84e9986eabe.aspx","locationString":"Ruahine Forest Park","x":1861288,"y":5560430,"assetId":100054640,"dateLoadedToGIS":"Tue, 05 Aug 2025 08:40:27 GMT","GlobalID":"e92ecfb9-d21d-4745-8f99-90ce78ecfb55"}},{"type":"Feature","id":577894,"geometry":{"type":"Point","coordinates":[1413384,5186811]},"properties":{"OBJECTID":577894,"name":"Mistake Flat Hut","place":"Rangitata and Rakaia Rivers area","region":"Canterbury","bookable":"No","facilities":"Heating, Mattresses, Toilets - non-flush, Water from stream, Water supply","hasAlerts":"Refer to DOC website for current alerts","introductionThumbnail":"https://www.doc.govt.nz/thumbs/large/link/24e6b1f67a344d4aa25d186773ae766e.jpg","staticLink":"https://www.doc.govt.nz/link/aab178083a6346648882304d6ec98374.aspx","locationString":"Rangitata and Rakaia Rivers area","x":1413384,"y":5186811,"assetId":100065470,"dateLoadedToGIS":"Tue, 05 Aug 2025 08:40:27 GMT","GlobalID":"71c5ddf6-3805-4eda-91f4-3a48e353d559"}},{"type":"Feature","id":577895,"geometry":{"type":"Point","coordinates":[1417430,5211581]},"properties":{"OBJECTID":577895,"name":"Hunters Hut","place":"Harihari area","region":"West Coast","bookable":"No","facilities":"Heating, Mattresses, Toilets - non-flush, Water from tap - not treated, boil before use, Water supply","hasAlerts":"Refer to DOC website for current alerts","introductionThumbnail":"https://www.doc.govt.nz/thumbs/large/link/6e4d192b8fcf4a2494270ba5c8add6b4.aspx","staticLink":"https://www.doc.govt.nz/link/dedecd874c5045858d8f8390987b88e2.aspx","locationString":"Harihari area","x":1417430,"y":5211581,"assetId":100075073,"dateLoadedToGIS":"Tue, 05 Aug 2025 08:40:27 GMT","GlobalID":"ca8f641b-4c91-4e5e-aaa8-72fa07d0b1b2"}},{"type":"Feature","id":577896,"geometry":{"type":"Point","coordinates":[1810208,5483052]},"properties":{"OBJECTID":577896,"name":"Cow Creek Hut","place":"Tararua Forest Park","region":"Wairarapa","bookable":"No","facilities":"Heating, Mattresses, Toilets - non-flush, Water from stream, Water supply","hasAlerts":"Refer to DOC website for current alerts","introductionThumbnail":"https://www.doc.govt.nz/thumbs/large/link/51379cd279a8408ba4fccb4f067f4d0c.aspx","staticLink":"https://www.doc.govt.nz/link/854ab657e56645fda85cb17556d523c9.aspx","locationString":"Tararua Forest Park","x":1810208,"y":5483052,"assetId":100063239,"dateLoadedToGIS":"Tue, 05 Aug 2025 08:40:27 GMT","GlobalID":"3359a2b4-5ea8-4c12-bc72-a23a9a2f08dd"}},{"type":"Feature","id":577897,"geometry":{"type":"Point","coordinates":[1802179,5481767]},"properties":{"OBJECTID":577897,"name":"Carkeek Hut","place":"Tararua Forest Park","region":"Wairarapa","bookable":"No","facilities":"Heating, Mattresses, Toilets - non-flush, Water from tap - not treated, boil before use, Water supply","hasAlerts":"Refer to DOC website for current alerts","introductionThumbnail":"https://www.doc.govt.nz/thumbs/large/link/2b6140eae06245b08b0ae31f4373265b.jpg","staticLink":"https://www.doc.govt.nz/link/3bb248d9f8404e7db743e3d48ed18bb1.aspx","locationString":"Tararua Forest Park","x":1802179,"y":5481767,"assetId":100063238,"dateLoadedToGIS":"Tue, 05 Aug 2025 08:40:28 GMT","GlobalID":"957ace1e-42f6-4426-b126-0411657ba999"}},{"type":"Feature","id":577898,"geometry":{"type":"Point","coordinates":[1459360,5182688]},"properties":{"OBJECTID":577898,"name":"Double Hut","place":"Hakatere Conservation Park","region":"Canterbury","bookable":"No","facilities":"Heating, Mattresses, Toilets - non-flush, Water from stream, Water supply","hasAlerts":"Refer to DOC website for current alerts","introductionThumbnail":"https://www.doc.govt.nz/thumbs/large/link/ac7d3b3e06a845469988c157ee18dd80.jpg","staticLink":"https://www.doc.govt.nz/link/8f9b36848ae5410e93845b7bd6cfe2b0.aspx","locationString":"Hakatere Conservation Park","x":1459360,"y":5182688,"assetId":100030128,"dateLoadedToGIS":"Tue, 05 Aug 2025 08:40:28 GMT","GlobalID":"40bdf375-0ad9-4156-a862-98af3a883895"}},{"type":"Feature","id":577899,"geometry":{"type":"Point","coordinates":[1668256,5381230]},"properties":{"OBJECTID":577899,"name":"Black Birch Bivvy","place":"Ferny Gair Conservation Area","region":"Marlborough","bookable":"No","facilities":"Mattresses, Toilets - non-flush, Water from tap - not treated, boil before use, Water supply","hasAlerts":"Refer to DOC website for current alerts","introductionThumbnail":"https://www.doc.govt.nz/thumbs/large/link/eec69a32d539459bac9ce9059f8ee1e8.aspx","staticLink":"https://www.doc.govt.nz/link/cd10634e687f4acca6b9348396424e82.aspx","locationString":"Ferny Gair Conservation Area","x":1668256,"y":5381230,"assetId":100035098,"dateLoadedToGIS":"Tue, 05 Aug 2025 08:40:28 GMT","GlobalID":"b659cbe3-f311-4f2c-8c54-b9ab0a15f84a"}},{"type":"Feature","id":577900,"geometry":{"type":"Point","coordinates":[1560105,5455630]},"properties":{"OBJECTID":577900,"name":"Fenella Hut","place":"Cobb Valley","region":"Nelson/Tasman","bookable":"No","facilities":"Cooking, Heating, Mattresses, Toilets - non-flush, Water from tap - not treated, boil before use, Water supply","hasAlerts":"Refer to DOC website for current alerts","introductionThumbnail":"https://www.doc.govt.nz/thumbs/large/link/f111fa0b64534bd795479e68ed352f9e.jpg","staticLink":"https://www.doc.govt.nz/link/b913f6fcb6904bc298847fe87da50989.aspx","locationString":"Cobb Valley","x":1560105,"y":5455630,"assetId":100064112,"dateLoadedToGIS":"Tue, 05 Aug 2025 08:40:28 GMT","GlobalID":"65d1920f-4b8d-4310-89ee-0f4f3d8e5ab3"}},{"type":"Feature","id":577901,"geometry":{"type":"Point","coordinates":[1229571,4963455]},"properties":{"OBJECTID":577901,"name":"Ashton Hut","place":"Eyre Mountains/Taka Rā Haka Conservation Park","region":"Southland","bookable":"No","facilities":"Heating, Mattresses, Toilets - non-flush, Water from stream, Water supply","hasAlerts":"Refer to DOC website for current alerts","introductionThumbnail":"https://www.doc.govt.nz/thumbs/large/link/5efebe38f33b44c89c52722bbafd2358.jpg","staticLink":"https://www.doc.govt.nz/link/2bbc9a149738425583a5f944dbcafd6d.aspx","locationString":"Eyre Mountains/Taka Rā Haka Conservation Park","x":1229571,"y":4963455,"assetId":100031290,"dateLoadedToGIS":"Tue, 05 Aug 2025 08:40:28 GMT","GlobalID":"c1876cbc-3ddd-44a9-8f6e-e9884e3c606b"}},{"type":"Feature","id":577902,"geometry":{"type":"Point","coordinates":[1451406,5244436]},"properties":{"OBJECTID":577902,"name":"Pinnacle Bivvy","place":"Kokatahi River - Whitcombe River area","region":"West Coast","bookable":"No","facilities":"Toilets - non-flush, Water from stream, Water supply","hasAlerts":"Refer to DOC website for current alerts","introductionThumbnail":"https://www.doc.govt.nz/thumbs/large/link/2fd06df244a04a3e931eee4b39a9e86f.jpg","staticLink":"https://www.doc.govt.nz/link/bd09da4d65c14948a85aea81aa5170e1.aspx","locationString":"Kokatahi River - Whitcombe River area","x":1451406,"y":5244436,"assetId":100054510,"dateLoadedToGIS":"Tue, 05 Aug 2025 08:40:29 GMT","GlobalID":"2ae2f1d2-cc7b-487e-8460-3f31b03e4699"}},{"type":"Feature","id":577903,"geometry":{"type":"Point","coordinates":[1894574,5658562]},"properties":{"OBJECTID":577903,"name":"Te Puia Hut (Lodge)","place":"Kaweka Forest Park","region":"Hawke’s Bay","bookable":"No","facilities":"Heating, Mattresses, Toilets - non-flush, Water from tap - not treated, boil before use, Water supply","hasAlerts":"Refer to DOC website for current alerts","introductionThumbnail":"https://www.doc.govt.nz/thumbs/large/link/b39d9b1787c847049d8474d6ac3bc02a.jpg","staticLink":"https://www.doc.govt.nz/link/e3c17539b00a410b84bbfb699b8c09dd.aspx","locationString":"Kaweka Forest Park","x":1894574,"y":5658562,"assetId":100073237,"dateLoadedToGIS":"Tue, 05 Aug 2025 08:40:29 GMT","GlobalID":"5b2bb65b-c6d2-46e4-9a46-60ea2788bda6"}},{"type":"Feature","id":577904,"geometry":{"type":"Point","coordinates":[1557738.6012,5415920.7034]},"properties":{"OBJECTID":577904,"name":"Kiwi Saddle Hut","place":"Kahurangi National Park","region":"Nelson/Tasman","bookable":"No","facilities":"Heating, Mattresses, Toilets - non-flush, Water from tap - not treated, boil before use, Water supply","hasAlerts":"Refer to DOC website for current alerts","introductionThumbnail":"https://www.doc.govt.nz/thumbs/large/link/6271a5c60ad04e6f8417146ed5cfadb5.aspx","staticLink":"https://www.doc.govt.nz/link/dd43fa5428174e34b4557a509669df9f.aspx","locationString":"Kahurangi National Park","x":1557739,"y":5415921,"assetId":100060119,"dateLoadedToGIS":"Tue, 05 Aug 2025 08:40:29 GMT","GlobalID":"c1305f8e-b1aa-4fbe-9dbc-a36939467e23"}},{"type":"Feature","id":577905,"geometry":{"type":"Point","coordinates":[1621135,5312863]},"properties":{"OBJECTID":577905,"name":"Palmer Bivvy","place":"Ka Whata Tu o Rakihouia Clarence","region":"Marlborough","bookable":"No","facilities":"Mattresses, Toilets - non-flush, Water from stream, Water supply","hasAlerts":"Refer to DOC website for current alerts","introductionThumbnail":"https://www.doc.govt.nz/thumbs/large/link/25be097a16e7451ab529c8d830e112e4.jpg","staticLink":"https://www.doc.govt.nz/link/0c035445595b4c3fb36d972660b65b8d.aspx","locationString":"Ka Whata Tu o Rakihouia Clarence","x":1621135,"y":5312863,"assetId":100064246,"dateLoadedToGIS":"Tue, 05 Aug 2025 08:40:29 GMT","GlobalID":"1ab44d34-e25e-43b1-b22e-c6f723a90f59"}},{"type":"Feature","id":577906,"geometry":{"type":"Point","coordinates":[1640899,5411606]},"properties":{"OBJECTID":577906,"name":"Fishtail Hut","place":"Mount Richmond Forest Park","region":"Marlborough","bookable":"No","facilities":"Mattresses, Toilets - non-flush, Water from tap - not treated, boil before use, Water supply","hasAlerts":"Refer to DOC website for current alerts","introductionThumbnail":"https://www.doc.govt.nz/thumbs/large/link/b1369f1b352f44b682cda3d36a621d24.aspx","staticLink":"https://www.doc.govt.nz/link/20274c29909a4b3292dad0147166ef14.aspx","locationString":"Mount Richmond Forest Park","x":1640899,"y":5411606,"assetId":100064235,"dateLoadedToGIS":"Tue, 05 Aug 2025 08:40:29 GMT","GlobalID":"ae86926d-3e26-4fe3-a617-86cfecb9f228"}},{"type":"Feature","id":577907,"geometry":{"type":"Point","coordinates":[1849454.3818,5555991.2086]},"properties":{"OBJECTID":577907,"name":"Te Ekaou Hut","place":"Ruahine Forest Park","region":"Manawatu/Whanganui","bookable":"No","facilities":"Heating, Mattresses, Toilets - non-flush, Water from tap - not treated, boil before use, Water supply","hasAlerts":"Refer to DOC website for current alerts","introductionThumbnail":"https://www.doc.govt.nz/thumbs/large/link/8f4a430e95084cdc80a788bf7902197a.aspx","staticLink":"https://www.doc.govt.nz/link/e7680824eae04f32857b39356c1ad943.aspx","locationString":"Ruahine Forest Park","x":1849454,"y":5555991,"assetId":100072304,"dateLoadedToGIS":"Tue, 05 Aug 2025 08:40:30 GMT","GlobalID":"a506e12d-46fd-4474-8e69-068aec5cf43b"}},{"type":"Feature","id":577908,"geometry":{"type":"Point","coordinates":[1882974,5656681]},"properties":{"OBJECTID":577908,"name":"Te Pukeohikarua (Te Puke) Hut","place":"Kaweka Forest Park","region":"Hawke’s Bay","bookable":"No","facilities":"Heating, Mattresses, Toilets - non-flush, Water from stream, Water supply","hasAlerts":"Refer to DOC website for current alerts","introductionThumbnail":"https://www.doc.govt.nz/thumbs/large/link/9e24638d0cb641e3993747e09ad351da.aspx","staticLink":"https://www.doc.govt.nz/link/7b3905c6ae5f4c2cb73fa6ef046ec26e.aspx","locationString":"Kaweka Forest Park","x":1882974,"y":5656681,"assetId":100033714,"dateLoadedToGIS":"Tue, 05 Aug 2025 08:40:30 GMT","GlobalID":"8bc6f5eb-5b79-4fe3-83d7-c6302c9a73b8"}},{"type":"Feature","id":577909,"geometry":{"type":"Point","coordinates":[1315229,5107604]},"properties":{"OBJECTID":577909,"name":"Makarora Hut","place":"Makarora area","region":"Otago","bookable":"No","facilities":"Heating, Mattresses, Toilets - non-flush, Water from stream, Water supply","hasAlerts":"Refer to DOC website for current alerts","introductionThumbnail":"https://www.doc.govt.nz/thumbs/large/link/ce9be6836db1424a9cdb8763598ea5ba.jpg","staticLink":"https://www.doc.govt.nz/link/93f929bafbca4409b20a7cdb3eabaf2a.aspx","locationString":"Makarora area","x":1315229,"y":5107604,"assetId":100059246,"dateLoadedToGIS":"Tue, 05 Aug 2025 08:40:30 GMT","GlobalID":"e7bd5527-5c0f-4029-9450-32c6766a7ced"}},{"type":"Feature","id":577910,"geometry":{"type":"Point","coordinates":[1974944,5746028]},"properties":{"OBJECTID":577910,"name":"Nikau Flat Hut","place":"Ōpōtiki area","region":"East Coast","bookable":"No","facilities":"Heating, Mattresses, Toilets - non-flush, Water from tap - not treated, boil before use, Water supply","hasAlerts":"Refer to DOC website for current alerts","introductionThumbnail":"https://www.doc.govt.nz/thumbs/large/link/8273db401a0441e6a30a338907199fb9.jpg","staticLink":"https://www.doc.govt.nz/link/7588c1995a014bb9bd271c925a2fcffe.aspx","locationString":"Ōpōtiki area","x":1974944,"y":5746028,"assetId":100054961,"dateLoadedToGIS":"Tue, 05 Aug 2025 08:40:30 GMT","GlobalID":"fb5e3b48-4bb1-4ac0-801a-68e29d3e0327"}}]}